true_prognosis,predicted_prognosis,absolute_error
0.95,0.914,0.035937488
0.95,0.853,0.096972644
0.95,0.876,0.074023426
0.95,0.8447,0.105273426
0.95,0.7573,0.19267577
0.95,0.7847,0.16533202
0.95,0.9067,0.043261707
0.95,0.8486,0.101367176
0.95,0.905,0.04521483
0.95,0.8496,0.10039061
0.95,0.781,0.16923827
0.95,0.8315,0.11845702
0.95,0.7783,0.17167968
0.95,0.8604,0.089648426
0.95,0.8125,0.13749999
0.95,0.8203,0.12968749
0.95,0.854,0.09599608
0.95,0.9087,0.04130858
0.95,0.8394,0.11064452
0.95,0.838,0.11210936
0.95,0.8247,0.12529296
0.95,0.8306,0.11943358
0.95,0.795,0.15507811
0.95,0.8506,0.09941405
0.95,0.8525,0.097460926
0.95,0.8325,0.11748046
0.95,0.8296,0.120410144
0.95,0.835,0.11503905
0.95,0.8296,0.120410144
0.95,0.8115,0.13847655
0.95,0.8047,0.14531249
0.95,0.6973,0.25273436
0.95,0.8037,0.14628905
0.95,0.832,0.11796874
0.95,0.826,0.12382811
0.95,0.869,0.08085936
0.95,0.7915,0.15849608
0.95,0.7856,0.16435546
0.95,0.797,0.15312499
0.95,0.836,0.11406249
0.95,0.8364,0.11357421
0.95,0.8174,0.13261718
0.95,0.7456,0.20439452
0.95,0.7886,0.16142577
0.95,0.7607,0.1892578
0.95,0.792,0.1580078
0.95,0.8657,0.08427733
0.95,0.885,0.06523436
0.95,0.843,0.10722655
0.95,0.7812,0.16874999
0.95,0.9014,0.0486328
0.95,0.8403,0.10966796
0.95,0.8506,0.09941405
0.95,0.759,0.19121093
0.95,0.812,0.13798827
0.95,0.8525,0.097460926
0.95,0.73,0.22001952
0.95,0.665,0.28496093
0.95,0.8433,0.10673827
0.95,0.8203,0.12968749
0.95,0.8584,0.09160155
0.95,0.8457,0.10429686
0.95,0.844,0.10576171
0.95,0.827,0.12285155
0.95,0.8047,0.14531249
0.95,0.855,0.09501952
0.8950065,0.7915,0.10350257
0.95,0.771,0.1790039
0.95,0.7915,0.15849608
0.95,0.7954,0.15458983
0.95,0.9004,0.049609363
0.95,0.869,0.08085936
0.95,0.8345,0.11552733
0.95,0.8994,0.050585926
0.95,0.804,0.14580077
0.95,0.908,0.041796863
0.95,0.831,0.1189453
0.95,0.838,0.11210936
0.95,0.8696,0.08037108
0.95,0.8374,0.112597644
0.95,0.7974,0.1526367
0.95,0.8525,0.097460926
0.95,0.833,0.116992176
0.95,0.855,0.09501952
0.067946166,0.71,0.64201474
0.093529336,0.708,0.61447847
0.19030158,0.738,0.5474914
0.95,0.8496,0.10039061
0.95,0.8735,0.07646483
0.95,0.824,0.12578124
0.95,0.828,0.12187499
0.95,0.846,0.10380858
0.95,0.844,0.10576171
0.95,0.895,0.054980457
0.95,0.8926,0.057421863
0.95,0.8047,0.14531249
0.95,0.825,0.124804676
0.95,0.7715,0.17851561
0.95,0.78,0.17021483
0.95,0.781,0.16923827
0.95,0.789,0.16093749
0.95,0.8105,0.13945311
0.95,0.8643,0.085742176
0.95,0.8735,0.07646483
0.95,0.7793,0.17070311
0.95,0.8457,0.10429686
0.95,0.8247,0.12529296
0.95,0.793,0.15703124
0.95,0.895,0.054980457
0.95,0.809,0.14091796
0.95,0.8135,0.13652343
0.95,0.803,0.14677733
0.95,0.8584,0.09160155
0.95,0.817,0.13310546
0.95,0.841,0.109179676
0.95,0.8086,0.14140624
0.95,0.8438,0.10624999
0.95,0.81,0.1399414
0.95,0.726,0.22392577
0.95,0.778,0.17216796
0.95,0.927,0.023242176
0.95,0.9375,0.012499988
0.95,0.8394,0.11064452
0.95,0.904,0.046191394
0.95,0.872,0.077929676
0.95,0.8745,0.07548827
0.95,0.8936,0.0564453
0.95,0.8477,0.10234374
0.95,0.8564,0.093554676
0.95,0.871,0.07890624
0.95,0.7144,0.23564452
0.95,0.938,0.012011707
0.95,0.8447,0.105273426
0.95,0.796,0.15410155
0.95,0.8154,0.1345703
0.95,0.8823,0.06767577
0.95,0.972,0.02216798
0.95,0.8506,0.09941405
0.95,0.81,0.1399414
0.95,0.8203,0.12968749
0.95,0.8145,0.13554686
0.95,0.8125,0.13749999
0.95,0.8154,0.1345703
0.95,0.841,0.109179676
0.95,0.8076,0.1423828
0.95,0.843,0.10722655
0.95,0.848,0.10185546
0.95,0.8433,0.10673827
0.95,0.8335,0.116503894
0.95,0.848,0.10185546
0.95,0.827,0.12285155
0.95,0.845,0.104785144
0.95,0.8276,0.12236327
0.95,0.788,0.16191405
0.95,0.734,0.21611327
0.9241325,0.5327,0.39141768
0.95,0.8896,0.06035155
0.95,0.8384,0.11162108
0.95,0.813,0.1370117
0.95,0.824,0.12578124
0.95,0.848,0.10185546
0.95,0.8794,0.07060546
0.95,0.8564,0.093554676
0.95,0.83,0.11992186
0.95,0.7397,0.2102539
0.95,0.794,0.15605468
0.95,0.8315,0.11845702
0.95,0.8574,0.09257811
0.95,0.82,0.13017577
0.95,0.8574,0.09257811
0.95,0.8643,0.085742176
0.95,0.853,0.096972644
0.95,0.848,0.10185546
0.95,0.8936,0.0564453
0.95,0.8296,0.120410144
0.95,0.747,0.20292968
0.95,0.8174,0.13261718
0.95,0.886,0.06376952
0.95,0.779,0.1711914
0.95,0.875,0.07499999
0.95,0.8535,0.09648436
0.95,0.846,0.10380858
0.95,0.837,0.113085926
0.95,0.8936,0.0564453
0.95,0.854,0.09599608
0.95,0.814,0.13603514
0.95,0.7036,0.2463867
0.95,0.8555,0.09453124
0.95,0.8335,0.116503894
0.95,0.791,0.15898436
0.95,0.8877,0.062304676
0.95,0.9683,0.01826173
0.95,0.866,0.08378905
0.95,0.9062,0.043749988
0.95,0.806,0.14384764
0.95,0.783,0.16679686
0.95,0.738,0.21220702
0.95,0.8975,0.05253905
0.95,0.7334,0.21660155
0.95,0.838,0.11210936
0.95,0.8564,0.093554676
0.95,0.8135,0.13652343
0.95,0.801,0.14921874
0.95,0.8433,0.10673827
0.95,0.832,0.11796874
0.95,0.823,0.1267578
0.95,0.831,0.1189453
0.95,0.7007,0.2493164
0.95,0.8403,0.10966796
0.95,0.828,0.12187499
0.95,0.794,0.15605468
0.95,0.8174,0.13261718
0.95,0.8374,0.112597644
0.95,0.8027,0.14726561
0.95,0.8306,0.11943358
0.95,0.595,0.35478514
0.95,0.773,0.17705077
0.95,0.829,0.120898426
0.95,0.882,0.06816405
0.95,0.8237,0.12626952
0.95,0.8257,0.124316394
0.95,0.839,0.1111328
0.95,0.7915,0.15849608
0.95,0.835,0.11503905
0.95,0.795,0.15507811
0.95,0.8164,0.13359374
0.95,0.7856,0.16435546
0.95,0.7236,0.22636718
0.95,0.832,0.11796874
0.95,0.8657,0.08427733
0.95,0.8525,0.097460926
0.95,0.8276,0.12236327
0.95,0.855,0.09501952
0.95,0.81,0.1399414
0.95,0.873,0.07695311
0.95,0.8345,0.11552733
0.95,0.824,0.12578124
0.95,0.828,0.12187499
0.95,0.774,0.1760742
0.95,0.8594,0.09062499
0.95,0.883,0.06718749
0.95,0.82,0.13017577
0.95,0.5127,0.43730468
0.95,0.85,0.09990233
0.95,0.854,0.09599608
0.95,0.7793,0.17070311
0.95,0.7793,0.17070311
0.95,0.8247,0.12529296
0.95,0.7886,0.16142577
0.95,0.7607,0.1892578
0.95,0.8564,0.093554676
0.95,0.837,0.113085926
0.95,0.837,0.113085926
0.95,0.7153,0.23466796
0.95,0.7153,0.23466796
0.95,0.7935,0.15654296
0.95,0.7593,0.19072264
0.95,0.7593,0.19072264
0.95,0.804,0.14580077
0.95,0.804,0.14580077
0.95,0.6943,0.25566405
0.95,0.6943,0.25566405
0.95,0.7656,0.18437499
0.95,0.7656,0.18437499
0.95,0.766,0.1838867
0.95,0.766,0.1838867
0.95,0.7935,0.15654296
0.95,0.7573,0.19267577
0.95,0.7573,0.19267577
0.95,0.7495,0.20048827
0.95,0.7495,0.20048827
0.95,0.788,0.16191405
0.95,0.788,0.16191405
0.95,0.7466,0.20341796
0.95,0.7466,0.20341796
0.95,0.7246,0.22539061
0.95,0.7246,0.22539061
0.95,0.8433,0.10673827
0.95,0.7256,0.22441405
0.95,0.7256,0.22441405
0.95,0.724,0.2258789
0.95,0.724,0.2258789
0.95,0.5854,0.36455077
0.95,0.5854,0.36455077
0.95,0.747,0.20292968
0.95,0.747,0.20292968
0.95,0.777,0.17314452
0.95,0.777,0.17314452
0.95,0.8433,0.10673827
0.95,0.7773,0.17265624
0.95,0.7773,0.17265624
0.95,0.847,0.10283202
0.95,0.847,0.10283202
0.95,0.7925,0.15751952
0.95,0.7925,0.15751952
0.95,0.7197,0.23027343
0.95,0.7197,0.23027343
0.95,0.684,0.26591796
0.95,0.684,0.26591796
0.95,0.7627,0.18730468
0.95,0.7524,0.19755858
0.95,0.7524,0.19755858
0.95,0.7046,0.24541014
0.95,0.7046,0.24541014
0.95,0.7725,0.17753905
0.95,0.7725,0.17753905
0.95,0.824,0.12578124
0.95,0.824,0.12578124
0.95,0.7627,0.18730468
0.95,0.7627,0.18730468
0.95,0.7627,0.18730468
0.95,0.82,0.13017577
0.95,0.82,0.13017577
0.95,0.8843,0.065722644
0.95,0.8843,0.065722644
0.95,0.838,0.11210936
0.95,0.838,0.11210936
0.95,0.8115,0.13847655
0.95,0.8115,0.13847655
0.95,0.788,0.16191405
0.95,0.788,0.16191405
0.95,0.8164,0.13359374
0.95,0.755,0.19511718
0.95,0.755,0.19511718
0.95,0.8164,0.13359374
0.95,0.794,0.15605468
0.95,0.85,0.09990233
0.95,0.794,0.15605468
0.95,0.7754,0.17460936
0.95,0.7754,0.17460936
0.95,0.809,0.14091796
0.95,0.809,0.14091796
0.95,0.8696,0.08037108
0.95,0.8696,0.08037108
0.95,0.7476,0.2024414
0.95,0.764,0.18583983
0.95,0.731,0.21904296
0.95,0.688,0.2620117
0.95,0.731,0.21904296
0.95,0.7197,0.23027343
0.95,0.7197,0.23027343
0.95,0.8447,0.105273426
0.95,0.8447,0.105273426
0.95,0.7417,0.20830077
0.95,0.7417,0.20830077
0.95,0.7915,0.15849608
0.95,0.7915,0.15849608
0.95,0.789,0.16093749
0.95,0.688,0.2620117
0.95,0.789,0.16093749
0.95,0.8843,0.065722644
0.95,0.8843,0.065722644
0.95,0.7905,0.15947264
0.95,0.7905,0.15947264
0.95,0.826,0.12382811
0.95,0.826,0.12382811
0.95,0.7695,0.18046874
0.95,0.7695,0.18046874
0.95,0.7925,0.15751952
0.95,0.8696,0.08037108
0.95,0.7925,0.15751952
0.95,0.862,0.08818358
0.95,0.862,0.08818358
0.95,0.809,0.14091796
0.95,0.809,0.14091796
0.95,0.7583,0.1916992
0.95,0.7583,0.1916992
0.95,0.872,0.077929676
0.95,0.872,0.077929676
0.95,0.839,0.1111328
0.95,0.8696,0.08037108
0.95,0.839,0.1111328
0.95,0.8096,0.14042968
0.95,0.8096,0.14042968
0.95,0.7695,0.18046874
0.95,0.7695,0.18046874
0.95,0.8154,0.1345703
0.95,0.8154,0.1345703
0.95,0.8,0.1501953
0.95,0.8,0.1501953
0.95,0.774,0.1760742
0.95,0.8623,0.0876953
0.95,0.774,0.1760742
0.95,0.857,0.093066394
0.95,0.857,0.093066394
0.95,0.7983,0.15166014
0.95,0.7983,0.15166014
0.95,0.815,0.13505858
0.95,0.815,0.13505858
0.95,0.8594,0.09062499
0.95,0.8594,0.09062499
0.95,0.8203,0.12968749
0.95,0.8623,0.0876953
0.95,0.8203,0.12968749
0.95,0.8105,0.13945311
0.95,0.8105,0.13945311
0.95,0.769,0.18095702
0.95,0.769,0.18095702
0.95,0.7407,0.20927733
0.95,0.7856,0.16435546
0.95,0.763,0.1868164
0.95,0.866,0.08378905
0.95,0.7495,0.20048827
0.95,0.854,0.09599608
0.95,0.8755,0.07451171
0.95,0.8755,0.07451171
0.95,0.851,0.09892577
0.95,0.851,0.09892577
0.95,0.8984,0.051562488
0.95,0.8984,0.051562488
0.95,0.793,0.15703124
0.95,0.7896,0.1604492
0.95,0.8237,0.12626952
0.95,0.8237,0.12626952
0.95,0.812,0.13798827
0.95,0.8354,0.11455077
0.95,0.8887,0.061328113
0.95,0.8423,0.10771483
0.95,0.789,0.16093749
0.95,0.781,0.16923827
0.95,0.794,0.15605468
0.95,0.748,0.20195311
0.95,0.841,0.109179676
0.95,0.803,0.14677733
0.95,0.7983,0.15166014
0.95,0.843,0.10722655
0.95,0.8125,0.13749999
0.95,0.8213,0.12871093
0.95,0.78,0.17021483
0.95,0.8926,0.057421863
0.95,0.834,0.11601561
0.95,0.8896,0.06035155
0.95,0.8247,0.12529296
0.95,0.8623,0.0876953
0.95,0.8164,0.13359374
0.95,0.835,0.11503905
0.95,0.8115,0.13847655
0.95,0.8438,0.10624999
0.95,0.8345,0.11552733
0.95,0.733,0.21708983
0.95,0.773,0.17705077
0.95,0.8022,0.1477539
0.95,0.821,0.1291992
0.95,0.837,0.113085926
0.95,0.8325,0.11748046
0.95,0.869,0.08085936
0.95,0.806,0.14384764
0.95,0.749,0.20097655
0.95,0.7954,0.15458983
0.95,0.826,0.12382811
0.95,0.806,0.14384764
0.95,0.7637,0.18632811
0.95,0.7905,0.15947264
0.95,0.8125,0.13749999
0.95,0.8926,0.057421863
0.95,0.858,0.09208983
0.95,0.811,0.13896483
0.95,0.856,0.09404296
0.95,0.8164,0.13359374
0.95,0.821,0.1291992
0.95,0.7817,0.1682617
0.95,0.815,0.13505858
0.95,0.8257,0.124316394
0.95,0.796,0.15410155
0.95,0.8184,0.13164061
0.95,0.8057,0.14433593
0.95,0.8613,0.08867186
0.95,0.759,0.19121093
0.95,0.795,0.15507811
0.95,0.7866,0.1633789
0.95,0.8306,0.11943358
0.95,0.8486,0.101367176
0.95,0.8315,0.11845702
0.95,0.794,0.15605468
0.95,0.8467,0.1033203
0.95,0.803,0.14677733
0.95,0.8076,0.1423828
0.95,0.803,0.14677733
0.95,0.827,0.12285155
0.95,0.793,0.15703124
0.95,0.8735,0.07646483
0.95,0.9106,0.039355457
0.95,0.843,0.10722655
0.95,0.8135,0.13652343
0.95,0.765,0.18486327
0.95,0.806,0.14384764
0.95,0.7993,0.15068358
0.95,0.867,0.08281249
0.95,0.8394,0.11064452
0.95,0.824,0.12578124
0.95,0.8296,0.120410144
0.95,0.8184,0.13164061
0.95,0.8306,0.11943358
0.95,0.7725,0.17753905
0.95,0.7817,0.1682617
0.95,0.7715,0.17851561
0.95,0.771,0.1790039
0.95,0.827,0.12285155
0.95,0.8516,0.09843749
0.95,0.86,0.09013671
0.95,0.7573,0.19267577
0.95,0.8286,0.12138671
0.95,0.822,0.12822264
0.95,0.8403,0.10966796
0.95,0.814,0.13603514
0.95,0.797,0.15312499
0.95,0.832,0.11796874
0.95,0.783,0.16679686
0.95,0.7886,0.16142577
0.95,0.811,0.13896483
0.95,0.8184,0.13164061
0.95,0.7974,0.1526367
0.95,0.815,0.13505858
0.95,0.7446,0.20537108
0.95,0.8374,0.112597644
0.95,0.7803,0.16972655
0.95,0.7954,0.15458983
0.95,0.798,0.15214843
0.5009935,0.715,0.21385026
0.52383757,0.7046,0.18075228
0.7451509,0.7583,0.0131498575
0.95,0.826,0.12382811
0.95,0.7993,0.15068358
0.95,0.818,0.1321289
0.95,0.8765,0.073535144
0.95,0.7554,0.1946289
0.95,0.8213,0.12871093
0.95,0.798,0.15214843
0.95,0.862,0.08818358
0.95,0.8403,0.10966796
0.95,0.8804,0.069628894
0.95,0.8154,0.1345703
0.95,0.828,0.12187499
0.95,0.824,0.12578124
0.95,0.8345,0.11552733
0.95,0.82,0.13017577
0.95,0.802,0.14824218
0.95,0.896,0.054003894
0.95,0.8423,0.10771483
0.95,0.86,0.09013671
0.95,0.813,0.1370117
0.95,0.803,0.14677733
0.95,0.848,0.10185546
0.95,0.781,0.16923827
0.95,0.8457,0.10429686
0.95,0.823,0.1267578
0.95,0.818,0.1321289
0.95,0.81,0.1399414
0.95,0.8257,0.124316394
0.95,0.868,0.081835926
0.95,0.8438,0.10624999
0.95,0.7974,0.1526367
0.95,0.83,0.11992186
0.95,0.773,0.17705077
0.95,0.7715,0.17851561
0.95,0.805,0.1448242
0.95,0.8247,0.12529296
0.95,0.8477,0.10234374
0.95,0.8,0.1501953
0.95,0.843,0.10722655
0.95,0.793,0.15703124
0.95,0.8486,0.101367176
0.95,0.8003,0.14970702
0.95,0.8535,0.09648436
0.95,0.837,0.113085926
0.95,0.824,0.12578124
0.95,0.816,0.13408202
0.95,0.812,0.13798827
0.95,0.799,0.15117186
0.95,0.7886,0.16142577
0.95,0.8267,0.12333983
0.95,0.8076,0.1423828
0.95,0.8535,0.09648436
0.95,0.8457,0.10429686
0.95,0.788,0.16191405
0.95,0.8677,0.08232421
0.95,0.822,0.12822264
0.95,0.7524,0.19755858
0.95,0.8945,0.055468738
0.95,0.8506,0.09941405
0.95,0.8657,0.08427733
0.95,0.8735,0.07646483
0.95,0.8223,0.12773436
0.95,0.823,0.1267578
0.95,0.7646,0.18535155
0.95,0.8477,0.10234374
0.95,0.846,0.10380858
0.95,0.8286,0.12138671
0.95,0.83,0.11992186
0.95,0.862,0.08818358
0.95,0.788,0.16191405
0.95,0.816,0.13408202
0.95,0.837,0.113085926
0.95,0.8984,0.051562488
0.95,0.859,0.09111327
0.95,0.809,0.14091796
0.95,0.771,0.1790039
0.95,0.847,0.10283202
0.95,0.8145,0.13554686
0.95,0.8433,0.10673827
0.95,0.78,0.17021483
0.95,0.888,0.061816394
0.95,0.846,0.10380858
0.95,0.729,0.22099608
0.95,0.757,0.19316405
0.95,0.7856,0.16435546
0.95,0.7466,0.20341796
0.95,0.2908,0.6592285
0.95,0.3218,0.62822264
0.95,0.541,0.40898436
0.95,0.7725,0.17753905
0.95,0.8115,0.13847655
0.95,0.8027,0.14726561
0.95,0.841,0.109179676
0.95,0.8164,0.13359374
0.95,0.7983,0.15166014
0.95,0.806,0.14384764
0.95,0.8433,0.10673827
0.95,0.792,0.1580078
0.95,0.815,0.13505858
0.95,0.8267,0.12333983
0.95,0.855,0.09501952
0.95,0.8047,0.14531249
0.95,0.8325,0.11748046
0.95,0.824,0.12578124
0.95,0.7886,0.16142577
0.95,0.8267,0.12333983
0.95,0.499,0.45097655
0.95,0.8228,0.12724608
0.95,0.8433,0.10673827
0.95,0.8105,0.13945311
0.95,0.6177,0.3323242
0.95,0.613,0.33720702
0.95,0.883,0.06718749
0.95,0.7637,0.18632811
0.95,0.8086,0.14140624
0.95,0.857,0.093066394
0.95,0.744,0.20585936
0.95,0.838,0.11210936
0.95,0.803,0.14677733
0.95,0.8184,0.13164061
0.95,0.791,0.15898436
0.95,0.824,0.12578124
0.95,0.8574,0.09257811
0.95,0.884,0.066210926
0.95,0.906,0.04423827
0.95,0.869,0.08085936
0.95,0.854,0.09599608
0.95,0.829,0.120898426
0.95,0.864,0.08623046
0.95,0.9014,0.0486328
0.95,0.798,0.15214843
0.95,0.853,0.096972644
0.95,0.831,0.1189453
0.95,0.817,0.13310546
0.95,0.8296,0.120410144
0.95,0.8345,0.11552733
0.95,0.8643,0.085742176
0.95,0.8765,0.073535144
0.95,0.835,0.11503905
0.95,0.624,0.32597655
0.95,0.781,0.16923827
0.95,0.789,0.16093749
0.95,0.8667,0.08330077
0.95,0.8496,0.10039061
0.95,0.9023,0.047656238
0.95,0.8184,0.13164061
0.95,0.821,0.1291992
0.95,0.833,0.116992176
0.95,0.8613,0.08867186
0.95,0.8022,0.1477539
0.95,0.7944,0.1555664
0.95,0.6074,0.3425781
0.95,0.8257,0.124316394
0.95,0.79,0.15996093
0.95,0.785,0.16484374
0.95,0.8765,0.073535144
0.95,0.77,0.17998046
0.95,0.819,0.13115233
0.95,0.798,0.15214843
0.95,0.8076,0.1423828
0.95,0.7886,0.16142577
0.95,0.812,0.13798827
0.95,0.8623,0.0876953
0.95,0.857,0.093066394
0.95,0.8384,0.11162108
0.95,0.8706,0.07939452
0.95,0.7417,0.20830077
0.95,0.6035,0.34648436
0.95,0.774,0.1760742
0.95,0.862,0.08818358
0.95,0.823,0.1267578
0.95,0.855,0.09501952
0.95,0.52,0.42998046
0.95,0.679,0.27080077
0.95,0.4985,0.45146483
0.95,0.6304,0.3196289
0.95,0.779,0.1711914
0.95,0.841,0.109179676
0.95,0.8516,0.09843749
0.95,0.812,0.13798827
0.95,0.783,0.16679686
0.95,0.7734,0.17656249
0.95,0.788,0.16191405
0.95,0.763,0.1868164
0.95,0.853,0.096972644
0.95,0.91,0.039843738
0.95,0.8774,0.07255858
0.95,0.807,0.14287108
0.95,0.7803,0.16972655
0.95,0.847,0.10283202
0.95,0.844,0.10576171
0.95,0.8364,0.11357421
0.95,0.8213,0.12871093
0.95,0.8716,0.07841796
0.95,0.8564,0.093554676
0.95,0.827,0.12285155
0.95,0.8135,0.13652343
0.95,0.84,0.11015624
0.95,0.778,0.17216796
0.95,0.8667,0.08330077
0.95,0.7915,0.15849608
0.95,0.7905,0.15947264
0.95,0.839,0.1111328
0.95,0.893,0.05693358
0.95,0.771,0.1790039
0.95,0.8413,0.108691394
0.95,0.815,0.13505858
0.95,0.7827,0.16728514
0.95,0.8193,0.13066405
0.95,0.7944,0.1555664
0.95,0.822,0.12822264
0.95,0.7944,0.1555664
0.95,0.781,0.16923827
0.95,0.817,0.13310546
0.95,0.8154,0.1345703
0.95,0.8237,0.12626952
0.95,0.816,0.13408202
0.95,0.7783,0.17167968
0.95,0.805,0.1448242
0.95,0.806,0.14384764
0.95,0.8193,0.13066405
0.95,0.82,0.13017577
0.95,0.833,0.116992176
0.95,0.8413,0.108691394
0.95,0.818,0.1321289
0.95,0.864,0.08623046
0.95,0.8223,0.12773436
0.95,0.817,0.13310546
0.95,0.83,0.11992186
0.95,0.805,0.1448242
0.95,0.7803,0.16972655
0.95,0.847,0.10283202
0.95,0.8228,0.12724608
0.95,0.8643,0.085742176
0.95,0.837,0.113085926
0.63573885,0.8184,0.18262053
0.95,0.803,0.14677733
0.95,0.796,0.15410155
0.95,0.8057,0.14433593
0.95,0.7974,0.1526367
0.95,0.813,0.1370117
0.95,0.8325,0.11748046
0.95,0.7886,0.16142577
0.95,0.817,0.13310546
0.95,0.8066,0.14335936
0.95,0.9224,0.027636707
0.95,0.8047,0.14531249
0.95,0.822,0.12822264
0.95,0.76,0.19023436
0.95,0.8013,0.14873046
0.95,0.892,0.057910144
0.95,0.7837,0.16630858
0.95,0.8774,0.07255858
0.95,0.848,0.10185546
0.95,0.847,0.10283202
0.95,0.8843,0.065722644
0.95,0.8726,0.077441394
0.95,0.9185,0.031542957
0.95,0.8438,0.10624999
0.95,0.8677,0.08232421
0.95,0.8906,0.059374988
0.95,0.86,0.09013671
0.95,0.8525,0.097460926
0.95,0.7764,0.1736328
0.95,0.743,0.20683593
0.95,0.9023,0.047656238
0.95,0.915,0.034960926
0.95,0.686,0.26396483
0.95,0.865,0.08476561
0.95,0.8647,0.085253894
0.95,0.664,0.2859375
0.95,0.9766,0.026562512
0.95,0.797,0.15312499
0.95,0.85,0.09990233
0.95,0.8135,0.13652343
0.95,0.8613,0.08867186
0.95,0.9478,0.0022460818
0.95,0.7725,0.17753905
0.95,0.8164,0.13359374
0.95,0.8203,0.12968749
0.95,0.8384,0.11162108
0.95,0.8247,0.12529296
0.95,0.918,0.032031238
0.95,0.877,0.07304686
0.95,0.828,0.12187499
0.95,0.8447,0.105273426
0.95,0.9126,0.03740233
0.95,0.8887,0.061328113
0.95,0.1896,0.7604248
0.95,0.9478,0.0022460818
0.95,0.792,0.1580078
0.95,0.787,0.16289061
0.95,0.7607,0.1892578
0.95,0.839,0.1111328
0.95,0.943,0.0071288943
0.95,0.8354,0.11455077
0.95,0.8076,0.1423828
0.95,0.803,0.14677733
0.95,0.821,0.1291992
0.95,0.825,0.124804676
0.95,0.827,0.12285155
0.95,0.8193,0.13066405
0.95,0.85,0.09990233
0.95,0.809,0.14091796
0.95,0.77,0.17998046
0.95,0.8613,0.08867186
0.95,0.7554,0.1946289
0.95,0.8174,0.13261718
0.95,0.876,0.074023426
0.95,0.817,0.13310546
0.95,0.8887,0.061328113
0.95,0.722,0.22783202
0.95,0.8525,0.097460926
0.95,0.891,0.058886707
0.95,0.781,0.16923827
0.95,0.7925,0.15751952
0.95,0.8706,0.07939452
0.95,0.8457,0.10429686
0.95,0.773,0.17705077
0.95,0.8774,0.07255858
0.95,0.1078,0.8422119
0.95,0.1005,0.8494751
0.95,0.8096,0.14042968
0.95,0.8184,0.13164061
0.95,0.7993,0.15068358
0.95,0.8237,0.12626952
0.95,0.8237,0.12626952
0.95,0.844,0.10576171
0.95,0.844,0.10576171
0.95,0.7983,0.15166014
0.95,0.7983,0.15166014
0.95,0.803,0.14677733
0.95,0.803,0.14677733
0.95,0.86,0.09013671
0.95,0.8184,0.13164061
0.95,0.86,0.09013671
0.95,0.864,0.08623046
0.95,0.864,0.08623046
0.95,0.8257,0.124316394
0.95,0.8257,0.124316394
0.95,0.8438,0.10624999
0.95,0.8438,0.10624999
0.95,0.8267,0.12333983
0.95,0.8267,0.12333983
0.95,0.804,0.14580077
0.95,0.838,0.11210936
0.95,0.804,0.14580077
0.95,0.8335,0.116503894
0.95,0.8335,0.116503894
0.95,0.8076,0.1423828
0.95,0.8076,0.1423828
0.95,0.841,0.109179676
0.95,0.841,0.109179676
0.95,0.8057,0.14433593
0.95,0.8057,0.14433593
0.95,0.8257,0.124316394
0.95,0.838,0.11210936
0.95,0.8257,0.124316394
0.95,0.831,0.1189453
0.95,0.831,0.1189453
0.95,0.787,0.16289061
0.95,0.787,0.16289061
0.95,0.7983,0.15166014
0.95,0.7983,0.15166014
0.95,0.8623,0.0876953
0.95,0.8623,0.0876953
0.95,0.7715,0.17851561
0.95,0.8447,0.105273426
0.95,0.7715,0.17851561
0.95,0.7524,0.19755858
0.95,0.7524,0.19755858
0.95,0.8447,0.105273426
0.95,0.8184,0.13164061
0.95,0.8184,0.13164061
0.95,0.7993,0.15068358
0.95,0.2898,0.66020507
0.95,0.2734,0.6765625
0.95,0.1754,0.77458495
0.95,0.82,0.13017577
0.95,0.3052,0.6448242
0.95,0.376,0.5740234
0.95,0.1516,0.79838866
0.95,0.6484,0.3015625
0.95,0.714,0.2361328
0.95,0.7285,0.22148436
0.95,0.5474,0.4026367
0.95,0.7476,0.2024414
0.95,0.7236,0.22636718
0.95,0.7695,0.18046874
0.95,0.339,0.61088866
0.95,0.811,0.13896483
0.95,0.3337,0.61625975
0.95,0.676,0.27421874
0.95,0.432,0.5181152
0.95,0.742,0.20781249
0.95,0.7017,0.24833983
0.95,0.747,0.20292968
0.95,0.773,0.17705077
0.95,0.7544,0.19560546
0.95,0.3596,0.59038085
0.95,0.7275,0.22246093
0.95,0.69,0.26005858
0.95,0.7646,0.18535155
0.95,0.782,0.16777343
0.95,0.8906,0.059374988
0.95,0.847,0.10283202
0.95,0.8613,0.08867186
0.95,0.776,0.17412108
0.95,0.7383,0.21171874
0.95,0.566,0.38408202
0.95,0.7334,0.21660155
0.95,0.712,0.23808593
0.95,0.2208,0.7291748
0.95,0.2104,0.73955077
0.95,0.83,0.11992186
0.95,0.794,0.15605468
0.95,0.7793,0.17070311
0.95,0.5464,0.40361327
0.95,0.78,0.17021483
0.95,0.772,0.17802733
0.95,0.7256,0.22441405
0.95,0.7925,0.15751952
0.95,0.645,0.30498046
0.95,0.7734,0.17656249
0.95,0.5117,0.43828124
0.95,0.76,0.19023436
0.95,0.682,0.26787108
0.95,0.7974,0.1526367
0.95,0.752,0.19804686
0.95,0.3315,0.618457
0.95,0.735,0.2151367
0.95,0.73,0.22001952
0.95,0.74,0.20976561
0.95,0.5396,0.4104492
0.95,0.202,0.7479736
0.95,0.3665,0.5835449
0.95,0.652,0.29814452
0.95,0.7974,0.1526367
0.95,0.4766,0.4734375
0.95,0.7544,0.19560546
0.95,0.3164,0.63359374
0.95,0.7876,0.16240233
0.95,0.7603,0.18974608
0.95,0.808,0.14189452
0.95,0.1808,0.76921386
0.95,0.59,0.36015624
0.95,0.7305,0.21953124
0.95,0.707,0.24296874
0.95,0.7476,0.2024414
0.95,0.7876,0.16240233
0.95,0.7725,0.17753905
0.95,0.7188,0.23124999
0.95,0.7666,0.18339843
0.95,0.8057,0.14433593
0.95,0.1131,0.83690184
0.95,0.909,0.0408203
0.95,0.7583,0.1916992
0.95,0.6646,0.2854492
0.95,0.787,0.16289061
0.95,0.7656,0.18437499
0.95,0.56,0.3899414
0.95,0.7856,0.16435546
0.95,0.8257,0.124316394
0.95,0.819,0.13115233
0.95,0.771,0.1790039
0.95,0.7563,0.19365233
0.95,0.458,0.49199218
0.95,0.6855,0.2644531
0.95,0.829,0.120898426
0.95,0.834,0.11601561
0.95,0.8,0.1501953
0.95,0.7974,0.1526367
0.95,0.3967,0.5532715
0.95,0.7046,0.24541014
0.95,0.825,0.124804676
0.95,0.8086,0.14140624
0.95,0.4844,0.465625
0.95,0.1957,0.7543213
0.95,0.3022,0.6477539
0.95,0.7397,0.2102539
0.95,0.7534,0.19658202
0.95,0.8066,0.14335936
0.95,0.768,0.18193358
0.95,0.5693,0.38066405
0.95,0.3918,0.5581543
0.95,0.655,0.29521483
0.95,0.3755,0.5745117
0.95,0.782,0.16777343
0.95,0.812,0.13798827
0.95,0.846,0.10380858
0.95,0.868,0.081835926
0.95,0.7993,0.15068358
0.95,0.7812,0.16874999
0.95,0.798,0.15214843
0.95,0.8096,0.14042968
0.95,0.848,0.10185546
0.95,0.853,0.096972644
0.95,0.8296,0.120410144
0.95,0.811,0.13896483
0.95,0.781,0.16923827
0.95,0.8193,0.13066405
0.95,0.859,0.09111327
0.95,0.8613,0.08867186
0.95,0.7993,0.15068358
0.95,0.8223,0.12773436
0.95,0.885,0.06523436
0.95,0.8403,0.10966796
0.95,0.862,0.08818358
0.95,0.898,0.05205077
0.95,0.8,0.1501953
0.95,0.744,0.20585936
0.95,0.814,0.13603514
0.95,0.8013,0.14873046
0.95,0.811,0.13896483
0.95,0.756,0.19414061
0.95,0.8403,0.10966796
0.95,0.819,0.13115233
0.95,0.835,0.11503905
0.95,0.8174,0.13261718
0.95,0.824,0.12578124
0.95,0.8423,0.10771483
0.95,0.765,0.18486327
0.95,0.8237,0.12626952
0.95,0.782,0.16777343
0.95,0.826,0.12382811
0.95,0.7993,0.15068358
0.95,0.859,0.09111327
0.95,0.765,0.18486327
0.95,0.786,0.16386718
0.95,0.7964,0.15361327
0.95,0.7515,0.19853514
0.95,0.8174,0.13261718
0.95,0.7866,0.1633789
0.95,0.7656,0.18437499
0.95,0.7983,0.15166014
0.95,0.8315,0.11845702
0.95,0.7856,0.16435546
0.95,0.7573,0.19267577
0.95,0.778,0.17216796
0.95,0.8335,0.116503894
0.95,0.7896,0.1604492
0.95,0.8696,0.08037108
0.95,0.8867,0.06328124
0.95,0.87,0.0798828
0.95,0.8374,0.112597644
0.95,0.816,0.13408202
0.95,0.844,0.10576171
0.95,0.8,0.1501953
0.95,0.9097,0.04033202
0.95,0.9087,0.04130858
0.95,0.8647,0.085253894
0.95,0.9097,0.04033202
0.95,0.8267,0.12333983
0.95,0.8594,0.09062499
0.95,0.835,0.11503905
0.95,0.8726,0.077441394
0.95,0.8047,0.14531249
0.95,0.89,0.05986327
0.95,0.838,0.11210936
0.95,0.8535,0.09648436
0.95,0.763,0.1868164
0.95,0.8535,0.09648436
0.95,0.7993,0.15068358
0.95,0.8213,0.12871093
0.95,0.781,0.16923827
0.95,0.833,0.116992176
0.95,0.841,0.109179676
0.95,0.832,0.11796874
0.95,0.862,0.08818358
0.95,0.858,0.09208983
0.95,0.8555,0.09453124
0.95,0.846,0.10380858
0.95,0.8555,0.09453124
0.95,0.887,0.06279296
0.95,0.887,0.06279296
0.95,0.918,0.032031238
0.95,0.918,0.032031238
0.95,0.784,0.1658203
0.95,0.784,0.1658203
0.95,0.8735,0.07646483
0.95,0.8735,0.07646483
0.95,0.894,0.05595702
0.95,0.846,0.10380858
0.95,0.894,0.05595702
0.95,0.823,0.1267578
0.95,0.823,0.1267578
0.95,0.82,0.13017577
0.95,0.82,0.13017577
0.95,0.852,0.09794921
0.95,0.852,0.09794921
0.95,0.7964,0.15361327
0.95,0.7964,0.15361327
0.95,0.802,0.14824218
0.95,0.839,0.1111328
0.95,0.802,0.14824218
0.95,0.7993,0.15068358
0.95,0.7993,0.15068358
0.95,0.7935,0.15654296
0.95,0.7935,0.15654296
0.95,0.7964,0.15361327
0.95,0.7964,0.15361327
0.95,0.855,0.09501952
0.95,0.855,0.09501952
0.95,0.839,0.1111328
0.95,0.846,0.10380858
0.95,0.846,0.10380858
0.95,0.849,0.100878894
0.95,0.849,0.100878894
0.95,0.8555,0.09453124
0.95,0.8887,0.061328113
0.95,0.8945,0.055468738
0.95,0.7725,0.17753905
0.95,0.7695,0.18046874
0.95,0.797,0.15312499
0.95,0.8296,0.120410144
0.95,0.8496,0.10039061
0.95,0.838,0.11210936
0.95,0.787,0.16289061
0.95,0.8467,0.1033203
0.95,0.3938,0.55620116
0.95,0.789,0.16093749
0.95,0.8955,0.054492176
0.95,0.8784,0.07158202
0.95,0.787,0.16289061
0.95,0.8076,0.1423828
0.95,0.789,0.16093749
0.95,0.8003,0.14970702
0.95,0.886,0.06376952
0.95,0.952,0.0021484494
0.95,0.923,0.027148426
0.95,0.916,0.033984363
0.95,0.7646,0.18535155
0.95,0.821,0.1291992
0.95,0.8647,0.085253894
0.95,0.8486,0.101367176
0.95,0.7915,0.15849608
0.95,0.828,0.12187499
0.95,0.8335,0.116503894
0.95,0.8267,0.12333983
0.95,0.8394,0.11064452
0.95,0.833,0.116992176
0.95,0.8193,0.13066405
0.95,0.8306,0.11943358
0.95,0.741,0.20878905
0.95,0.5654,0.3845703
0.95,0.8647,0.085253894
0.95,0.7773,0.17265624
0.95,0.843,0.10722655
0.95,0.86,0.09013671
0.95,0.843,0.10722655
0.95,0.7354,0.21464843
0.95,0.516,0.4338867
0.95,0.36,0.58989257
0.95,0.3398,0.61015624
0.95,0.812,0.13798827
0.95,0.7686,0.1814453
0.95,0.712,0.23808593
0.95,0.712,0.23808593
0.95,0.7305,0.21953124
0.95,0.7305,0.21953124
0.95,0.5776,0.37236327
0.95,0.5776,0.37236327
0.95,0.7754,0.17460936
0.95,0.7754,0.17460936
0.95,0.4038,0.5461914
0.95,0.7676,0.18242186
0.95,0.65,0.30009764
0.95,0.4705,0.479541
0.95,0.756,0.19414061
0.95,0.756,0.19414061
0.95,0.833,0.116992176
0.95,0.833,0.116992176
0.95,0.593,0.35722655
0.95,0.593,0.35722655
0.95,0.6523,0.29765624
0.95,0.6523,0.29765624
0.95,0.2588,0.6912109
0.95,0.636,0.31376952
0.95,0.809,0.14091796
0.95,0.809,0.14091796
0.95,0.6553,0.29472655
0.95,0.6553,0.29472655
0.95,0.774,0.1760742
0.95,0.774,0.1760742
0.95,0.7017,0.24833983
0.95,0.7017,0.24833983
0.95,0.6357,0.3142578
0.95,0.566,0.38408202
0.95,0.6484,0.3015625
0.95,0.8066,0.14335936
0.95,0.8066,0.14335936
0.95,0.7715,0.17851561
0.95,0.7715,0.17851561
0.95,0.871,0.07890624
0.95,0.871,0.07890624
0.95,0.68,0.2698242
0.95,0.68,0.2698242
0.95,0.544,0.40605468
0.95,0.4138,0.5361816
0.95,0.7544,0.19560546
0.95,0.7544,0.19560546
0.95,0.6963,0.25371093
0.95,0.6963,0.25371093
0.95,0.7534,0.19658202
0.95,0.8467,0.1033203
0.95,0.761,0.18876952
0.95,0.7017,0.24833983
0.95,0.6753,0.27470702
0.95,0.885,0.06523436
0.95,0.3193,0.63066405
0.95,0.683,0.26689452
0.95,0.275,0.67509764
0.95,0.6665,0.28349608
0.95,0.6025,0.34746093
0.95,0.7173,0.23271483
0.95,0.7725,0.17753905
0.95,0.6387,0.3113281
0.95,0.6533,0.29667968
0.95,0.762,0.18779296
0.95,0.612,0.33818358
0.95,0.604,0.34599608
0.95,0.362,0.58793944
0.95,0.735,0.2151367
0.95,0.623,0.3269531
0.95,0.5254,0.42460936
0.95,0.374,0.57597655
0.95,0.7563,0.19365233
0.95,0.79,0.15996093
0.95,0.6685,0.28154296
0.95,0.4617,0.48833007
0.95,0.587,0.36308593
0.95,0.714,0.2361328
0.95,0.634,0.31621093
0.95,0.6377,0.31230468
0.95,0.2052,0.7447998
0.95,0.454,0.49589843
0.95,0.08673,0.86326903
0.95,0.1451,0.8048584
0.95,0.79,0.15996093
0.95,0.7925,0.15751952
0.95,0.849,0.100878894
0.95,0.761,0.18876952
0.95,0.8477,0.10234374
0.95,0.838,0.11210936
0.95,0.8228,0.12724608
0.95,0.9077,0.042285144
0.95,0.918,0.032031238
0.95,0.9106,0.039355457
0.95,0.7964,0.15361327
0.95,0.842,0.10820311
0.95,0.9023,0.047656238
0.95,0.8193,0.13066405
0.95,0.9014,0.0486328
0.95,0.8267,0.12333983
0.95,0.8325,0.11748046
0.95,0.8315,0.11845702
0.95,0.8574,0.09257811
0.95,0.826,0.12382811
0.95,0.8135,0.13652343
0.95,0.8574,0.09257811
0.95,0.8794,0.07060546
0.95,0.8784,0.07158202
0.95,0.8633,0.08671874
0.95,0.9062,0.043749988
0.95,0.8555,0.09453124
0.95,0.862,0.08818358
0.95,0.912,0.037890613
0.95,0.8516,0.09843749
0.95,0.9224,0.027636707
0.95,0.823,0.1267578
0.95,0.9087,0.04130858
0.95,0.8154,0.1345703
0.95,0.8555,0.09453124
0.95,0.835,0.11503905
0.95,0.7856,0.16435546
0.95,0.862,0.08818358
0.95,0.8755,0.07451171
0.95,0.868,0.081835926
0.95,0.884,0.066210926
0.95,0.752,0.19804686
0.95,0.76,0.19023436
0.95,0.716,0.23417968
0.95,0.5034,0.44658202
0.95,0.734,0.21611327
0.95,0.776,0.17412108
0.95,0.837,0.113085926
0.95,0.85,0.09990233
0.95,0.8193,0.13066405
0.95,0.8433,0.10673827
0.95,0.8096,0.14042968
0.95,0.875,0.07499999
0.95,0.875,0.07499999
0.95,0.7847,0.16533202
0.95,0.8843,0.065722644
0.95,0.8945,0.055468738
0.95,0.816,0.13408202
0.95,0.8276,0.12236327
0.95,0.688,0.2620117
0.95,0.8726,0.077441394
0.95,0.8735,0.07646483
0.95,0.8945,0.055468738
0.95,0.846,0.10380858
0.95,0.8354,0.11455077
0.95,0.894,0.05595702
0.95,0.8276,0.12236327
0.95,0.845,0.104785144
0.95,0.841,0.109179676
0.95,0.9033,0.046679676
0.95,0.744,0.20585936
0.95,0.733,0.21708983
0.95,0.843,0.10722655
0.95,0.852,0.09794921
0.95,0.8857,0.0642578
0.95,0.857,0.093066394
0.95,0.859,0.09111327
0.95,0.8657,0.08427733
0.95,0.706,0.2439453
0.95,0.7812,0.16874999
0.95,0.8633,0.08671874
0.95,0.845,0.104785144
0.95,0.8574,0.09257811
0.95,0.941,0.009082019
0.95,0.9277,0.022265613
0.95,0.8135,0.13652343
0.95,0.817,0.13310546
0.95,0.8506,0.09941405
0.95,0.732,0.2180664
0.95,0.831,0.1189453
0.95,0.767,0.18291014
0.95,0.7974,0.1526367
0.95,0.8345,0.11552733
0.95,0.831,0.1189453
0.95,0.8496,0.10039061
0.95,0.857,0.093066394
0.95,0.8867,0.06328124
0.95,0.7705,0.17949218
0.95,0.839,0.1111328
0.95,0.758,0.19218749
0.95,0.8784,0.07158202
0.95,0.8306,0.11943358
0.95,0.8774,0.07255858
0.95,0.8677,0.08232421
0.95,0.851,0.09892577
0.95,0.842,0.10820311
0.95,0.765,0.18486327
0.95,0.8545,0.0955078
0.95,0.8174,0.13261718
0.95,0.852,0.09794921
0.95,0.911,0.038867176
0.95,0.837,0.113085926
0.95,0.85,0.09990233
0.95,0.7524,0.19755858
0.95,0.8345,0.11552733
0.95,0.871,0.07890624
0.95,0.8,0.1501953
0.95,0.787,0.16289061
0.95,0.807,0.14287108
0.95,0.851,0.09892577
0.95,0.8574,0.09257811
0.95,0.8315,0.11845702
0.95,0.925,0.0251953
0.95,0.795,0.15507811
0.95,0.803,0.14677733
0.95,0.7456,0.20439452
0.95,0.737,0.21318358
0.95,0.797,0.15312499
0.95,0.82,0.13017577
0.95,0.8403,0.10966796
0.95,0.876,0.074023426
0.95,0.868,0.081835926
0.95,0.863,0.08720702
0.95,0.899,0.051074207
0.95,0.893,0.05693358
0.95,0.788,0.16191405
0.95,0.518,0.43193358
0.95,0.7373,0.2126953
0.95,0.6094,0.340625
0.95,0.6626,0.28740233
0.95,0.6606,0.28935546
0.95,0.6187,0.33134764
0.95,0.7656,0.18437499
0.95,0.766,0.1838867
0.95,0.728,0.22197264
0.95,0.657,0.29277343
0.95,0.6855,0.2644531
0.95,0.615,0.3347656
0.95,0.6733,0.27666014
0.95,0.647,0.30302733
0.95,0.7734,0.17656249
0.95,0.735,0.2151367
0.95,0.784,0.1658203
0.95,0.6436,0.3064453
0.95,0.869,0.08085936
0.95,0.8193,0.13066405
0.95,0.8936,0.0564453
0.95,0.68,0.2698242
0.95,0.884,0.066210926
0.95,0.861,0.089160144
0.95,0.86,0.09013671
0.95,0.8955,0.054492176
0.95,0.8496,0.10039061
0.95,0.7197,0.23027343
0.95,0.5767,0.37333983
0.95,0.658,0.29179686
0.95,0.744,0.20585936
0.95,0.7544,0.19560546
0.95,0.4175,0.5325195
0.95,0.665,0.28496093
0.95,0.709,0.24101561
0.95,0.8486,0.101367176
0.95,0.7656,0.18437499
0.95,0.8525,0.097460926
0.95,0.709,0.24101561
0.95,0.7354,0.21464843
0.95,0.803,0.14677733
0.95,0.701,0.24882811
0.95,0.5425,0.40751952
0.95,0.7217,0.2283203
0.95,0.6553,0.29472655
0.95,0.839,0.1111328
0.95,0.7803,0.16972655
0.95,0.803,0.14677733
0.95,0.8735,0.07646483
0.95,0.7705,0.17949218
0.95,0.7246,0.22539061
0.95,0.663,0.28691405
0.95,0.6255,0.3245117
0.95,0.705,0.24492186
0.95,0.2468,0.7031738
0.95,0.639,0.31083983
0.95,0.4944,0.45561522
0.95,0.7734,0.17656249
0.95,0.57,0.38017577
0.95,0.4773,0.47270507
0.95,0.377,0.57304686
0.95,0.3936,0.5564453
0.95,0.809,0.14091796
0.95,0.664,0.2859375
0.95,0.725,0.22490233
0.95,0.801,0.14921874
0.95,0.728,0.22197264
0.95,0.8013,0.14873046
0.95,0.7905,0.15947264
0.95,0.718,0.23222655
0.95,0.7295,0.2205078
0.95,0.3376,0.6123535
0.95,0.751,0.19902343
0.95,0.8203,0.12968749
0.95,0.5283,0.42167968
0.95,0.3523,0.59770507
0.95,0.8057,0.14433593
0.95,0.7075,0.24248046
0.95,0.7896,0.1604492
0.95,0.769,0.18095702
0.95,0.5557,0.39433593
0.95,0.6343,0.31572264
0.95,0.5864,0.3635742
0.95,0.796,0.15410155
0.95,0.828,0.12187499
0.95,0.8574,0.09257811
0.95,0.7876,0.16240233
0.95,0.885,0.06523436
0.95,0.8115,0.13847655
0.95,0.672,0.278125
0.95,0.806,0.14384764
0.95,0.5913,0.3586914
0.95,0.7603,0.18974608
0.95,0.8145,0.13554686
0.95,0.785,0.16484374
0.95,0.819,0.13115233
0.95,0.797,0.15312499
0.95,0.8394,0.11064452
0.95,0.8706,0.07939452
0.95,0.817,0.13310546
0.95,0.813,0.1370117
0.95,0.803,0.14677733
0.95,0.883,0.06718749
0.95,0.8135,0.13652343
0.95,0.8667,0.08330077
0.95,0.817,0.13310546
0.95,0.866,0.08378905
0.95,0.846,0.10380858
0.95,0.461,0.4890625
0.95,0.788,0.16191405
0.95,0.877,0.07304686
0.95,0.888,0.061816394
0.95,0.8506,0.09941405
0.95,0.822,0.12822264
0.95,0.702,0.24785155
0.95,0.8037,0.14628905
0.95,0.374,0.57597655
0.95,0.8257,0.124316394
0.95,0.7915,0.15849608
0.95,0.8657,0.08427733
0.95,0.8403,0.10966796
0.95,0.861,0.089160144
0.95,0.856,0.09404296
0.95,0.847,0.10283202
0.95,0.846,0.10380858
0.95,0.7593,0.19072264
0.95,0.7417,0.20830077
0.95,0.4282,0.52177733
0.95,0.9043,0.045703113
0.95,0.8013,0.14873046
0.95,0.8594,0.09062499
0.95,0.89,0.05986327
0.95,0.882,0.06816405
0.95,0.873,0.07695311
0.95,0.8374,0.112597644
0.95,0.8257,0.124316394
0.95,0.802,0.14824218
0.95,0.4485,0.50151366
0.95,0.543,0.40703124
0.95,0.8223,0.12773436
0.95,0.637,0.31279296
0.95,0.8354,0.11455077
0.95,0.8076,0.1423828
0.95,0.83,0.11992186
0.95,0.8716,0.07841796
0.95,0.7227,0.22734374
0.95,0.7246,0.22539061
0.95,0.551,0.39921874
0.95,0.6436,0.3064453
0.95,0.768,0.18193358
0.95,0.7783,0.17167968
0.95,0.8125,0.13749999
0.95,0.8223,0.12773436
0.95,0.8774,0.07255858
0.95,0.8193,0.13066405
0.95,0.8496,0.10039061
0.95,0.779,0.1711914
0.95,0.8765,0.073535144
0.95,0.905,0.04521483
0.95,0.558,0.39189452
0.95,0.6167,0.33330077
0.95,0.788,0.16191405
0.95,0.791,0.15898436
0.95,0.7554,0.1946289
0.95,0.9004,0.049609363
0.95,0.8276,0.12236327
0.95,0.783,0.16679686
0.95,0.729,0.22099608
0.95,0.7437,0.20634764
0.95,0.5293,0.4207031
0.95,0.706,0.2439453
0.95,0.7046,0.24541014
0.95,0.818,0.1321289
0.95,0.814,0.13603514
0.95,0.864,0.08623046
0.95,0.9287,0.02128905
0.95,0.891,0.058886707
0.95,0.926,0.024218738
0.95,0.856,0.09404296
0.95,0.8657,0.08427733
0.95,0.8477,0.10234374
0.95,0.7827,0.16728514
0.95,0.772,0.17802733
0.95,0.868,0.081835926
0.95,0.8413,0.108691394
0.95,0.7954,0.15458983
0.95,0.8774,0.07255858
0.95,0.797,0.15312499
0.95,0.9263,0.023730457
0.95,0.797,0.15312499
0.95,0.8403,0.10966796
0.95,0.7603,0.18974608
0.95,0.5405,0.40947264
0.95,0.8447,0.105273426
0.95,0.803,0.14677733
0.95,0.8125,0.13749999
0.95,0.832,0.11796874
0.95,0.8013,0.14873046
0.95,0.8896,0.06035155
0.95,0.8193,0.13066405
0.95,0.8823,0.06767577
0.95,0.78,0.17021483
0.95,0.74,0.20976561
0.95,0.639,0.31083983
0.95,0.6567,0.2932617
0.95,0.816,0.13408202
0.95,0.8506,0.09941405
0.95,0.8384,0.11162108
0.95,0.8843,0.065722644
0.95,0.8193,0.13066405
0.95,0.852,0.09794921
0.95,0.8286,0.12138671
0.95,0.7983,0.15166014
0.95,0.7354,0.21464843
0.95,0.7896,0.1604492
0.95,0.7964,0.15361327
0.95,0.668,0.28203124
0.95,0.8755,0.07451171
0.95,0.8047,0.14531249
0.95,0.837,0.113085926
0.95,0.836,0.11406249
0.95,0.7896,0.1604492
0.95,0.876,0.074023426
0.95,0.8047,0.14531249
0.95,0.827,0.12285155
0.95,0.86,0.09013671
0.95,0.862,0.08818358
0.95,0.7983,0.15166014
0.95,0.699,0.25078124
0.95,0.832,0.11796874
0.95,0.8,0.1501953
0.95,0.7944,0.1555664
0.95,0.8755,0.07451171
0.95,0.789,0.16093749
0.95,0.866,0.08378905
0.95,0.7524,0.19755858
0.95,0.8525,0.097460926
0.95,0.821,0.1291992
0.95,0.764,0.18583983
0.95,0.7397,0.2102539
0.95,0.815,0.13505858
0.95,0.8716,0.07841796
0.95,0.8286,0.12138671
0.95,0.8345,0.11552733
0.95,0.812,0.13798827
0.95,0.848,0.10185546
0.95,0.7017,0.24833983
0.95,0.7954,0.15458983
0.95,0.865,0.08476561
0.95,0.6274,0.32255858
0.95,0.3303,0.6196777
0.95,0.839,0.1111328
0.95,0.853,0.096972644
0.95,0.8623,0.0876953
0.95,0.9375,0.012499988
0.95,0.838,0.11210936
0.95,0.8643,0.085742176
0.95,0.8877,0.062304676
0.95,0.848,0.10185546
0.95,0.6284,0.32158202
0.95,0.713,0.23710936
0.95,0.659,0.2908203
0.95,0.8237,0.12626952
0.95,0.8535,0.09648436
0.95,0.8022,0.1477539
0.95,0.841,0.109179676
0.95,0.826,0.12382811
0.95,0.815,0.13505858
0.95,0.8374,0.112597644
0.95,0.8364,0.11357421
0.95,0.8706,0.07939452
0.95,0.7324,0.21757811
0.95,0.875,0.07499999
0.95,0.825,0.124804676
0.95,0.8286,0.12138671
0.95,0.7227,0.22734374
0.95,0.686,0.26396483
0.95,0.7993,0.15068358
0.95,0.8833,0.06669921
0.95,0.7983,0.15166014
0.95,0.852,0.09794921
0.95,0.7954,0.15458983
0.95,0.824,0.12578124
0.95,0.8467,0.1033203
0.95,0.8164,0.13359374
0.95,0.8667,0.08330077
0.95,0.6045,0.3455078
0.95,0.671,0.27910155
0.95,0.7017,0.24833983
0.95,0.7373,0.2126953
0.95,0.8447,0.105273426
0.95,0.8296,0.120410144
0.95,0.9014,0.0486328
0.95,0.8896,0.06035155
0.95,0.8535,0.09648436
0.95,0.839,0.1111328
0.95,0.8384,0.11162108
0.95,0.8267,0.12333983
0.95,0.723,0.22685546
0.95,0.726,0.22392577
0.95,0.8228,0.12724608
0.95,0.818,0.1321289
0.95,0.849,0.100878894
0.95,0.841,0.109179676
0.95,0.784,0.1658203
0.95,0.7803,0.16972655
0.95,0.8677,0.08232421
0.95,0.7856,0.16435546
0.95,0.8276,0.12236327
0.95,0.8887,0.061328113
0.95,0.8623,0.0876953
0.95,0.87,0.0798828
0.95,0.8125,0.13749999
0.95,0.7817,0.1682617
0.95,0.79,0.15996093
0.95,0.8247,0.12529296
0.95,0.88,0.070117176
0.95,0.8613,0.08867186
0.95,0.727,0.2229492
0.95,0.8057,0.14433593
0.95,0.8574,0.09257811
0.95,0.785,0.16484374
0.95,0.8335,0.116503894
0.95,0.686,0.26396483
0.95,0.7905,0.15947264
0.95,0.9087,0.04130858
0.95,0.6875,0.2625
0.95,0.749,0.20097655
0.95,0.799,0.15117186
0.95,0.831,0.1189453
0.95,0.8066,0.14335936
0.95,0.823,0.1267578
0.95,0.8423,0.10771483
0.95,0.8496,0.10039061
0.95,0.841,0.109179676
0.95,0.7856,0.16435546
0.95,0.875,0.07499999
0.95,0.7607,0.1892578
0.95,0.7524,0.19755858
0.95,0.778,0.17216796
0.95,0.8022,0.1477539
0.95,0.817,0.13310546
0.95,0.793,0.15703124
0.95,0.8057,0.14433593
0.95,0.9014,0.0486328
0.95,0.812,0.13798827
0.95,0.82,0.13017577
0.95,0.871,0.07890624
0.95,0.507,0.44316405
0.95,0.3318,0.6182129
0.95,0.8584,0.09160155
0.95,0.846,0.10380858
0.95,0.882,0.06816405
0.95,0.742,0.20781249
0.95,0.725,0.22490233
0.95,0.6895,0.26054686
0.95,0.8325,0.11748046
0.95,0.8228,0.12724608
0.95,0.787,0.16289061
0.95,0.8525,0.097460926
0.95,0.8384,0.11162108
0.95,0.7856,0.16435546
0.95,0.843,0.10722655
0.95,0.9214,0.02861327
0.95,0.928,0.021777332
0.95,0.92,0.030078113
0.95,0.747,0.20292968
0.95,0.7993,0.15068358
0.95,0.801,0.14921874
0.95,0.7495,0.20048827
0.95,0.8696,0.08037108
0.95,0.882,0.06816405
0.95,0.514,0.43583983
0.95,0.631,0.3191406
0.95,0.7817,0.1682617
0.95,0.8164,0.13359374
0.95,0.8237,0.12626952
0.95,0.8467,0.1033203
0.95,0.814,0.13603514
0.95,0.8813,0.06865233
0.95,0.6626,0.28740233
0.95,0.8154,0.1345703
0.95,0.8105,0.13945311
0.95,0.77,0.17998046
0.95,0.834,0.11601561
0.95,0.8237,0.12626952
0.95,0.7847,0.16533202
0.95,0.8174,0.13261718
0.95,0.7686,0.1814453
0.95,0.684,0.26591796
0.95,0.7944,0.1555664
0.95,0.7866,0.1633789
0.95,0.8164,0.13359374
0.95,0.8154,0.1345703
0.95,0.831,0.1189453
0.95,0.889,0.06083983
0.95,0.758,0.19218749
0.95,0.4094,0.54057616
0.95,0.6226,0.3274414
0.95,0.583,0.36699218
0.95,0.838,0.11210936
0.95,0.7964,0.15361327
0.95,0.876,0.074023426
0.95,0.8267,0.12333983
0.95,0.87,0.0798828
0.95,0.9175,0.03251952
0.95,0.7305,0.21953124
0.95,0.693,0.2571289
0.95,0.8027,0.14726561
0.95,0.8496,0.10039061
0.95,0.8887,0.061328113
0.95,0.73,0.22001952
0.95,0.8315,0.11845702
0.95,0.7905,0.15947264
0.95,0.8086,0.14140624
0.95,0.639,0.31083983
0.95,0.681,0.26884764
0.95,0.8315,0.11845702
0.95,0.79,0.15996093
0.95,0.8315,0.11845702
0.95,0.8135,0.13652343
0.95,0.896,0.054003894
0.95,0.775,0.17509764
0.95,0.502,0.44804686
0.95,0.896,0.054003894
0.95,0.9253,0.02470702
0.95,0.879,0.07109374
0.95,0.7676,0.18242186
0.95,0.7515,0.19853514
0.95,0.771,0.1790039
0.95,0.856,0.09404296
0.95,0.755,0.19511718
0.95,0.8086,0.14140624
0.95,0.801,0.14921874
0.95,0.9014,0.0486328
0.95,0.8843,0.065722644
0.95,0.8945,0.055468738
0.95,0.897,0.05302733
0.95,0.8506,0.09941405
0.95,0.771,0.1790039
0.95,0.8384,0.11162108
0.95,0.7856,0.16435546
0.95,0.7695,0.18046874
0.95,0.802,0.14824218
0.51354665,0.769,0.25549632
0.95,0.803,0.14677733
0.95,0.804,0.14580077
0.95,0.824,0.12578124
0.95,0.8696,0.08037108
0.95,0.8853,0.06474608
0.95,0.8013,0.14873046
0.95,0.8965,0.053515613
0.95,0.799,0.15117186
0.95,0.816,0.13408202
0.95,0.8306,0.11943358
0.95,0.745,0.2048828
0.95,0.7563,0.19365233
0.95,0.6353,0.31474608
0.95,0.848,0.10185546
0.95,0.6094,0.340625
0.95,0.6836,0.26640624
0.95,0.751,0.19902343
0.95,0.726,0.22392577
0.95,0.8525,0.097460926
0.95,0.7773,0.17265624
0.95,0.8965,0.053515613
0.95,0.756,0.19414061
0.95,0.7495,0.20048827
0.95,0.783,0.16679686
0.95,0.7495,0.20048827
0.95,0.821,0.1291992
0.95,0.836,0.11406249
0.95,0.835,0.11503905
0.95,0.832,0.11796874
0.95,0.7573,0.19267577
0.95,0.768,0.18193358
0.95,0.799,0.15117186
0.95,0.8257,0.124316394
0.95,0.8037,0.14628905
0.95,0.899,0.051074207
0.95,0.886,0.06376952
0.95,0.7295,0.2205078
0.95,0.7437,0.20634764
0.95,0.834,0.11601561
0.95,0.7505,0.1995117
0.95,0.871,0.07890624
0.95,0.814,0.13603514
0.95,0.8047,0.14531249
0.95,0.7827,0.16728514
0.95,0.7734,0.17656249
0.95,0.656,0.29423827
0.95,0.864,0.08623046
0.95,0.778,0.17216796
0.95,0.551,0.39921874
0.95,0.8066,0.14335936
0.95,0.79,0.15996093
0.95,0.8193,0.13066405
0.95,0.4866,0.46342772
0.95,0.6836,0.26640624
0.95,0.802,0.14824218
0.95,0.6953,0.2546875
0.95,0.7183,0.23173827
0.95,0.828,0.12187499
0.95,0.859,0.09111327
0.95,0.8115,0.13847655
0.95,0.8506,0.09941405
0.95,0.815,0.13505858
0.95,0.64,0.30986327
0.95,0.7812,0.16874999
0.95,0.577,0.37285155
0.95,0.7476,0.2024414
0.95,0.802,0.14824218
0.95,0.693,0.2571289
0.95,0.5195,0.43046874
0.95,0.857,0.093066394
0.95,0.875,0.07499999
0.95,0.819,0.13115233
0.95,0.728,0.22197264
0.95,0.573,0.3767578
0.95,0.08234,0.86766356
0.95,0.3098,0.64018553
0.95,0.701,0.24882811
0.95,0.7144,0.23564452
0.95,0.4905,0.45952147
0.95,0.701,0.24882811
0.95,0.8286,0.12138671
0.95,0.8076,0.1423828
0.95,0.7236,0.22636718
0.95,0.7334,0.21660155
0.95,0.7754,0.17460936
0.95,0.7197,0.23027343
0.95,0.788,0.16191405
0.95,0.812,0.13798827
0.95,0.792,0.1580078
0.95,0.792,0.1580078
0.95,0.8257,0.124316394
0.95,0.8257,0.124316394
0.95,0.812,0.13798827
0.95,0.7827,0.16728514
0.95,0.826,0.12382811
0.95,0.74,0.20976561
0.95,0.75,0.19999999
0.95,0.814,0.13603514
0.95,0.812,0.13798827
0.95,0.829,0.120898426
0.95,0.8105,0.13945311
0.95,0.7603,0.18974608
0.95,0.859,0.09111327
0.95,0.807,0.14287108
0.95,0.8047,0.14531249
0.95,0.819,0.13115233
0.95,0.715,0.23515624
0.95,0.861,0.089160144
0.95,0.861,0.089160144
0.95,0.776,0.17412108
0.95,0.8174,0.13261718
0.95,0.7827,0.16728514
0.95,0.7686,0.1814453
0.95,0.7793,0.17070311
0.95,0.8096,0.14042968
0.95,0.812,0.13798827
0.95,0.7764,0.1736328
0.95,0.7554,0.1946289
0.95,0.851,0.09892577
0.95,0.8604,0.089648426
0.95,0.776,0.17412108
0.95,0.761,0.18876952
0.95,0.8306,0.11943358
0.95,0.825,0.124804676
0.95,0.8657,0.08427733
0.95,0.825,0.124804676
0.95,0.8164,0.13359374
0.95,0.804,0.14580077
0.95,0.819,0.13115233
0.95,0.7456,0.20439452
0.95,0.8643,0.085742176
0.95,0.776,0.17412108
0.95,0.74,0.20976561
0.95,0.7637,0.18632811
0.95,0.77,0.17998046
0.95,0.8013,0.14873046
0.95,0.7676,0.18242186
0.95,0.793,0.15703124
0.95,0.802,0.14824218
0.95,0.82,0.13017577
0.95,0.7773,0.17265624
0.95,0.775,0.17509764
0.95,0.7866,0.1633789
0.95,0.7554,0.1946289
0.95,0.7954,0.15458983
0.95,0.8135,0.13652343
0.95,0.8135,0.13652343
0.95,0.8735,0.07646483
0.95,0.801,0.14921874
0.95,0.798,0.15214843
0.95,0.83,0.11992186
0.95,0.782,0.16777343
0.95,0.8296,0.120410144
0.95,0.7886,0.16142577
0.95,0.7964,0.15361327
0.95,0.7666,0.18339843
0.95,0.834,0.11601561
0.95,0.7637,0.18632811
0.95,0.8193,0.13066405
0.95,0.881,0.06914061
0.95,0.797,0.15312499
0.95,0.801,0.14921874
0.95,0.8013,0.14873046
0.95,0.849,0.100878894
0.95,0.7886,0.16142577
0.95,0.841,0.109179676
0.95,0.751,0.19902343
0.95,0.816,0.13408202
0.95,0.8516,0.09843749
0.95,0.8315,0.11845702
0.95,0.8003,0.14970702
0.95,0.7915,0.15849608
0.95,0.789,0.16093749
0.95,0.795,0.15507811
0.95,0.7896,0.1604492
0.95,0.779,0.1711914
0.95,0.844,0.10576171
0.95,0.8604,0.089648426
0.95,0.7925,0.15751952
0.95,0.865,0.08476561
0.95,0.8027,0.14726561
0.95,0.7847,0.16533202
0.95,0.7915,0.15849608
0.95,0.829,0.120898426
0.95,0.821,0.1291992
0.95,0.8203,0.12968749
0.95,0.779,0.1711914
0.95,0.837,0.113085926
0.95,0.8164,0.13359374
0.95,0.788,0.16191405
0.95,0.7583,0.1916992
0.95,0.7583,0.1916992
0.95,0.802,0.14824218
0.95,0.802,0.14824218
0.95,0.861,0.089160144
0.95,0.861,0.089160144
0.95,0.839,0.1111328
0.95,0.839,0.1111328
0.95,0.7524,0.19755858
0.95,0.7524,0.19755858
0.95,0.8145,0.13554686
0.95,0.8125,0.13749999
0.95,0.8125,0.13749999
0.95,0.8345,0.11552733
0.95,0.8345,0.11552733
0.95,0.8384,0.11162108
0.95,0.8384,0.11162108
0.95,0.8022,0.1477539
0.95,0.8022,0.1477539
0.95,0.8354,0.11455077
0.95,0.8354,0.11455077
0.95,0.8145,0.13554686
0.95,0.817,0.13310546
0.95,0.817,0.13310546
0.95,0.767,0.18291014
0.95,0.767,0.18291014
0.95,0.883,0.06718749
0.95,0.883,0.06718749
0.95,0.8496,0.10039061
0.95,0.8496,0.10039061
0.95,0.8467,0.1033203
0.95,0.8467,0.1033203
0.95,0.8784,0.07158202
0.95,0.816,0.13408202
0.95,0.816,0.13408202
0.95,0.8496,0.10039061
0.95,0.8496,0.10039061
0.95,0.8193,0.13066405
0.95,0.8296,0.120410144
0.95,0.8516,0.09843749
0.95,0.75,0.19999999
0.95,0.75,0.19999999
0.95,0.773,0.17705077
0.95,0.805,0.1448242
0.95,0.773,0.17705077
0.95,0.8154,0.1345703
0.95,0.8154,0.1345703
0.95,0.832,0.11796874
0.95,0.832,0.11796874
0.95,0.8076,0.1423828
0.95,0.8076,0.1423828
0.95,0.824,0.12578124
0.95,0.824,0.12578124
0.95,0.787,0.16289061
0.95,0.8257,0.124316394
0.95,0.787,0.16289061
0.95,0.787,0.16289061
0.95,0.787,0.16289061
0.95,0.7896,0.1604492
0.95,0.7896,0.1604492
0.95,0.0345,0.9155151
0.95,0.757,0.19316405
0.95,0.757,0.19316405
0.95,0.751,0.19902343
0.95,0.751,0.19902343
0.95,0.838,0.11210936
0.95,0.682,0.26787108
0.95,0.682,0.26787108
0.95,0.768,0.18193358
0.95,0.768,0.18193358
0.47073075,0.63,0.15915206
0.95,0.792,0.1580078
0.95,0.792,0.1580078
0.95,0.762,0.18779296
0.95,0.762,0.18779296
0.95,0.845,0.104785144
0.95,0.838,0.11210936
0.95,0.845,0.104785144
0.95,0.8237,0.12626952
0.95,0.8237,0.12626952
0.95,0.811,0.13896483
0.95,0.811,0.13896483
0.95,0.8403,0.10966796
0.95,0.8403,0.10966796
0.95,0.809,0.14091796
0.95,0.809,0.14091796
0.95,0.754,0.19609374
0.95,0.01397,0.93603057
0.95,0.8506,0.09941405
0.95,0.815,0.13505858
0.95,0.8643,0.085742176
0.95,0.8745,0.07548827
0.95,0.7817,0.1682617
0.95,0.823,0.1267578
0.95,0.817,0.13310546
0.95,0.7944,0.1555664
0.95,0.784,0.1658203
0.95,0.753,0.1970703
0.95,0.7646,0.18535155
0.95,0.7983,0.15166014
0.95,0.78,0.17021483
0.95,0.7905,0.15947264
0.95,0.8115,0.13847655
0.95,0.79,0.15996093
0.95,0.8345,0.11552733
0.95,0.7695,0.18046874
0.95,0.7725,0.17753905
0.95,0.798,0.15214843
0.95,0.7783,0.17167968
0.95,0.7812,0.16874999
0.95,0.7544,0.19560546
0.95,0.771,0.1790039
0.95,0.7964,0.15361327
0.95,0.8735,0.07646483
0.95,0.7866,0.1633789
0.95,0.784,0.1658203
0.95,0.8164,0.13359374
0.95,0.7656,0.18437499
0.95,0.818,0.1321289
0.95,0.719,0.2307617
0.95,0.784,0.1658203
0.95,0.7954,0.15458983
0.95,0.821,0.1291992
0.95,0.79,0.15996093
0.95,0.808,0.14189452
0.95,0.818,0.1321289
0.95,0.78,0.17021483
0.95,0.765,0.18486327
0.95,0.7554,0.1946289
0.95,0.7554,0.1946289
0.95,0.7656,0.18437499
0.95,0.6694,0.2805664
0.95,0.698,0.2517578
0.95,0.835,0.11503905
0.95,0.817,0.13310546
0.95,0.7773,0.17265624
0.95,0.8115,0.13847655
0.95,0.745,0.2048828
0.95,0.746,0.20390624
0.95,0.781,0.16923827
0.95,0.8145,0.13554686
0.95,0.7637,0.18632811
0.95,0.8535,0.09648436
0.95,0.8257,0.124316394
0.95,0.871,0.07890624
0.95,0.8037,0.14628905
0.95,0.7974,0.1526367
0.95,0.8037,0.14628905
0.95,0.8667,0.08330077
0.95,0.8496,0.10039061
0.95,0.8477,0.10234374
0.95,0.834,0.11601561
0.95,0.817,0.13310546
0.95,0.805,0.1448242
0.95,0.835,0.11503905
0.95,0.8516,0.09843749
0.95,0.7764,0.1736328
0.95,0.8013,0.14873046
0.95,0.76,0.19023436
0.95,0.758,0.19218749
0.95,0.732,0.2180664
0.95,0.806,0.14384764
0.95,0.8457,0.10429686
0.95,0.83,0.11992186
0.95,0.8237,0.12626952
0.95,0.8066,0.14335936
0.95,0.8486,0.101367176
0.95,0.837,0.113085926
0.95,0.7905,0.15947264
0.95,0.887,0.06279296
0.95,0.7725,0.17753905
0.95,0.742,0.20781249
0.95,0.754,0.19609374
0.95,0.7803,0.16972655
0.95,0.755,0.19511718
0.95,0.838,0.11210936
0.95,0.8623,0.0876953
0.95,0.8564,0.093554676
0.95,0.7964,0.15361327
0.95,0.635,0.31523436
0.95,0.782,0.16777343
0.95,0.1508,0.79924315
0.95,0.85,0.09990233
0.95,0.8584,0.09160155
0.95,0.8613,0.08867186
0.95,0.864,0.08623046
0.95,0.825,0.124804676
0.95,0.812,0.13798827
0.95,0.6196,0.33037108
0.95,0.5425,0.40751952
0.95,0.6304,0.3196289
0.95,0.559,0.39091796
0.95,0.5728,0.37724608
0.95,0.8438,0.10624999
0.95,0.82,0.13017577
0.95,0.8076,0.1423828
0.95,0.8306,0.11943358
0.95,0.8457,0.10429686
0.95,0.7275,0.22246093
0.95,0.832,0.11796874
0.95,0.6855,0.2644531
0.95,0.7007,0.2493164
0.95,0.8813,0.06865233
0.95,0.862,0.08818358
0.95,0.8003,0.14970702
0.95,0.913,0.03691405
0.95,0.8604,0.089648426
0.95,0.839,0.1111328
0.95,0.822,0.12822264
0.95,0.899,0.051074207
0.95,0.784,0.1658203
0.95,0.8174,0.13261718
0.95,0.6934,0.2566406
0.95,0.8623,0.0876953
0.95,0.83,0.11992186
0.95,0.97,0.020214856
0.95,0.869,0.08085936
0.95,0.8975,0.05253905
0.95,0.894,0.05595702
0.95,0.8906,0.059374988
0.95,0.88,0.070117176
0.95,0.963,0.012890637
0.95,0.8604,0.089648426
0.95,0.9585,0.008496106
0.95,0.853,0.096972644
0.95,0.9014,0.0486328
0.95,0.8496,0.10039061
0.95,0.815,0.13505858
0.95,0.869,0.08085936
0.95,0.8105,0.13945311
0.95,0.8315,0.11845702
0.95,0.789,0.16093749
0.95,0.843,0.10722655
0.95,0.827,0.12285155
0.95,0.788,0.16191405
0.95,0.65,0.30009764
0.95,0.1333,0.8166992
0.95,0.258,0.69194335
0.95,0.794,0.15605468
0.95,0.8164,0.13359374
0.95,0.794,0.15605468
0.95,0.806,0.14384764
0.95,0.4421,0.5078613
0.95,0.773,0.17705077
0.95,0.7427,0.2073242
0.95,0.874,0.07597655
0.95,0.7734,0.17656249
0.95,0.8564,0.093554676
0.95,0.8037,0.14628905
0.95,0.2012,0.7488281
0.95,0.733,0.21708983
0.95,0.788,0.16191405
0.95,0.868,0.081835926
0.95,0.862,0.08818358
0.95,0.657,0.29277343
0.95,0.76,0.19023436
0.95,0.3125,0.6375
0.95,0.83,0.11992186
0.95,0.8506,0.09941405
0.95,0.879,0.07109374
0.95,0.828,0.12187499
0.95,0.827,0.12285155
0.95,0.851,0.09892577
0.95,0.77,0.17998046
0.95,0.668,0.28203124
0.95,0.72,0.22978514
0.95,0.7363,0.21367186
0.95,0.8315,0.11845702
0.95,0.758,0.19218749
0.95,0.833,0.116992176
0.95,0.7515,0.19853514
0.95,0.83,0.11992186
0.95,0.5107,0.4392578
0.95,0.7705,0.17949218
0.95,0.7207,0.22929686
0.95,0.832,0.11796874
0.95,0.796,0.15410155
0.95,0.835,0.11503905
0.95,0.792,0.1580078
0.95,0.6445,0.30546874
0.95,0.8286,0.12138671
0.95,0.867,0.08281249
0.95,0.872,0.077929676
0.95,0.451,0.49907225
0.95,0.4722,0.47783202
0.95,0.8154,0.1345703
0.95,0.7817,0.1682617
0.95,0.8306,0.11943358
0.95,0.794,0.15605468
0.95,0.827,0.12285155
0.95,0.7856,0.16435546
0.95,0.685,0.2649414
0.95,0.716,0.23417968
0.95,0.535,0.41484374
0.95,0.6875,0.2625
0.95,0.7505,0.1995117
0.95,0.793,0.15703124
0.95,0.8345,0.11552733
0.95,0.7915,0.15849608
0.95,0.82,0.13017577
0.95,0.844,0.10576171
0.95,0.7383,0.21171874
0.95,0.707,0.24296874
0.95,0.6187,0.33134764
0.95,0.562,0.38798827
0.95,0.843,0.10722655
0.95,0.842,0.10820311
0.95,0.755,0.19511718
0.95,0.7944,0.1555664
0.95,0.8247,0.12529296
0.95,0.69,0.26005858
0.95,0.8325,0.11748046
0.95,0.8604,0.089648426
0.95,0.8076,0.1423828
0.95,0.904,0.046191394
0.95,0.7915,0.15849608
0.95,0.726,0.22392577
0.95,0.7163,0.2336914
0.95,0.753,0.1970703
0.95,0.734,0.21611327
0.95,0.7876,0.16240233
0.95,0.8516,0.09843749
0.95,0.847,0.10283202
0.95,0.8623,0.0876953
0.95,0.8813,0.06865233
0.95,0.792,0.1580078
0.95,0.8237,0.12626952
0.95,0.856,0.09404296
0.95,0.7876,0.16240233
0.95,0.844,0.10576171
0.95,0.782,0.16777343
0.95,0.885,0.06523436
0.95,0.8203,0.12968749
0.95,0.8306,0.11943358
0.95,0.751,0.19902343
0.95,0.515,0.43486327
0.95,0.7495,0.20048827
0.95,0.8013,0.14873046
0.95,0.7837,0.16630858
0.95,0.8325,0.11748046
0.95,0.44,0.5100586
0.95,0.3474,0.6025879
0.95,0.7246,0.22539061
0.95,0.771,0.1790039
0.95,0.8066,0.14335936
0.95,0.6836,0.26640624
0.95,0.892,0.057910144
0.95,0.88,0.070117176
0.95,0.8677,0.08232421
0.95,0.7983,0.15166014
0.95,0.0899,0.8600952
0.95,0.643,0.30693358
0.95,0.8325,0.11748046
0.95,0.858,0.09208983
0.95,0.8047,0.14531249
0.95,0.7925,0.15751952
0.95,0.85,0.09990233
0.95,0.8203,0.12968749
0.95,0.789,0.16093749
0.95,0.632,0.31816405
0.95,0.2231,0.72685546
0.95,0.03174,0.9182617
0.95,0.8247,0.12529296
0.95,0.595,0.35478514
0.95,0.812,0.13798827
0.95,0.841,0.109179676
0.95,0.7827,0.16728514
0.95,0.878,0.0720703
0.95,0.817,0.13310546
0.95,0.3726,0.5774414
0.95,0.253,0.6970703
0.95,0.8247,0.12529296
0.95,0.8223,0.12773436
0.95,0.668,0.28203124
0.95,0.453,0.49711913
0.95,0.609,0.34111327
0.95,0.5347,0.41533202
0.95,0.723,0.22685546
0.95,0.5493,0.40068358
0.95,0.5283,0.42167968
0.95,0.7563,0.19365233
0.95,0.593,0.35722655
0.95,0.7964,0.15361327
0.95,0.7036,0.2463867
0.95,0.611,0.33916014
0.95,0.7207,0.22929686
0.95,0.834,0.11601561
0.95,0.354,0.5959961
0.95,0.785,0.16484374
0.95,0.2075,0.74248046
0.95,0.7686,0.1814453
0.95,0.532,0.41777343
0.95,0.7065,0.24345702
0.95,0.519,0.43095702
0.95,0.7886,0.16142577
0.95,0.8013,0.14873046
0.95,0.8013,0.14873046
0.95,0.8555,0.09453124
0.95,0.7095,0.24052733
0.95,0.842,0.10820311
0.95,0.844,0.10576171
0.95,0.834,0.11601561
0.95,0.7925,0.15751952
0.95,0.841,0.109179676
0.95,0.803,0.14677733
0.95,0.844,0.10576171
0.95,0.852,0.09794921
0.95,0.5283,0.42167968
0.95,0.8276,0.12236327
0.95,0.8745,0.07548827
0.95,0.815,0.13505858
0.95,0.8022,0.1477539
0.95,0.7783,0.17167968
0.95,0.828,0.12187499
0.95,0.8125,0.13749999
0.95,0.719,0.2307617
0.95,0.827,0.12285155
0.95,0.8115,0.13847655
0.95,0.757,0.19316405
0.95,0.8384,0.11162108
0.95,0.7954,0.15458983
0.95,0.8096,0.14042968
0.95,0.8613,0.08867186
0.95,0.844,0.10576171
0.95,0.83,0.11992186
0.95,0.7983,0.15166014
0.95,0.8467,0.1033203
0.95,0.8315,0.11845702
0.95,0.796,0.15410155
0.95,0.858,0.09208983
0.95,0.8027,0.14726561
0.95,0.854,0.09599608
0.95,0.872,0.077929676
0.95,0.831,0.1189453
0.95,0.8403,0.10966796
0.95,0.8687,0.081347644
0.95,0.818,0.1321289
0.95,0.8,0.1501953
0.95,0.8604,0.089648426
0.95,0.798,0.15214843
0.95,0.8022,0.1477539
0.95,0.7993,0.15068358
0.95,0.809,0.14091796
0.95,0.882,0.06816405
0.95,0.848,0.10185546
0.95,0.914,0.035937488
0.95,0.8193,0.13066405
0.95,0.8096,0.14042968
0.95,0.8438,0.10624999
0.95,0.8525,0.097460926
0.95,0.8545,0.0955078
0.95,0.87,0.0798828
0.95,0.8477,0.10234374
0.95,0.804,0.14580077
0.95,0.794,0.15605468
0.95,0.8154,0.1345703
0.95,0.801,0.14921874
0.95,0.83,0.11992186
0.95,0.79,0.15996093
0.95,0.853,0.096972644
0.95,0.8145,0.13554686
0.82118046,0.8506,0.029405475
0.95,0.8022,0.1477539
0.95,0.876,0.074023426
0.95,0.8633,0.08671874
0.95,0.8525,0.097460926
0.95,0.7856,0.16435546
0.95,0.7847,0.16533202
0.95,0.834,0.11601561
0.95,0.881,0.06914061
0.95,0.773,0.17705077
0.95,0.8394,0.11064452
0.95,0.8237,0.12626952
0.95,0.788,0.16191405
0.95,0.82,0.13017577
0.95,0.818,0.1321289
0.95,0.8647,0.085253894
0.95,0.8633,0.08671874
0.95,0.863,0.08720702
0.95,0.8096,0.14042968
0.95,0.7734,0.17656249
0.95,0.74,0.20976561
0.95,0.852,0.09794921
0.95,0.8076,0.1423828
0.95,0.853,0.096972644
0.95,0.8633,0.08671874
0.95,0.8643,0.085742176
0.95,0.8345,0.11552733
0.95,0.7686,0.1814453
0.95,0.8257,0.124316394
0.95,0.8413,0.108691394
0.95,0.815,0.13505858
0.95,0.7617,0.18828124
0.95,0.8154,0.1345703
0.95,0.809,0.14091796
0.95,0.8525,0.097460926
0.95,0.8286,0.12138671
0.95,0.8096,0.14042968
0.95,0.8438,0.10624999
0.95,0.8237,0.12626952
0.95,0.8164,0.13359374
0.95,0.799,0.15117186
0.95,0.89,0.05986327
0.95,0.759,0.19121093
0.95,0.826,0.12382811
0.95,0.825,0.124804676
0.95,0.768,0.18193358
0.95,0.787,0.16289061
0.95,0.796,0.15410155
0.95,0.7993,0.15068358
0.95,0.8657,0.08427733
0.95,0.836,0.11406249
0.95,0.821,0.1291992
0.95,0.8286,0.12138671
0.95,0.7686,0.1814453
0.95,0.8105,0.13945311
0.95,0.829,0.120898426
0.95,0.801,0.14921874
0.95,0.837,0.113085926
0.95,0.809,0.14091796
0.95,0.8154,0.1345703
0.95,0.864,0.08623046
0.95,0.811,0.13896483
0.95,0.8125,0.13749999
0.95,0.8066,0.14335936
0.95,0.8457,0.10429686
0.95,0.876,0.074023426
0.95,0.8794,0.07060546
0.95,0.8457,0.10429686
0.95,0.819,0.13115233
0.95,0.7944,0.1555664
0.95,0.803,0.14677733
0.95,0.807,0.14287108
0.95,0.7925,0.15751952
0.95,0.8516,0.09843749
0.95,0.8213,0.12871093
0.95,0.824,0.12578124
0.95,0.904,0.046191394
0.95,0.8013,0.14873046
0.95,0.7544,0.19560546
0.95,0.8364,0.11357421
0.95,0.845,0.104785144
0.95,0.812,0.13798827
0.95,0.8486,0.101367176
0.95,0.8525,0.097460926
0.95,0.7886,0.16142577
0.95,0.833,0.116992176
0.95,0.8335,0.116503894
0.95,0.7603,0.18974608
0.95,0.813,0.1370117
0.95,0.8037,0.14628905
0.95,0.7866,0.1633789
0.95,0.8374,0.112597644
0.95,0.855,0.09501952
0.95,0.855,0.09501952
0.95,0.8696,0.08037108
0.95,0.76,0.19023436
0.95,0.849,0.100878894
0.95,0.781,0.16923827
0.95,0.7476,0.2024414
0.95,0.768,0.18193358
0.95,0.758,0.19218749
0.95,0.7573,0.19267577
0.95,0.87,0.0798828
0.95,0.7744,0.17558593
0.95,0.8403,0.10966796
0.95,0.8105,0.13945311
0.95,0.83,0.11992186
0.95,0.8784,0.07158202
0.95,0.7676,0.18242186
0.95,0.8066,0.14335936
0.95,0.854,0.09599608
0.95,0.808,0.14189452
0.95,0.7715,0.17851561
0.95,0.8184,0.13164061
0.95,0.794,0.15605468
0.95,0.881,0.06914061
0.95,0.83,0.11992186
0.95,0.8477,0.10234374
0.95,0.8423,0.10771483
0.95,0.858,0.09208983
0.95,0.7456,0.20439452
0.95,0.8735,0.07646483
0.95,0.8228,0.12724608
0.95,0.8115,0.13847655
0.95,0.7905,0.15947264
0.95,0.7974,0.1526367
0.95,0.7856,0.16435546
0.95,0.8364,0.11357421
0.95,0.7266,0.22343749
0.95,0.826,0.12382811
0.95,0.8125,0.13749999
0.95,0.8228,0.12724608
0.95,0.778,0.17216796
0.95,0.8115,0.13847655
0.95,0.7812,0.16874999
0.95,0.8564,0.093554676
0.95,0.83,0.11992186
0.95,0.8306,0.11943358
0.95,0.824,0.12578124
0.95,0.846,0.10380858
0.95,0.9004,0.049609363
0.95,0.888,0.061816394
0.95,0.941,0.009082019
0.95,0.848,0.10185546
0.95,0.883,0.06718749
0.95,0.821,0.1291992
0.95,0.858,0.09208983
0.95,0.8496,0.10039061
0.95,0.8555,0.09453124
0.95,0.8154,0.1345703
0.95,0.8213,0.12871093
0.95,0.8145,0.13554686
0.95,0.7915,0.15849608
0.95,0.8423,0.10771483
0.95,0.811,0.13896483
0.95,0.844,0.10576171
0.95,0.796,0.15410155
0.95,0.811,0.13896483
0.95,0.837,0.113085926
0.95,0.8345,0.11552733
0.95,0.8457,0.10429686
0.95,0.832,0.11796874
0.95,0.878,0.0720703
0.95,0.8384,0.11162108
0.95,0.773,0.17705077
0.95,0.825,0.124804676
0.95,0.7847,0.16533202
0.95,0.8438,0.10624999
0.95,0.91,0.039843738
0.95,0.8384,0.11162108
0.95,0.846,0.10380858
0.95,0.8486,0.101367176
0.95,0.8984,0.051562488
0.95,0.881,0.06914061
0.95,0.8433,0.10673827
0.95,0.8403,0.10966796
0.95,0.814,0.13603514
0.95,0.8467,0.1033203
0.95,0.8228,0.12724608
0.95,0.9224,0.027636707
0.95,0.811,0.13896483
0.95,0.8013,0.14873046
0.95,0.901,0.04912108
0.95,0.8867,0.06328124
0.95,0.912,0.037890613
0.95,0.903,0.047167957
0.95,0.874,0.07597655
0.95,0.8433,0.10673827
0.95,0.85,0.09990233
0.95,0.816,0.13408202
0.95,0.788,0.16191405
0.95,0.8105,0.13945311
0.95,0.825,0.124804676
0.95,0.8184,0.13164061
0.95,0.8647,0.085253894
0.95,0.793,0.15703124
0.95,0.85,0.09990233
0.95,0.8374,0.112597644
0.95,0.823,0.1267578
0.95,0.8657,0.08427733
0.95,0.838,0.11210936
0.95,0.8345,0.11552733
0.95,0.876,0.074023426
0.95,0.8184,0.13164061
0.95,0.8706,0.07939452
0.95,0.856,0.09404296
0.95,0.867,0.08281249
0.95,0.856,0.09404296
0.95,0.882,0.06816405
0.95,0.8193,0.13066405
0.95,0.876,0.074023426
0.95,0.9214,0.02861327
0.95,0.9214,0.02861327
0.95,0.9214,0.02861327
0.95,0.848,0.10185546
0.95,0.7886,0.16142577
0.95,0.882,0.06816405
0.95,0.8604,0.089648426
0.95,0.8735,0.07646483
0.95,0.858,0.09208983
0.95,0.9004,0.049609363
0.95,0.825,0.124804676
0.95,0.8335,0.116503894
0.95,0.805,0.1448242
0.95,0.841,0.109179676
0.95,0.767,0.18291014
0.95,0.813,0.1370117
0.95,0.7993,0.15068358
0.95,0.805,0.1448242
0.95,0.804,0.14580077
0.95,0.8047,0.14531249
0.95,0.8057,0.14433593
0.95,0.8936,0.0564453
0.95,0.8403,0.10966796
0.95,0.8066,0.14335936
0.95,0.831,0.1189453
0.95,0.8086,0.14140624
0.95,0.7827,0.16728514
0.95,0.8696,0.08037108
0.95,0.8184,0.13164061
0.95,0.829,0.120898426
0.95,0.8594,0.09062499
0.95,0.8203,0.12968749
0.95,0.851,0.09892577
0.95,0.823,0.1267578
0.95,0.8716,0.07841796
0.95,0.8364,0.11357421
0.95,0.883,0.06718749
0.95,0.812,0.13798827
0.95,0.804,0.14580077
0.95,0.8003,0.14970702
0.95,0.8,0.1501953
0.95,0.873,0.07695311
0.95,0.8726,0.077441394
0.95,0.8525,0.097460926
0.95,0.868,0.081835926
0.95,0.8486,0.101367176
0.95,0.8374,0.112597644
0.95,0.863,0.08720702
0.95,0.847,0.10283202
0.95,0.811,0.13896483
0.95,0.9146,0.035449207
0.95,0.756,0.19414061
0.95,0.779,0.1711914
0.95,0.8203,0.12968749
0.95,0.761,0.18876952
0.95,0.8467,0.1033203
0.95,0.7993,0.15068358
0.95,0.8228,0.12724608
0.95,0.8354,0.11455077
0.95,0.8315,0.11845702
0.95,0.839,0.1111328
0.95,0.784,0.1658203
0.95,0.776,0.17412108
0.95,0.775,0.17509764
0.95,0.785,0.16484374
0.95,0.8228,0.12724608
0.95,0.8467,0.1033203
0.95,0.8403,0.10966796
0.95,0.86,0.09013671
0.95,0.863,0.08720702
0.95,0.8306,0.11943358
0.95,0.869,0.08085936
0.95,0.8325,0.11748046
0.95,0.882,0.06816405
0.95,0.8706,0.07939452
0.95,0.8657,0.08427733
0.95,0.77,0.17998046
0.95,0.867,0.08281249
0.95,0.8403,0.10966796
0.95,0.8506,0.09941405
0.95,0.8477,0.10234374
0.95,0.8447,0.105273426
0.95,0.835,0.11503905
0.95,0.8936,0.0564453
0.95,0.8633,0.08671874
0.95,0.7837,0.16630858
0.95,0.8486,0.101367176
0.95,0.825,0.124804676
0.95,0.8237,0.12626952
0.95,0.8267,0.12333983
0.95,0.8267,0.12333983
0.95,0.8804,0.069628894
0.95,0.8325,0.11748046
0.95,0.813,0.1370117
0.95,0.833,0.116992176
0.95,0.796,0.15410155
0.95,0.813,0.1370117
0.95,0.808,0.14189452
0.95,0.851,0.09892577
0.95,0.8877,0.062304676
0.95,0.801,0.14921874
0.95,0.793,0.15703124
0.95,0.8213,0.12871093
0.95,0.8423,0.10771483
0.95,0.8203,0.12968749
0.95,0.806,0.14384764
0.95,0.8154,0.1345703
0.95,0.7993,0.15068358
0.95,0.833,0.116992176
0.95,0.7793,0.17070311
0.95,0.7837,0.16630858
0.95,0.826,0.12382811
0.95,0.875,0.07499999
0.95,0.8247,0.12529296
0.95,0.8345,0.11552733
0.95,0.796,0.15410155
0.95,0.8174,0.13261718
0.95,0.8257,0.124316394
0.95,0.841,0.109179676
0.95,0.7905,0.15947264
0.95,0.85,0.09990233
0.95,0.8457,0.10429686
0.95,0.8086,0.14140624
0.95,0.787,0.16289061
0.95,0.8374,0.112597644
0.95,0.8604,0.089648426
0.95,0.839,0.1111328
0.95,0.7676,0.18242186
0.95,0.875,0.07499999
0.95,0.8765,0.073535144
0.95,0.8496,0.10039061
0.95,0.796,0.15410155
0.95,0.8384,0.11162108
0.95,0.9175,0.03251952
0.95,0.849,0.100878894
0.95,0.8247,0.12529296
0.95,0.8335,0.116503894
0.95,0.8276,0.12236327
0.95,0.8135,0.13652343
0.95,0.899,0.051074207
0.95,0.8477,0.10234374
0.95,0.897,0.05302733
0.95,0.637,0.31279296
0.95,0.924,0.026171863
0.95,0.835,0.11503905
0.95,0.0938,0.85618895
0.95,0.8086,0.14140624
0.95,0.81,0.1399414
0.95,0.8457,0.10429686
0.95,0.8633,0.08671874
0.95,0.8633,0.08671874
0.95,0.8745,0.07548827
0.95,0.8745,0.07548827
0.95,0.7715,0.17851561
0.95,0.8887,0.061328113
0.95,0.858,0.09208983
0.95,0.8384,0.11162108
0.95,0.8203,0.12968749
0.95,0.8096,0.14042968
0.95,0.806,0.14384764
0.95,0.857,0.093066394
0.95,0.898,0.05205077
0.95,0.83,0.11992186
0.95,0.8706,0.07939452
0.95,0.82,0.13017577
0.95,0.812,0.13798827
0.95,0.733,0.21708983
0.95,0.8027,0.14726561
0.95,0.836,0.11406249
0.95,0.831,0.1189453
0.95,0.4922,0.4578125
0.95,0.5815,0.36845702
0.95,0.831,0.1189453
0.95,0.2861,0.6638672
0.95,0.847,0.10283202
0.95,0.9517,0.0016601682
0.95,0.823,0.1267578
0.95,0.8647,0.085253894
0.95,0.855,0.09501952
0.95,0.7896,0.1604492
0.95,0.8765,0.073535144
0.95,0.907,0.042773426
0.95,0.8228,0.12724608
0.95,0.859,0.09111327
0.95,0.8145,0.13554686
0.95,0.9077,0.042285144
0.95,0.8394,0.11064452
0.95,0.7847,0.16533202
0.95,0.761,0.18876952
0.95,0.8955,0.054492176
0.95,0.8447,0.105273426
0.95,0.9146,0.035449207
0.95,0.8994,0.050585926
0.95,0.782,0.16777343
0.95,0.7866,0.1633789
0.95,0.7886,0.16142577
0.95,0.829,0.120898426
0.95,0.7905,0.15947264
0.95,0.7583,0.1916992
0.95,0.721,0.22880858
0.95,0.8228,0.12724608
0.95,0.7363,0.21367186
0.95,0.7793,0.17070311
0.95,0.847,0.10283202
0.95,0.7563,0.19365233
0.95,0.7886,0.16142577
0.95,0.862,0.08818358
0.95,0.832,0.11796874
0.95,0.759,0.19121093
0.95,0.7896,0.1604492
0.95,0.846,0.10380858
0.95,0.8467,0.1033203
0.95,0.761,0.18876952
0.95,0.9053,0.04472655
0.95,0.7964,0.15361327
0.95,0.8394,0.11064452
0.95,0.804,0.14580077
0.95,0.7734,0.17656249
0.95,0.7847,0.16533202
0.95,0.778,0.17216796
0.95,0.9165,0.03349608
0.95,0.8105,0.13945311
0.95,0.8804,0.069628894
0.95,0.7944,0.1555664
0.95,0.7935,0.15654296
0.95,0.811,0.13896483
0.95,0.8066,0.14335936
0.95,0.7993,0.15068358
0.95,0.7886,0.16142577
0.871852,0.746,0.12575823
0.95,0.7915,0.15849608
0.95,0.8394,0.11064452
0.95,0.814,0.13603514
0.95,0.8477,0.10234374
0.95,0.7783,0.17167968
0.95,0.8125,0.13749999
0.95,0.807,0.14287108
0.95,0.7896,0.1604492
0.95,0.846,0.10380858
0.95,0.8154,0.1345703
0.94900143,0.7163,0.23269284
0.95,0.8223,0.12773436
0.95,0.9033,0.046679676
0.95,0.8955,0.054492176
0.95,0.8594,0.09062499
0.8067154,0.773,0.03376621
0.95,0.909,0.0408203
0.95,0.799,0.15117186
0.95,0.7285,0.22148436
0.95,0.84,0.11015624
0.95,0.7866,0.1633789
0.95,0.853,0.096972644
0.95,0.867,0.08281249
0.95,0.9204,0.029589832
0.95,0.908,0.041796863
0.95,0.8154,0.1345703
0.95,0.757,0.19316405
0.95,-0.0194,0.9693939
0.95,-0.02872,0.978717
0.95,0.6914,0.25859374
0.95,0.8203,0.12968749
0.95,0.8906,0.059374988
0.95,0.711,0.23906249
0.95,0.836,0.11406249
0.95,0.8735,0.07646483
0.95,0.856,0.09404296
0.95,0.8545,0.0955078
0.95,0.834,0.11601561
0.95,0.7812,0.16874999
0.95,0.8135,0.13652343
0.95,0.7974,0.1526367
0.95,0.8574,0.09257811
0.95,0.731,0.21904296
0.95,0.7803,0.16972655
0.95,0.849,0.100878894
0.95,0.741,0.20878905
0.95,0.896,0.054003894
0.95,0.8096,0.14042968
0.95,0.888,0.061816394
0.95,0.825,0.124804676
0.95,0.849,0.100878894
0.95,0.8564,0.093554676
0.95,0.793,0.15703124
0.95,0.2329,0.71708983
0.95,0.878,0.0720703
0.95,0.367,0.5830566
0.95,0.2313,0.71867675
0.95,0.7715,0.17851561
0.95,0.828,0.12187499
0.95,0.8164,0.13359374
0.95,0.7866,0.1633789
0.95,0.8125,0.13749999
0.95,0.867,0.08281249
0.95,0.8447,0.105273426
0.95,0.7964,0.15361327
0.95,0.6245,0.32548827
0.95,0.772,0.17802733
0.95,0.797,0.15312499
0.95,0.8936,0.0564453
0.95,0.885,0.06523436
0.95,0.8374,0.112597644
0.95,0.8403,0.10966796
0.95,0.8555,0.09453124
0.95,0.869,0.08085936
0.95,0.814,0.13603514
0.95,0.812,0.13798827
0.95,0.887,0.06279296
0.95,0.83,0.11992186
0.95,0.7964,0.15361327
0.95,0.759,0.19121093
0.95,0.801,0.14921874
0.95,0.815,0.13505858
0.95,0.811,0.13896483
0.95,0.836,0.11406249
0.95,0.7754,0.17460936
0.95,0.846,0.10380858
0.95,0.8223,0.12773436
0.95,0.8667,0.08330077
0.95,0.8604,0.089648426
0.95,0.8394,0.11064452
0.95,0.8555,0.09453124
0.95,0.823,0.1267578
0.95,0.8506,0.09941405
0.95,0.8345,0.11552733
0.95,0.7817,0.1682617
0.95,0.7812,0.16874999
0.95,0.8643,0.085742176
0.95,0.829,0.120898426
0.95,0.8853,0.06474608
0.95,0.839,0.1111328
0.95,0.825,0.124804676
0.95,0.893,0.05693358
0.95,0.81,0.1399414
0.95,0.819,0.13115233
0.95,0.8276,0.12236327
0.95,0.8784,0.07158202
0.95,0.7725,0.17753905
0.95,0.8535,0.09648436
0.95,0.845,0.104785144
0.95,0.7935,0.15654296
0.95,0.805,0.1448242
0.95,0.902,0.04814452
0.95,0.7905,0.15947264
0.95,0.8896,0.06035155
0.95,0.4907,0.45927733
0.95,0.824,0.12578124
0.95,0.8022,0.1477539
0.95,0.745,0.2048828
0.95,0.8965,0.053515613
0.95,0.8486,0.101367176
0.95,0.842,0.10820311
0.95,0.7783,0.17167968
0.95,0.867,0.08281249
0.95,0.765,0.18486327
0.95,0.837,0.113085926
0.95,0.512,0.43779296
0.95,0.4346,0.5154297
0.95,0.681,0.26884764
0.95,0.7993,0.15068358
0.95,0.768,0.18193358
0.95,0.8394,0.11064452
0.95,0.796,0.15410155
0.95,0.839,0.1111328
0.95,0.861,0.089160144
0.95,0.8374,0.112597644
0.95,0.8877,0.062304676
0.95,0.866,0.08378905
0.95,0.854,0.09599608
0.95,0.835,0.11503905
0.95,0.8115,0.13847655
0.95,0.6147,0.3352539
0.95,0.81,0.1399414
0.95,0.747,0.20292968
0.95,0.6567,0.2932617
0.95,0.9106,0.039355457
0.95,0.8745,0.07548827
0.95,0.836,0.11406249
0.95,0.882,0.06816405
0.95,0.823,0.1267578
0.95,0.8335,0.116503894
0.95,0.8643,0.085742176
0.95,0.8623,0.0876953
0.95,0.7666,0.18339843
0.95,0.7,0.24980468
0.95,0.8135,0.13652343
0.95,0.846,0.10380858
0.95,0.736,0.21416014
0.95,0.5884,0.36162108
0.95,0.8525,0.097460926
0.95,0.861,0.089160144
0.95,0.89,0.05986327
0.95,0.8545,0.0955078
0.95,0.871,0.07890624
0.95,0.815,0.13505858
0.95,0.773,0.17705077
0.95,0.842,0.10820311
0.95,0.858,0.09208983
0.95,0.7896,0.1604492
0.95,0.705,0.24492186
0.95,0.83,0.11992186
0.95,0.8384,0.11162108
0.95,0.801,0.14921874
0.95,0.842,0.10820311
0.95,0.845,0.104785144
0.95,0.8096,0.14042968
0.95,0.5415,0.40849608
0.95,0.8135,0.13652343
0.95,0.867,0.08281249
0.95,0.832,0.11796874
0.95,0.8335,0.116503894
0.95,0.8027,0.14726561
0.95,0.789,0.16093749
0.95,0.7627,0.18730468
0.95,0.836,0.11406249
0.95,0.845,0.104785144
0.95,0.893,0.05693358
0.95,0.867,0.08281249
0.95,0.8896,0.06035155
0.95,0.817,0.13310546
0.95,0.8726,0.077441394
0.95,0.8325,0.11748046
0.95,0.8633,0.08671874
0.95,0.778,0.17216796
0.95,0.84,0.11015624
0.95,0.68,0.2698242
0.95,0.749,0.20097655
0.95,0.718,0.23222655
0.95,0.8916,0.058398426
0.95,0.8555,0.09453124
0.95,0.8813,0.06865233
0.95,0.792,0.1580078
0.95,0.8706,0.07939452
0.95,0.869,0.08085936
0.95,0.784,0.1658203
0.95,0.746,0.20390624
0.95,0.812,0.13798827
0.95,0.8154,0.1345703
0.95,0.7603,0.18974608
0.95,0.8584,0.09160155
0.95,0.9097,0.04033202
0.95,0.8447,0.105273426
0.95,0.889,0.06083983
0.95,0.756,0.19414061
0.95,0.8,0.1501953
0.95,0.7847,0.16533202
0.95,0.7603,0.18974608
0.95,0.801,0.14921874
0.95,0.886,0.06376952
0.95,0.819,0.13115233
0.95,0.8545,0.0955078
0.95,0.9014,0.0486328
0.95,0.9204,0.029589832
0.95,0.9097,0.04033202
0.95,0.898,0.05205077
0.95,0.9224,0.027636707
0.95,0.846,0.10380858
0.95,0.85,0.09990233
0.95,0.851,0.09892577
0.95,0.879,0.07109374
0.95,0.7812,0.16874999
0.95,0.7705,0.17949218
0.95,0.8203,0.12968749
0.95,0.848,0.10185546
0.95,0.792,0.1580078
0.95,0.898,0.05205077
0.95,0.854,0.09599608
0.95,0.863,0.08720702
0.95,0.8926,0.057421863
0.95,0.811,0.13896483
0.95,0.8315,0.11845702
0.95,0.884,0.066210926
0.95,0.8076,0.1423828
0.95,0.761,0.18876952
0.95,0.788,0.16191405
0.95,0.8354,0.11455077
0.95,0.8096,0.14042968
0.95,0.846,0.10380858
0.95,0.8726,0.077441394
0.95,0.8105,0.13945311
0.95,0.836,0.11406249
0.95,0.8438,0.10624999
0.95,0.7695,0.18046874
0.95,0.815,0.13505858
0.95,0.849,0.100878894
0.95,0.797,0.15312499
0.95,0.865,0.08476561
0.95,0.8906,0.059374988
0.95,0.842,0.10820311
0.95,0.8345,0.11552733
0.95,0.8354,0.11455077
0.95,0.788,0.16191405
0.95,0.7607,0.1892578
0.95,0.6914,0.25859374
0.95,0.828,0.12187499
0.95,0.825,0.124804676
0.95,0.8667,0.08330077
0.95,0.8975,0.05253905
0.95,0.8994,0.050585926
0.95,0.8076,0.1423828
0.95,0.8765,0.073535144
0.95,0.794,0.15605468
0.95,0.8535,0.09648436
0.95,0.837,0.113085926
0.95,0.82,0.13017577
0.95,0.817,0.13310546
0.95,0.834,0.11601561
0.95,0.884,0.066210926
0.95,0.799,0.15117186
0.95,0.885,0.06523436
0.95,0.853,0.096972644
0.95,0.841,0.109179676
0.95,0.868,0.081835926
0.95,0.8477,0.10234374
0.95,0.799,0.15117186
0.95,0.8145,0.13554686
0.95,0.7515,0.19853514
0.95,0.788,0.16191405
0.95,0.7983,0.15166014
0.95,0.776,0.17412108
0.95,0.9014,0.0486328
0.95,0.912,0.037890613
0.95,0.8364,0.11357421
0.95,0.899,0.051074207
0.95,0.89,0.05986327
0.95,0.9355,0.014453113
0.95,0.889,0.06083983
0.95,0.6987,0.25126952
0.95,0.8594,0.09062499
0.95,0.7905,0.15947264
0.95,0.79,0.15996093
0.95,0.937,0.012988269
0.95,0.8213,0.12871093
0.95,0.884,0.066210926
0.95,0.8613,0.08867186
0.95,0.8604,0.089648426
0.95,0.7856,0.16435546
0.95,0.752,0.19804686
0.95,0.7476,0.2024414
0.95,0.8535,0.09648436
0.95,0.8545,0.0955078
0.95,0.84,0.11015624
0.95,0.9243,0.025683582
0.95,0.9233,0.026660144
0.95,0.913,0.03691405
0.95,0.916,0.033984363
0.95,0.953,0.003125012
0.95,0.8325,0.11748046
0.95,0.8486,0.101367176
0.95,0.847,0.10283202
0.95,0.8364,0.11357421
0.95,0.6143,0.33574218
0.95,0.7944,0.1555664
0.95,0.871,0.07890624
0.95,0.2964,0.65361327
0.95,0.643,0.30693358
0.95,0.7144,0.23564452
0.95,0.761,0.18876952
0.95,0.211,0.7389404
0.95,0.791,0.15898436
0.95,0.75,0.19999999
0.95,0.744,0.20585936
0.95,0.868,0.081835926
0.95,0.8354,0.11455077
0.95,0.8325,0.11748046
0.95,0.8604,0.089648426
0.95,0.4,0.55009764
0.95,0.2534,0.696582
0.95,0.453,0.49711913
0.95,0.72,0.22978514
0.95,0.6914,0.25859374
0.95,0.8438,0.10624999
0.95,0.8145,0.13554686
0.95,0.806,0.14384764
0.95,0.849,0.100878894
0.95,0.87,0.0798828
0.95,0.885,0.06523436
0.95,0.7935,0.15654296
0.95,0.883,0.06718749
0.95,0.823,0.1267578
0.95,0.855,0.09501952
0.95,0.8545,0.0955078
0.95,0.8105,0.13945311
0.95,0.828,0.12187499
0.95,0.7603,0.18974608
0.95,0.8667,0.08330077
0.95,0.8394,0.11064452
0.95,0.8496,0.10039061
0.95,0.891,0.058886707
0.95,0.859,0.09111327
0.95,0.863,0.08720702
0.95,0.888,0.061816394
0.95,0.8447,0.105273426
0.95,0.8096,0.14042968
0.95,0.8257,0.124316394
0.95,0.801,0.14921874
0.95,0.875,0.07499999
0.95,0.846,0.10380858
0.95,0.8486,0.101367176
0.95,0.8755,0.07451171
0.95,0.889,0.06083983
0.95,0.83,0.11992186
0.95,0.8457,0.10429686
0.95,0.777,0.17314452
0.95,0.8696,0.08037108
0.95,0.83,0.11992186
0.95,0.817,0.13310546
0.95,0.801,0.14921874
0.95,0.8096,0.14042968
0.95,0.828,0.12187499
0.95,0.887,0.06279296
0.95,0.8125,0.13749999
0.95,0.85,0.09990233
0.95,0.8623,0.0876953
0.95,0.844,0.10576171
0.95,0.8525,0.097460926
0.95,0.8965,0.053515613
0.95,0.8853,0.06474608
0.95,0.8223,0.12773436
0.95,0.8696,0.08037108
0.95,0.9683,0.01826173
0.95,0.8477,0.10234374
0.95,0.879,0.07109374
0.95,0.8403,0.10966796
0.95,0.8374,0.112597644
0.95,0.9214,0.02861327
0.95,0.8374,0.112597644
0.95,0.889,0.06083983
0.95,0.8677,0.08232421
0.95,0.84,0.11015624
0.95,0.857,0.093066394
0.95,0.865,0.08476561
0.95,0.8394,0.11064452
0.95,0.891,0.058886707
0.95,0.8647,0.085253894
0.95,0.8643,0.085742176
0.95,0.8296,0.120410144
0.95,0.8706,0.07939452
0.95,0.8716,0.07841796
0.95,0.8306,0.11943358
0.95,0.851,0.09892577
0.95,0.8394,0.11064452
0.95,0.8213,0.12871093
0.95,0.8403,0.10966796
0.95,0.819,0.13115233
0.95,0.8506,0.09941405
0.95,0.811,0.13896483
0.95,0.8354,0.11455077
0.95,0.8423,0.10771483
0.95,0.89,0.05986327
0.95,0.9194,0.030566394
0.95,0.929,0.02080077
0.95,0.837,0.113085926
0.95,0.797,0.15312499
0.95,0.8174,0.13261718
0.95,0.847,0.10283202
0.95,0.882,0.06816405
0.95,0.8374,0.112597644
0.95,0.8223,0.12773436
0.95,0.834,0.11601561
0.95,0.8003,0.14970702
0.95,0.8296,0.120410144
0.95,0.8345,0.11552733
0.95,0.858,0.09208983
0.95,0.8037,0.14628905
0.95,0.853,0.096972644
0.95,0.843,0.10722655
0.95,0.8457,0.10429686
0.95,0.7715,0.17851561
0.95,0.8125,0.13749999
0.95,0.803,0.14677733
0.95,0.7773,0.17265624
0.95,0.7944,0.1555664
0.95,0.834,0.11601561
0.95,0.879,0.07109374
0.95,0.837,0.113085926
0.95,0.837,0.113085926
0.95,0.8457,0.10429686
0.95,0.8853,0.06474608
0.95,0.869,0.08085936
0.95,0.8086,0.14140624
0.95,0.848,0.10185546
0.95,0.8057,0.14433593
0.95,0.8047,0.14531249
0.95,0.862,0.08818358
0.95,0.8223,0.12773436
0.95,0.8525,0.097460926
0.95,0.863,0.08720702
0.95,0.8135,0.13652343
0.95,0.8057,0.14433593
0.95,0.7993,0.15068358
0.95,0.815,0.13505858
0.95,0.8726,0.077441394
0.95,0.84,0.11015624
0.95,0.832,0.11796874
0.95,0.8623,0.0876953
0.95,0.7974,0.1526367
0.95,0.7993,0.15068358
0.95,0.8047,0.14531249
0.95,0.828,0.12187499
0.95,0.7974,0.1526367
0.95,0.8135,0.13652343
0.95,0.795,0.15507811
0.95,0.8003,0.14970702
0.95,0.8203,0.12968749
0.95,0.803,0.14677733
0.95,0.835,0.11503905
0.95,0.822,0.12822264
0.95,0.8354,0.11455077
0.95,0.855,0.09501952
0.95,0.828,0.12187499
0.95,0.799,0.15117186
0.95,0.828,0.12187499
0.95,0.8345,0.11552733
0.95,0.7935,0.15654296
0.95,0.8003,0.14970702
0.95,0.8237,0.12626952
0.95,0.7974,0.1526367
0.95,0.8345,0.11552733
0.95,0.795,0.15507811
0.95,0.838,0.11210936
0.95,0.818,0.1321289
0.95,0.8257,0.124316394
0.95,0.8516,0.09843749
0.95,0.776,0.17412108
0.95,0.882,0.06816405
0.95,0.8706,0.07939452
0.95,0.8774,0.07255858
0.95,0.8345,0.11552733
0.95,0.845,0.104785144
0.95,0.891,0.058886707
0.95,0.849,0.100878894
0.95,0.807,0.14287108
0.95,0.866,0.08378905
0.95,0.8623,0.0876953
0.95,0.8354,0.11455077
0.95,0.912,0.037890613
0.95,0.916,0.033984363
0.95,0.901,0.04912108
0.95,0.8516,0.09843749
0.95,0.8076,0.1423828
0.95,0.8745,0.07548827
0.95,0.863,0.08720702
0.95,0.7847,0.16533202
0.95,0.822,0.12822264
0.95,0.887,0.06279296
0.95,0.8936,0.0564453
0.95,0.816,0.13408202
0.95,0.8916,0.058398426
0.95,0.839,0.1111328
0.95,0.824,0.12578124
0.95,0.878,0.0720703
0.95,0.913,0.03691405
0.95,0.8364,0.11357421
0.95,0.806,0.14384764
0.95,0.9526,0.0026367307
0.95,0.7896,0.1604492
0.95,0.8364,0.11357421
0.95,0.868,0.081835926
0.95,0.8135,0.13652343
0.95,0.888,0.061816394
0.95,0.861,0.089160144
0.95,0.869,0.08085936
0.95,0.8735,0.07646483
0.95,0.8276,0.12236327
0.95,0.8223,0.12773436
0.95,0.8115,0.13847655
0.95,0.7954,0.15458983
0.95,0.837,0.113085926
0.95,0.8657,0.08427733
0.95,0.839,0.1111328
0.95,0.8325,0.11748046
0.95,0.818,0.1321289
0.95,0.803,0.14677733
0.95,0.837,0.113085926
0.95,0.8315,0.11845702
0.95,0.1302,0.81975096
0.95,0.8247,0.12529296
0.95,0.779,0.1711914
0.95,0.7104,0.23955077
0.95,0.516,0.4338867
0.95,0.6216,0.32841796
0.95,0.6587,0.29130858
0.95,0.701,0.24882811
0.95,0.795,0.15507811
0.95,0.7383,0.21171874
0.95,0.7646,0.18535155
0.95,0.0648,0.88518065
0.95,0.805,0.1448242
0.95,0.6206,0.32939452
0.95,0.838,0.11210936
0.95,0.772,0.17802733
0.95,0.753,0.1970703
0.95,0.8535,0.09648436
0.95,0.9155,0.034472644
0.95,0.815,0.13505858
0.95,0.04208,0.90791625
0.95,0.1481,0.8019287
0.95,0.787,0.16289061
0.95,0.8066,0.14335936
0.95,0.796,0.15410155
0.95,0.767,0.18291014
0.95,0.6,0.34990233
0.95,0.7896,0.1604492
0.95,0.854,0.09599608
0.95,0.8,0.1501953
0.95,0.8486,0.101367176
0.95,0.83,0.11992186
0.95,0.7686,0.1814453
0.95,0.7817,0.1682617
0.95,0.7437,0.20634764
0.95,0.7437,0.20634764
0.95,0.8394,0.11064452
0.95,0.8394,0.11064452
0.95,0.7847,0.16533202
0.95,0.7847,0.16533202
0.95,0.864,0.08623046
0.95,0.864,0.08623046
0.95,0.8003,0.14970702
0.95,0.762,0.18779296
0.95,0.8003,0.14970702
0.95,0.762,0.18779296
0.95,0.8345,0.11552733
0.95,0.8345,0.11552733
0.95,0.8696,0.08037108
0.95,0.8696,0.08037108
0.95,0.8496,0.10039061
0.95,0.8496,0.10039061
0.95,0.8657,0.08427733
0.95,0.83,0.11992186
0.95,0.8657,0.08427733
0.95,0.817,0.13310546
0.95,0.817,0.13310546
0.95,0.8438,0.10624999
0.95,0.8438,0.10624999
0.95,0.7837,0.16630858
0.95,0.7837,0.16630858
0.75085497,0.819,0.06799269
0.75085497,0.819,0.06799269
0.95,0.843,0.10722655
0.95,0.793,0.15703124
0.95,0.843,0.10722655
0.95,0.8027,0.14726561
0.95,0.8027,0.14726561
0.95,0.8823,0.06767577
0.95,0.8823,0.06767577
0.95,0.846,0.10380858
0.95,0.846,0.10380858
0.95,0.8335,0.116503894
0.95,0.8335,0.116503894
0.95,0.82,0.13017577
0.95,0.793,0.15703124
0.95,0.82,0.13017577
0.95,0.8213,0.12871093
0.95,0.8213,0.12871093
0.95,0.845,0.104785144
0.95,0.845,0.104785144
0.95,0.8193,0.13066405
0.95,0.8193,0.13066405
0.95,0.821,0.1291992
0.95,0.821,0.1291992
0.95,0.839,0.1111328
0.95,0.7637,0.18632811
0.95,0.839,0.1111328
0.95,0.8525,0.097460926
0.95,0.8525,0.097460926
0.95,0.765,0.18486327
0.95,0.765,0.18486327
0.95,0.8047,0.14531249
0.95,0.8047,0.14531249
0.95,0.8257,0.124316394
0.95,0.8257,0.124316394
0.95,0.82,0.13017577
0.95,0.7637,0.18632811
0.95,0.82,0.13017577
0.95,0.8237,0.12626952
0.95,0.8237,0.12626952
0.95,0.77,0.17998046
0.95,0.77,0.17998046
0.95,0.819,0.13115233
0.95,0.819,0.13115233
0.95,0.802,0.14824218
0.95,0.802,0.14824218
0.95,0.803,0.14677733
0.95,0.8447,0.105273426
0.95,0.803,0.14677733
0.95,0.8477,0.10234374
0.95,0.8477,0.10234374
0.95,0.83,0.11992186
0.95,0.83,0.11992186
0.95,0.814,0.13603514
0.95,0.814,0.13603514
0.95,0.847,0.10283202
0.95,0.847,0.10283202
0.95,0.821,0.1291992
0.95,0.8447,0.105273426
0.95,0.821,0.1291992
0.95,0.817,0.13310546
0.95,0.817,0.13310546
0.95,0.838,0.11210936
0.95,0.838,0.11210936
0.95,0.8125,0.13749999
0.95,0.8125,0.13749999
0.95,0.7803,0.16972655
0.95,0.7803,0.16972655
0.95,0.8477,0.10234374
0.95,0.7686,0.1814453
0.95,0.8477,0.10234374
0.95,0.8335,0.116503894
0.95,0.8335,0.116503894
0.95,0.828,0.12187499
0.95,0.828,0.12187499
0.95,0.824,0.12578124
0.95,0.824,0.12578124
0.95,0.8027,0.14726561
0.95,0.8027,0.14726561
0.95,0.7817,0.1682617
0.95,0.779,0.1711914
0.95,0.812,0.13798827
0.95,0.821,0.1291992
0.95,0.097,0.8530151
0.95,0.6743,0.27568358
0.95,0.7266,0.22343749
0.95,0.7505,0.1995117
0.95,0.7275,0.22246093
0.95,0.0769,0.8730957
0.95,0.0822,0.86778563
0.95,0.2568,0.69316405
0.95,0.4316,0.51835936
0.95,0.2401,0.7098877
0.95,0.2268,0.72319335
0.95,0.1405,0.80949706
0.95,0.7705,0.17949218
0.95,0.7856,0.16435546
0.95,0.818,0.1321289
0.95,0.837,0.113085926
0.95,0.839,0.1111328
0.95,0.923,0.027148426
0.95,0.7686,0.1814453
0.95,0.7817,0.1682617
0.95,0.8086,0.14140624
0.95,0.85,0.09990233
0.95,0.812,0.13798827
0.95,0.853,0.096972644
0.95,0.811,0.13896483
0.95,0.8315,0.11845702
0.95,0.8755,0.07451171
0.95,0.8516,0.09843749
0.95,0.843,0.10722655
0.95,0.722,0.22783202
0.95,0.8105,0.13945311
0.95,0.8203,0.12968749
0.95,0.8677,0.08232421
0.95,0.842,0.10820311
0.95,0.8306,0.11943358
0.95,0.8374,0.112597644
0.95,0.714,0.2361328
0.95,0.802,0.14824218
0.95,0.84,0.11015624
0.95,0.8477,0.10234374
0.95,0.817,0.13310546
0.95,0.8457,0.10429686
0.95,0.6016,0.3484375
0.95,0.8457,0.10429686
0.95,0.8423,0.10771483
0.95,0.8423,0.10771483
0.95,0.811,0.13896483
0.95,0.811,0.13896483
0.95,0.8945,0.055468738
0.95,0.88,0.070117176
0.95,0.8945,0.055468738
0.95,0.879,0.07109374
0.95,0.879,0.07109374
0.95,0.902,0.04814452
0.95,0.902,0.04814452
0.95,0.8535,0.09648436
0.95,0.896,0.054003894
0.95,0.711,0.23906249
0.95,0.8765,0.073535144
0.95,0.791,0.15898436
0.95,0.893,0.05693358
0.95,0.8267,0.12333983
0.95,0.8267,0.12333983
0.95,0.795,0.15507811
0.95,0.795,0.15507811
0.95,0.89,0.05986327
0.95,0.89,0.05986327
0.95,0.8726,0.077441394
0.95,0.8726,0.077441394
0.95,0.918,0.032031238
0.95,0.918,0.032031238
0.95,0.8267,0.12333983
0.95,0.8486,0.101367176
0.95,0.8716,0.07841796
0.95,0.789,0.16093749
0.95,0.8394,0.11064452
0.95,0.8276,0.12236327
0.95,0.8833,0.06669921
0.95,0.8833,0.06669921
0.95,0.916,0.033984363
0.95,0.916,0.033984363
0.95,0.82,0.13017577
0.95,0.809,0.14091796
0.95,0.82,0.13017577
0.95,0.7637,0.18632811
0.95,0.7637,0.18632811
0.95,0.822,0.12822264
0.95,0.822,0.12822264
0.95,0.809,0.14091796
0.95,0.809,0.14091796
0.95,0.7856,0.16435546
0.95,0.812,0.13798827
0.95,0.8076,0.1423828
0.95,0.8076,0.1423828
0.95,0.871,0.07890624
0.95,0.8555,0.09453124
0.95,0.8545,0.0955078
0.95,0.8086,0.14140624
0.95,0.8086,0.14140624
0.95,0.789,0.16093749
0.95,0.789,0.16093749
0.95,0.851,0.09892577
0.95,0.851,0.09892577
0.95,0.8203,0.12968749
0.95,0.8076,0.1423828
0.95,0.8203,0.12968749
0.95,0.855,0.09501952
0.95,0.855,0.09501952
0.95,0.8564,0.093554676
0.95,0.8896,0.06035155
0.95,0.8364,0.11357421
0.95,0.8774,0.07255858
0.95,0.8574,0.09257811
0.95,0.7983,0.15166014
0.95,0.7983,0.15166014
0.95,0.8286,0.12138671
0.95,0.8286,0.12138671
0.95,0.8286,0.12138671
0.95,0.897,0.05302733
0.95,0.897,0.05302733
0.95,0.819,0.13115233
0.95,0.819,0.13115233
0.95,0.8896,0.06035155
0.95,0.8896,0.06035155
0.95,0.8413,0.108691394
0.95,0.8257,0.124316394
0.95,0.8286,0.12138671
0.95,0.87,0.0798828
0.95,0.854,0.09599608
0.95,0.8003,0.14970702
0.95,0.7876,0.16240233
0.95,0.813,0.1370117
0.95,0.802,0.14824218
0.95,0.802,0.14824218
0.95,0.855,0.09501952
0.95,0.855,0.09501952
0.95,0.9023,0.047656238
0.95,0.863,0.08720702
0.95,0.9023,0.047656238
0.95,0.856,0.09404296
0.95,0.856,0.09404296
0.95,0.909,0.0408203
0.95,0.909,0.0408203
0.95,0.845,0.104785144
0.95,0.8525,0.097460926
0.95,0.8584,0.09160155
0.95,0.8296,0.120410144
0.95,0.802,0.14824218
0.95,0.863,0.08720702
0.95,0.873,0.07695311
0.95,0.873,0.07695311
0.95,0.834,0.11601561
0.95,0.834,0.11601561
0.95,0.931,0.018847644
0.95,0.901,0.04912108
0.95,0.8325,0.11748046
0.95,0.8853,0.06474608
0.95,0.844,0.10576171
0.95,0.7993,0.15068358
0.95,0.865,0.08476561
0.95,0.865,0.08476561
0.95,0.7793,0.17070311
0.95,0.7793,0.17070311
0.95,0.894,0.05595702
0.95,0.894,0.05595702
0.95,0.8716,0.07841796
0.95,0.8716,0.07841796
0.95,0.907,0.042773426
0.95,0.907,0.042773426
0.95,0.7993,0.15068358
0.95,0.799,0.15117186
0.95,0.8257,0.124316394
0.95,0.7925,0.15751952
0.95,0.714,0.2361328
0.95,0.8687,0.081347644
0.95,0.8823,0.06767577
0.95,0.8823,0.06767577
0.95,0.8315,0.11845702
0.95,0.8315,0.11845702
0.95,0.8667,0.08330077
0.95,0.8345,0.11552733
0.95,0.8667,0.08330077
0.95,0.8525,0.097460926
0.95,0.8525,0.097460926
0.95,0.888,0.061816394
0.95,0.888,0.061816394
0.95,0.812,0.13798827
0.95,0.7266,0.22343749
0.95,0.7812,0.16874999
0.95,0.8276,0.12236327
0.95,0.8354,0.11455077
0.95,0.8784,0.07158202
0.95,0.8315,0.11845702
0.95,0.8315,0.11845702
0.95,0.828,0.12187499
0.95,0.828,0.12187499
0.95,0.869,0.08085936
0.95,0.869,0.08085936
0.95,0.8193,0.13066405
0.95,0.8193,0.13066405
0.95,0.8726,0.077441394
0.95,0.8726,0.077441394
0.95,0.8413,0.108691394
0.95,0.8267,0.12333983
0.95,0.883,0.06718749
0.95,0.872,0.077929676
0.95,0.5615,0.38847655
0.95,0.7144,0.23564452
0.95,0.83,0.11992186
0.95,0.83,0.11992186
0.95,0.845,0.104785144
0.95,0.845,0.104785144
0.95,0.895,0.054980457
0.95,0.8696,0.08037108
0.95,0.895,0.054980457
0.95,0.844,0.10576171
0.95,0.844,0.10576171
0.95,0.8726,0.077441394
0.95,0.8726,0.077441394
0.95,0.8096,0.14042968
0.95,0.7754,0.17460936
0.95,0.7163,0.2336914
0.95,0.8096,0.14042968
0.95,0.8086,0.14140624
0.95,0.8853,0.06474608
0.95,0.9185,0.031542957
0.95,0.9185,0.031542957
0.95,0.843,0.10722655
0.95,0.843,0.10722655
0.95,0.8984,0.051562488
0.95,0.8984,0.051562488
0.95,0.873,0.07695311
0.95,0.873,0.07695311
0.95,0.884,0.066210926
0.95,0.884,0.066210926
0.95,0.881,0.06914061
0.95,0.842,0.10820311
0.95,0.8555,0.09453124
0.95,0.8086,0.14140624
0.95,0.7915,0.15849608
0.95,0.813,0.1370117
0.95,0.8843,0.065722644
0.95,0.99,0.040234387
0.95,0.8257,0.124316394
0.95,0.8853,0.06474608
0.95,0.8364,0.11357421
0.95,0.716,0.23417968
0.95,0.794,0.15605468
0.95,0.7896,0.1604492
0.95,0.7803,0.16972655
0.95,0.7593,0.19072264
0.95,0.8374,0.112597644
0.95,0.799,0.15117186
0.95,0.7856,0.16435546
0.95,0.7607,0.1892578
0.95,0.7686,0.1814453
0.95,0.795,0.15507811
0.95,0.8174,0.13261718
0.95,0.76,0.19023436
0.95,0.8105,0.13945311
0.95,0.821,0.1291992
0.95,0.677,0.27324218
0.95,0.805,0.1448242
0.95,0.775,0.17509764
0.95,0.7905,0.15947264
0.95,0.892,0.057910144
0.95,0.7524,0.19755858
0.95,0.846,0.10380858
0.95,0.794,0.15605468
0.95,0.783,0.16679686
0.95,0.8755,0.07451171
0.95,0.714,0.2361328
0.95,0.78,0.17021483
0.95,0.785,0.16484374
0.95,0.7075,0.24248046
0.95,0.721,0.22880858
0.95,0.7407,0.20927733
0.95,0.8203,0.12968749
0.95,0.779,0.1711914
0.95,0.7817,0.1682617
0.95,0.807,0.14287108
0.95,0.8223,0.12773436
0.95,0.774,0.1760742
0.95,0.789,0.16093749
0.95,0.8125,0.13749999
0.95,0.7344,0.21562499
0.95,0.778,0.17216796
0.95,0.814,0.13603514
0.95,0.4827,0.46733397
0.95,0.787,0.16289061
0.95,0.8047,0.14531249
0.95,0.78,0.17021483
0.95,0.797,0.15312499
0.95,0.737,0.21318358
0.95,0.775,0.17509764
0.95,0.7847,0.16533202
0.95,0.8315,0.11845702
0.95,0.777,0.17314452
0.95,0.691,0.25908202
0.95,0.792,0.1580078
0.95,0.8364,0.11357421
0.95,0.7485,0.20146483
0.95,0.816,0.13408202
0.95,0.834,0.11601561
0.95,0.8516,0.09843749
0.95,0.83,0.11992186
0.95,0.843,0.10722655
0.95,0.836,0.11406249
0.95,0.889,0.06083983
0.95,0.928,0.021777332
0.95,0.828,0.12187499
0.95,0.7925,0.15751952
0.95,0.777,0.17314452
0.95,0.8237,0.12626952
0.95,0.8447,0.105273426
0.95,0.767,0.18291014
0.95,0.805,0.1448242
0.95,0.8296,0.120410144
0.95,0.8926,0.057421863
0.95,0.8223,0.12773436
0.95,0.8076,0.1423828
0.95,0.7656,0.18437499
0.95,0.726,0.22392577
0.95,0.7764,0.1736328
0.95,0.7925,0.15751952
0.95,0.7837,0.16630858
0.95,0.8623,0.0876953
0.95,0.8555,0.09453124
0.95,0.8086,0.14140624
0.95,0.7812,0.16874999
0.95,0.8564,0.093554676
0.95,0.7744,0.17558593
0.95,0.804,0.14580077
0.95,0.8105,0.13945311
0.95,0.8223,0.12773436
0.95,0.8765,0.073535144
0.95,0.949,0.0007812381
0.95,0.781,0.16923827
0.95,0.81,0.1399414
0.95,0.824,0.12578124
0.95,0.8623,0.0876953
0.95,0.7344,0.21562499
0.95,0.888,0.061816394
0.95,0.7896,0.1604492
0.95,0.799,0.15117186
0.95,0.6953,0.2546875
0.95,0.5283,0.42167968
0.95,0.5513,0.39873046
0.95,0.6084,0.34160155
0.95,0.2393,0.7107422
0.95,0.4656,0.48442382
0.95,0.1581,0.79191893
0.95,0.788,0.16191405
0.95,0.7656,0.18437499
0.95,0.869,0.08085936
0.95,0.813,0.1370117
0.95,0.253,0.6970703
0.95,0.1906,0.75944823
0.95,0.5835,0.3665039
0.95,0.7563,0.19365233
0.95,0.1829,0.76713866
0.95,0.2908,0.6592285
0.95,0.1521,0.7979004
0.95,0.8066,0.14335936
0.95,0.773,0.17705077
0.95,0.7314,0.21855468
0.95,0.3884,0.56157225
0.95,0.5166,0.43339843
0.95,0.685,0.2649414
0.95,0.3025,0.64750975
0.95,0.693,0.2571289
0.95,0.3938,0.55620116
0.95,0.267,0.68291014
0.95,0.0927,0.8572876
0.95,0.793,0.15703124
0.95,0.682,0.26787108
0.95,0.6245,0.32548827
0.95,0.8906,0.059374988
0.95,0.4753,0.4746582
0.95,0.2041,0.7458984
0.95,0.3398,0.61015624
0.95,0.806,0.14384764
0.95,0.2815,0.66850585
0.95,0.2118,0.738208
0.95,0.804,0.14580077
0.95,0.4949,0.45512694
0.95,0.7954,0.15458983
0.95,0.4446,0.5054199
0.95,0.689,0.26103514
0.95,0.3225,0.6274902
0.95,0.2837,0.6663086
0.95,0.8535,0.09648436
0.95,0.7925,0.15751952
0.95,0.7007,0.2493164
0.95,0.7993,0.15068358
0.95,0.624,0.32597655
0.95,0.6924,0.25761718
0.95,0.4321,0.5178711
0.95,0.72,0.22978514
0.95,0.8413,0.108691394
0.95,0.522,0.42802733
0.95,0.696,0.2541992
0.95,0.8647,0.085253894
0.95,0.7163,0.2336914
0.95,0.3586,0.5913574
0.95,0.3562,0.5937988
0.95,0.2257,0.724292
0.95,0.2717,0.6782715
0.95,0.28,0.6699707
0.95,0.788,0.16191405
0.95,0.558,0.39189452
0.95,0.6987,0.25126952
0.95,0.8306,0.11943358
0.95,0.767,0.18291014
0.95,0.7573,0.19267577
0.95,0.7783,0.17167968
0.95,0.3457,0.60429686
0.95,0.357,0.5930664
0.95,0.2168,0.7332031
0.95,0.2646,0.68535155
0.95,0.4053,0.54472655
0.95,0.1707,0.7793457
0.95,0.7812,0.16874999
0.95,0.615,0.3347656
0.95,0.7446,0.20537108
0.95,0.789,0.16093749
0.95,0.83,0.11992186
0.95,0.913,0.03691405
0.95,0.9062,0.043749988
0.95,0.833,0.116992176
0.95,0.7417,0.20830077
0.95,0.669,0.28105468
0.95,0.746,0.20390624
0.95,0.804,0.14580077
0.95,0.7095,0.24052733
0.95,0.678,0.27177733
0.95,0.2242,0.7257568
0.95,0.8325,0.11748046
0.95,0.2468,0.7031738
0.95,0.7437,0.20634764
0.95,0.8667,0.08330077
0.95,0.726,0.22392577
0.95,0.7646,0.18535155
0.95,0.767,0.18291014
0.95,0.771,0.1790039
0.95,0.7856,0.16435546
0.95,0.8286,0.12138671
0.95,0.7583,0.1916992
0.95,0.7847,0.16533202
0.95,0.8105,0.13945311
0.95,0.743,0.20683593
0.95,0.79,0.15996093
0.95,0.6895,0.26054686
0.95,0.7974,0.1526367
0.95,0.1226,0.82738036
0.95,0.3562,0.5937988
0.95,0.2277,0.72233886
0.95,0.817,0.13310546
0.95,0.756,0.19414061
0.95,0.8057,0.14433593
0.95,0.8315,0.11845702
0.95,0.759,0.19121093
0.95,0.7144,0.23564452
0.95,0.806,0.14384764
0.95,0.8643,0.085742176
0.95,0.583,0.36699218
0.95,0.841,0.109179676
0.95,0.8193,0.13066405
0.95,0.749,0.20097655
0.95,0.859,0.09111327
0.95,0.8076,0.1423828
0.95,0.759,0.19121093
0.95,0.8467,0.1033203
0.95,0.867,0.08281249
0.95,0.4492,0.50078124
0.95,0.287,0.6628906
0.95,0.653,0.29716796
0.95,0.766,0.1838867
0.95,0.7925,0.15751952
0.95,0.7466,0.20341796
0.95,0.796,0.15410155
0.95,0.8,0.1501953
0.95,0.744,0.20585936
0.95,0.74,0.20976561
0.95,0.6895,0.26054686
0.95,0.732,0.2180664
0.95,0.3481,0.60185546
0.95,0.604,0.34599608
0.95,0.837,0.113085926
0.95,0.8647,0.085253894
0.95,0.797,0.15312499
0.95,0.768,0.18193358
0.95,0.758,0.19218749
0.95,0.8184,0.13164061
0.95,0.7837,0.16630858
0.95,0.84,0.11015624
0.95,0.8433,0.10673827
0.95,0.8604,0.089648426
0.95,0.798,0.15214843
0.95,0.735,0.2151367
0.95,0.7915,0.15849608
0.95,0.7656,0.18437499
0.95,0.8037,0.14628905
0.95,0.778,0.17216796
0.95,0.8794,0.07060546
0.95,0.7856,0.16435546
0.95,0.805,0.1448242
0.95,0.7925,0.15751952
0.95,0.8696,0.08037108
0.95,0.7476,0.2024414
0.95,0.8335,0.116503894
0.95,0.831,0.1189453
0.95,0.4082,0.54179686
0.95,0.842,0.10820311
0.63791907,0.814,0.17604578
0.95,0.731,0.21904296
0.79623014,0.819,0.022617519
0.95,0.8936,0.0564453
0.95,0.717,0.23320311
0.95,0.6895,0.26054686
0.95,0.8506,0.09941405
0.95,0.8438,0.10624999
0.36625022,0.622,0.2558201
0.085304946,0.697,0.61147237
0.95,0.8594,0.09062499
0.95,0.651,0.29912108
0.95,0.7314,0.21855468
0.95,0.5786,0.3713867
0.95,0.879,0.07109374
0.95,0.7944,0.1555664
0.95,0.1554,0.7946045
0.95,0.3064,0.6436035
0.95,0.6323,0.31767577
0.95,0.379,0.57109374
0.95,0.1322,0.81779784
0.95,0.3691,0.58085936
0.95,0.8696,0.08037108
0.95,0.8335,0.116503894
0.95,0.8423,0.10771483
0.95,0.8384,0.11162108
0.95,0.8213,0.12871093
0.95,0.7935,0.15654296
0.95,0.816,0.13408202
0.95,0.807,0.14287108
0.95,0.8276,0.12236327
0.95,0.822,0.12822264
0.95,0.8027,0.14726561
0.95,0.8477,0.10234374
0.95,0.8105,0.13945311
0.95,0.8496,0.10039061
0.95,0.8804,0.069628894
0.95,0.863,0.08720702
0.95,0.8374,0.112597644
0.95,0.8706,0.07939452
0.95,0.827,0.12285155
0.95,0.8345,0.11552733
0.95,0.817,0.13310546
0.95,0.86,0.09013671
0.95,0.76,0.19023436
0.95,0.8257,0.124316394
0.95,0.848,0.10185546
0.95,0.8433,0.10673827
0.95,0.8496,0.10039061
0.95,0.792,0.1580078
0.95,0.767,0.18291014
0.95,0.9014,0.0486328
0.95,0.8457,0.10429686
0.95,0.877,0.07304686
0.95,0.8213,0.12871093
0.95,0.8955,0.054492176
0.95,0.791,0.15898436
0.95,0.8564,0.093554676
0.95,0.8105,0.13945311
0.95,0.8345,0.11552733
0.95,0.8076,0.1423828
0.95,0.8267,0.12333983
0.95,0.8086,0.14140624
0.95,0.7744,0.17558593
0.95,0.782,0.16777343
0.95,0.8027,0.14726561
0.95,0.8086,0.14140624
0.95,0.847,0.10283202
0.95,0.7896,0.1604492
0.95,0.782,0.16777343
0.95,0.7544,0.19560546
0.95,0.822,0.12822264
0.95,0.818,0.1321289
0.95,0.8184,0.13164061
0.95,0.8433,0.10673827
0.95,0.791,0.15898436
0.95,0.8154,0.1345703
0.95,0.7563,0.19365233
0.95,0.8325,0.11748046
0.95,0.8203,0.12968749
0.95,0.8105,0.13945311
0.95,0.791,0.15898436
0.95,0.799,0.15117186
0.95,0.8027,0.14726561
0.95,0.3816,0.5684082
0.95,0.7485,0.20146483
0.95,0.9116,0.038378894
0.95,0.574,0.37578124
0.95,0.1464,0.8036377
0.95,0.0801,0.86992186
0.95,0.76,0.19023436
0.95,0.811,0.13896483
0.5852787,0.7583,0.17302209
0.95,0.8833,0.06669921
0.95,0.78,0.17021483
0.95,0.74,0.20976561
0.95,0.5825,0.36748046
0.95,0.8643,0.085742176
0.95,0.481,0.46904296
0.95,0.7563,0.19365233
0.95,0.7734,0.17656249
0.95,0.8164,0.13359374
0.95,0.792,0.1580078
0.95,0.82,0.13017577
0.95,0.4827,0.46733397
0.95,0.697,0.25322264
0.95,0.717,0.23320311
0.95,0.7886,0.16142577
0.95,0.7573,0.19267577
0.95,0.2102,0.7397949
0.95,0.6895,0.26054686
0.95,0.6826,0.2673828
0.95,0.8403,0.10966796
0.95,0.7773,0.17265624
0.95,0.4229,0.5271484
0.95,0.0986,0.8514282
0.95,0.5596,0.39042968
0.95,0.495,0.4548828
0.95,0.8306,0.11943358
0.95,0.849,0.100878894
0.95,0.9375,0.012499988
0.95,0.647,0.30302733
0.95,0.6904,0.2595703
0.95,0.3782,0.57182616
0.95,0.2029,0.7471191
0.95,0.3655,0.5845215
0.95,0.7446,0.20537108
0.95,0.723,0.22685546
0.95,0.708,0.24199218
0.95,0.8276,0.12236327
0.95,0.36,0.58989257
0.95,0.814,0.13603514
0.95,0.7993,0.15068358
0.95,0.1608,0.7892334
0.95,0.6772,0.2727539
0.95,0.8403,0.10966796
0.95,0.864,0.08623046
0.95,0.51,0.44023436
0.95,0.7075,0.24248046
0.95,0.2988,0.65117186
0.95,0.859,0.09111327
0.95,0.405,0.5449707
0.95,0.3564,0.5935547
0.95,0.7686,0.1814453
0.95,0.795,0.15507811
0.95,0.78,0.17021483
0.95,0.5654,0.3845703
0.95,0.8,0.1501953
0.95,0.572,0.37822264
0.95,0.639,0.31083983
0.95,0.6577,0.29228514
0.95,0.796,0.15410155
0.95,0.645,0.30498046
0.95,0.6377,0.31230468
0.95,0.837,0.113085926
0.95,0.674,0.27617186
0.95,0.803,0.14677733
0.95,0.4246,0.52543944
0.95,0.754,0.19609374
0.95,0.7954,0.15458983
0.95,0.859,0.09111327
0.95,0.882,0.06816405
0.95,0.8164,0.13359374
0.95,0.611,0.33916014
0.95,0.5776,0.37236327
0.95,0.7227,0.22734374
0.95,0.6006,0.34941405
0.95,0.6006,0.34941405
0.95,0.502,0.44804686
0.95,0.4492,0.50078124
0.95,0.845,0.104785144
0.95,0.781,0.16923827
0.95,0.489,0.46098632
0.95,0.7686,0.1814453
0.95,0.8076,0.1423828
0.95,0.807,0.14287108
0.95,0.782,0.16777343
0.95,0.1589,0.79106444
0.95,0.8833,0.06669921
0.95,0.8696,0.08037108
0.95,0.593,0.35722655
0.95,0.788,0.16191405
0.95,0.7666,0.18339843
0.95,0.702,0.24785155
0.95,0.841,0.109179676
0.95,0.7734,0.17656249
0.95,0.8345,0.11552733
0.95,0.861,0.089160144
0.95,0.8687,0.081347644
0.95,0.7583,0.1916992
0.95,0.416,0.53398436
0.95,0.533,0.41679686
0.95,0.7866,0.1633789
0.95,0.5723,0.37773436
0.95,0.766,0.1838867
0.95,0.6006,0.34941405
0.95,0.708,0.24199218
0.95,0.7705,0.17949218
0.95,0.6846,0.26542968
0.95,0.7246,0.22539061
0.95,0.6196,0.33037108
0.95,0.6177,0.3323242
0.95,0.4746,0.4753906
0.95,0.872,0.077929676
0.95,0.8687,0.081347644
0.95,0.8594,0.09062499
0.95,0.846,0.10380858
0.95,0.6587,0.29130858
0.95,0.5483,0.40166014
0.95,0.6216,0.32841796
0.95,0.7144,0.23564452
0.95,0.8096,0.14042968
0.95,0.773,0.17705077
0.95,0.7974,0.1526367
0.95,0.748,0.20195311
0.95,0.7324,0.21757811
0.95,0.609,0.34111327
0.95,0.833,0.116992176
0.95,0.834,0.11601561
0.95,0.6914,0.25859374
0.95,0.838,0.11210936
0.95,0.846,0.10380858
0.95,0.7744,0.17558593
0.95,0.5947,0.35527343
0.95,0.4656,0.48442382
0.95,0.664,0.2859375
0.95,0.7686,0.1814453
0.95,0.4705,0.479541
0.95,0.6904,0.2595703
0.95,0.634,0.31621093
0.95,0.795,0.15507811
0.95,0.738,0.21220702
0.95,0.7744,0.17558593
0.95,0.3547,0.59526366
0.95,0.5303,0.41972655
0.95,0.512,0.43779296
0.95,0.6235,0.32646483
0.95,0.675,0.2751953
0.95,0.6304,0.3196289
0.95,0.7554,0.1946289
0.95,0.83,0.11992186
0.95,0.658,0.29179686
0.95,0.693,0.2571289
0.95,0.602,0.3479492
0.95,0.3281,0.621875
0.95,0.6426,0.30742186
0.95,0.399,0.5510742
0.95,0.8286,0.12138671
0.95,0.878,0.0720703
0.95,0.8286,0.12138671
0.95,0.7686,0.1814453
0.95,0.809,0.14091796
0.95,0.7427,0.2073242
0.95,0.643,0.30693358
0.95,0.5557,0.39433593
0.95,0.8286,0.12138671
0.95,0.851,0.09892577
0.95,0.835,0.11503905
0.95,0.831,0.1189453
0.95,0.831,0.1189453
0.95,0.833,0.116992176
0.95,0.8345,0.11552733
0.95,0.787,0.16289061
0.95,0.8003,0.14970702
0.95,0.8066,0.14335936
0.95,0.7925,0.15751952
0.95,0.8374,0.112597644
0.95,0.8574,0.09257811
0.95,0.9087,0.04130858
0.95,0.8975,0.05253905
0.95,0.907,0.042773426
0.95,0.8174,0.13261718
0.95,0.853,0.096972644
0.95,0.842,0.10820311
0.95,0.8735,0.07646483
0.95,0.778,0.17216796
0.95,0.744,0.20585936
0.95,0.778,0.17216796
0.95,0.8438,0.10624999
0.95,0.797,0.15312499
0.95,0.791,0.15898436
0.95,0.8276,0.12236327
0.95,0.8613,0.08867186
0.95,0.8433,0.10673827
0.95,0.864,0.08623046
0.95,0.8555,0.09453124
0.22107801,0.7144,0.49327746
0.21859185,0.8257,0.6070917
0.95,0.781,0.16923827
0.95,0.853,0.096972644
0.95,0.7964,0.15361327
0.95,0.7334,0.21660155
0.95,0.828,0.12187499
0.95,0.828,0.12187499
0.95,0.858,0.09208983
0.95,0.8115,0.13847655
0.95,0.781,0.16923827
0.95,0.833,0.116992176
0.95,0.8154,0.1345703
0.95,0.7866,0.1633789
0.95,0.862,0.08818358
0.95,0.8022,0.1477539
0.95,0.71,0.24003905
0.95,0.7646,0.18535155
0.95,0.758,0.19218749
0.95,0.865,0.08476561
0.95,0.904,0.046191394
0.95,0.8687,0.081347644
0.95,0.819,0.13115233
0.95,0.869,0.08085936
0.95,0.773,0.17705077
0.95,0.815,0.13505858
0.95,0.883,0.06718749
0.95,0.8647,0.085253894
0.95,0.834,0.11601561
0.95,0.8345,0.11552733
0.95,0.7656,0.18437499
0.95,0.702,0.24785155
0.95,0.83,0.11992186
0.95,0.807,0.14287108
0.95,0.8315,0.11845702
0.95,0.7676,0.18242186
0.95,0.881,0.06914061
0.95,0.8677,0.08232421
0.95,0.8394,0.11064452
0.95,0.836,0.11406249
0.95,0.8496,0.10039061
0.95,0.868,0.081835926
0.95,0.8613,0.08867186
0.95,0.8154,0.1345703
0.95,0.8745,0.07548827
0.95,0.82,0.13017577
0.95,0.82,0.13017577
0.95,0.857,0.093066394
0.95,0.8125,0.13749999
0.95,0.839,0.1111328
0.95,0.816,0.13408202
0.95,0.8384,0.11162108
0.95,0.8413,0.108691394
0.95,0.8267,0.12333983
0.95,0.816,0.13408202
0.95,0.851,0.09892577
0.95,0.882,0.06816405
0.95,0.865,0.08476561
0.95,0.8447,0.105273426
0.95,0.8687,0.081347644
0.95,0.77,0.17998046
0.95,0.8086,0.14140624
0.95,0.869,0.08085936
0.95,0.8716,0.07841796
0.95,0.825,0.124804676
0.95,0.8315,0.11845702
0.95,0.841,0.109179676
0.95,0.8574,0.09257811
0.95,0.836,0.11406249
0.95,0.7944,0.1555664
0.95,0.851,0.09892577
0.95,0.7974,0.1526367
0.95,0.8145,0.13554686
0.95,0.762,0.18779296
0.95,0.8394,0.11064452
0.95,0.8135,0.13652343
0.95,0.826,0.12382811
0.95,0.832,0.11796874
0.95,0.8467,0.1033203
0.95,0.827,0.12285155
0.95,0.8174,0.13261718
0.95,0.8223,0.12773436
0.95,0.8354,0.11455077
0.95,0.833,0.116992176
0.95,0.844,0.10576171
0.95,0.945,0.0051757693
0.95,0.7954,0.15458983
0.95,0.812,0.13798827
0.95,0.7954,0.15458983
0.95,0.769,0.18095702
0.95,0.7905,0.15947264
0.95,0.7817,0.1682617
0.95,0.7935,0.15654296
0.95,0.785,0.16484374
0.95,0.8833,0.06669921
0.95,0.722,0.22783202
0.95,0.833,0.116992176
0.95,0.7695,0.18046874
0.95,0.8228,0.12724608
0.95,0.77,0.17998046
0.95,0.7734,0.17656249
0.95,0.853,0.096972644
0.95,0.882,0.06816405
0.95,0.841,0.109179676
0.95,0.811,0.13896483
0.95,0.9087,0.04130858
0.95,0.852,0.09794921
0.95,0.8877,0.062304676
0.95,0.875,0.07499999
0.95,0.851,0.09892577
0.95,0.743,0.20683593
0.95,0.821,0.1291992
0.95,0.8857,0.0642578
0.95,0.885,0.06523436
0.95,0.7944,0.1555664
0.95,0.906,0.04423827
0.95,0.812,0.13798827
0.95,0.8467,0.1033203
0.95,0.864,0.08623046
0.95,0.786,0.16386718
0.95,0.858,0.09208983
0.95,0.78,0.17021483
0.95,0.857,0.093066394
0.95,0.8164,0.13359374
0.95,0.842,0.10820311
0.95,0.876,0.074023426
0.95,0.8364,0.11357421
0.95,0.795,0.15507811
0.95,0.852,0.09794921
0.95,0.887,0.06279296
0.95,0.858,0.09208983
0.95,0.8145,0.13554686
0.95,0.8516,0.09843749
0.95,0.763,0.1868164
0.95,0.7485,0.20146483
0.95,0.79,0.15996093
0.95,0.882,0.06816405
0.95,0.8535,0.09648436
0.95,0.7744,0.17558593
0.95,0.8447,0.105273426
0.95,0.6353,0.31474608
0.95,0.6943,0.25566405
0.95,0.8267,0.12333983
0.95,0.8394,0.11064452
0.95,0.802,0.14824218
0.95,0.8003,0.14970702
0.95,0.871,0.07890624
0.95,0.8125,0.13749999
0.95,0.853,0.096972644
0.95,0.7456,0.20439452
0.95,0.7217,0.2283203
0.95,0.861,0.089160144
0.95,0.8423,0.10771483
0.95,0.918,0.032031238
0.95,0.7935,0.15654296
0.95,0.845,0.104785144
0.95,0.8433,0.10673827
0.95,0.858,0.09208983
0.95,0.876,0.074023426
0.95,0.8267,0.12333983
0.95,0.8423,0.10771483
0.95,0.9,0.050097644
0.95,0.844,0.10576171
0.95,0.864,0.08623046
0.95,0.8906,0.059374988
0.95,0.7876,0.16240233
0.95,0.8716,0.07841796
0.95,0.8594,0.09062499
0.95,0.7847,0.16533202
0.95,0.7285,0.22148436
0.95,0.7837,0.16630858
0.95,0.849,0.100878894
0.95,0.8613,0.08867186
0.95,0.857,0.093066394
0.95,0.904,0.046191394
0.95,0.807,0.14287108
0.95,0.8745,0.07548827
0.95,0.8716,0.07841796
0.95,0.835,0.11503905
0.95,0.8394,0.11064452
0.95,0.809,0.14091796
0.95,0.853,0.096972644
0.95,0.7886,0.16142577
0.95,0.7812,0.16874999
0.95,0.8037,0.14628905
0.95,0.8003,0.14970702
0.95,0.8286,0.12138671
0.95,0.8115,0.13847655
0.95,0.905,0.04521483
0.95,0.833,0.116992176
0.95,0.804,0.14580077
0.95,0.8633,0.08671874
0.95,0.8755,0.07451171
0.95,0.847,0.10283202
0.95,0.89,0.05986327
0.95,0.8564,0.093554676
0.95,0.887,0.06279296
0.95,0.8184,0.13164061
0.95,0.7593,0.19072264
0.95,0.823,0.1267578
0.95,0.8525,0.097460926
0.95,0.84,0.11015624
0.95,0.85,0.09990233
0.95,0.899,0.051074207
0.95,0.872,0.077929676
0.95,0.8447,0.105273426
0.95,0.845,0.104785144
0.95,0.842,0.10820311
0.95,0.814,0.13603514
0.95,0.804,0.14580077
0.95,0.8247,0.12529296
0.95,0.823,0.1267578
0.95,0.8154,0.1345703
0.95,0.8066,0.14335936
0.95,0.803,0.14677733
0.95,0.783,0.16679686
0.95,0.79,0.15996093
0.95,0.787,0.16289061
0.95,0.8364,0.11357421
0.95,0.8276,0.12236327
0.95,0.833,0.116992176
0.95,0.897,0.05302733
0.95,0.847,0.10283202
0.95,0.8125,0.13749999
0.95,0.751,0.19902343
0.95,0.716,0.23417968
0.95,0.7734,0.17656249
0.95,0.794,0.15605468
0.95,0.9043,0.045703113
0.95,0.8213,0.12871093
0.95,0.7593,0.19072264
0.95,0.8022,0.1477539
0.95,0.8193,0.13066405
0.95,0.7876,0.16240233
0.95,0.879,0.07109374
0.95,0.8003,0.14970702
0.95,0.7983,0.15166014
0.95,0.8335,0.116503894
0.95,0.827,0.12285155
0.95,0.827,0.12285155
0.95,0.881,0.06914061
0.95,0.8843,0.065722644
0.95,0.832,0.11796874
0.95,0.7573,0.19267577
0.95,0.836,0.11406249
0.95,0.7715,0.17851561
0.95,0.7847,0.16533202
0.95,0.8306,0.11943358
0.95,0.7803,0.16972655
0.95,0.8164,0.13359374
0.95,0.7695,0.18046874
0.95,0.8716,0.07841796
0.95,0.7866,0.1633789
0.95,0.7944,0.1555664
0.95,0.772,0.17802733
0.95,0.83,0.11992186
0.95,0.748,0.20195311
0.95,0.807,0.14287108
0.95,0.804,0.14580077
0.95,0.7974,0.1526367
0.95,0.89,0.05986327
0.95,0.8276,0.12236327
0.95,0.778,0.17216796
0.95,0.5327,0.41728514
0.95,0.852,0.09794921
0.95,0.8145,0.13554686
0.95,0.826,0.12382811
0.95,0.8135,0.13652343
0.95,0.892,0.057910144
0.95,0.787,0.16289061
0.95,0.3687,0.58134764
0.95,0.836,0.11406249
0.95,0.86,0.09013671
0.95,0.8384,0.11162108
0.95,0.8506,0.09941405
0.95,0.8687,0.081347644
0.95,0.863,0.08720702
0.95,0.873,0.07695311
0.95,0.8774,0.07255858
0.95,0.745,0.2048828
0.95,0.824,0.12578124
0.95,0.865,0.08476561
0.95,0.794,0.15605468
0.95,0.794,0.15605468
0.95,0.8047,0.14531249
0.95,0.8267,0.12333983
0.95,0.8145,0.13554686
0.95,0.7773,0.17265624
0.95,0.7427,0.2073242
0.95,0.818,0.1321289
0.95,0.8276,0.12236327
0.95,0.765,0.18486327
0.95,0.8545,0.0955078
0.95,0.834,0.11601561
0.95,0.8647,0.085253894
0.95,0.746,0.20390624
0.95,0.7607,0.1892578
0.95,0.72,0.22978514
0.95,0.722,0.22783202
0.95,0.7656,0.18437499
0.95,0.885,0.06523436
0.95,0.769,0.18095702
0.95,0.7725,0.17753905
0.95,0.8076,0.1423828
0.95,0.8535,0.09648436
0.95,0.8555,0.09453124
0.95,0.853,0.096972644
0.95,0.816,0.13408202
0.95,0.829,0.120898426
0.95,0.8535,0.09648436
0.95,0.8125,0.13749999
0.95,0.8564,0.093554676
0.95,0.7856,0.16435546
0.95,0.7896,0.1604492
0.95,0.5664,0.38359374
0.95,0.7637,0.18632811
0.95,0.804,0.14580077
0.95,0.841,0.109179676
0.95,0.8506,0.09941405
0.95,0.801,0.14921874
0.95,0.8896,0.06035155
0.95,0.894,0.05595702
0.95,0.807,0.14287108
0.95,0.83,0.11992186
0.95,0.8633,0.08671874
0.95,0.847,0.10283202
0.95,0.855,0.09501952
0.95,0.844,0.10576171
0.95,0.791,0.15898436
0.95,0.811,0.13896483
0.95,0.873,0.07695311
0.95,0.776,0.17412108
0.95,0.8296,0.120410144
0.95,0.7065,0.24345702
0.95,0.7886,0.16142577
0.95,0.7476,0.2024414
0.95,0.821,0.1291992
0.95,0.807,0.14287108
0.95,0.7285,0.22148436
0.95,0.8047,0.14531249
0.95,0.8535,0.09648436
0.42413288,0.8486,0.42449993
0.95,0.808,0.14189452
0.95,0.8286,0.12138671
0.95,0.8115,0.13847655
0.95,0.833,0.116992176
0.95,0.8813,0.06865233
0.95,0.888,0.061816394
0.95,0.821,0.1291992
0.95,0.727,0.2229492
0.95,0.7944,0.1555664
0.95,0.818,0.1321289
0.95,0.81,0.1399414
0.95,0.7637,0.18632811
0.95,0.821,0.1291992
0.95,0.7856,0.16435546
0.95,0.832,0.11796874
0.95,0.854,0.09599608
0.95,0.882,0.06816405
0.95,0.82,0.13017577
0.95,0.8584,0.09160155
0.95,0.8237,0.12626952
0.95,0.78,0.17021483
0.95,0.843,0.10722655
0.95,0.797,0.15312499
0.95,0.8325,0.11748046
0.95,0.7944,0.1555664
0.95,0.815,0.13505858
0.95,0.8228,0.12724608
0.95,0.8447,0.105273426
0.95,0.81,0.1399414
0.95,0.818,0.1321289
0.95,0.832,0.11796874
0.95,0.8496,0.10039061
0.95,0.8394,0.11064452
0.95,0.9214,0.02861327
0.95,0.8477,0.10234374
0.95,0.714,0.2361328
0.95,0.7983,0.15166014
0.95,0.8257,0.124316394
0.95,0.7134,0.23662108
0.95,0.7656,0.18437499
0.95,0.817,0.13310546
0.95,0.8086,0.14140624
0.95,0.843,0.10722655
0.95,0.823,0.1267578
0.95,0.7773,0.17265624
0.95,0.786,0.16386718
0.95,0.7812,0.16874999
0.95,0.749,0.20097655
0.95,0.833,0.116992176
0.95,0.8037,0.14628905
0.95,0.837,0.113085926
0.95,0.8584,0.09160155
0.95,0.7686,0.1814453
0.95,0.7896,0.1604492
0.95,0.8496,0.10039061
0.95,0.795,0.15507811
0.95,0.8013,0.14873046
0.95,0.796,0.15410155
0.95,0.8154,0.1345703
0.95,0.858,0.09208983
0.95,0.819,0.13115233
0.95,0.7505,0.1995117
0.95,0.7866,0.1633789
0.95,0.796,0.15410155
0.95,0.793,0.15703124
0.95,0.844,0.10576171
0.95,0.783,0.16679686
0.95,0.8003,0.14970702
0.95,0.8184,0.13164061
0.95,0.8677,0.08232421
0.95,0.878,0.0720703
0.95,0.8237,0.12626952
0.95,0.8726,0.077441394
0.95,0.8657,0.08427733
0.95,0.8228,0.12724608
0.8989655,0.796,0.10306704
0.05,0.8164,0.76640624
0.95,0.783,0.16679686
0.95,0.8384,0.11162108
0.95,0.803,0.14677733
0.95,0.8228,0.12724608
0.95,0.7734,0.17656249
0.95,0.7935,0.15654296
0.95,0.783,0.16679686
0.95,0.8765,0.073535144
0.95,0.8438,0.10624999
0.95,0.787,0.16289061
0.95,0.7676,0.18242186
0.95,0.829,0.120898426
0.95,0.799,0.15117186
0.95,0.8403,0.10966796
0.95,0.808,0.14189452
0.95,0.8354,0.11455077
0.95,0.826,0.12382811
0.95,0.7695,0.18046874
0.95,0.827,0.12285155
0.95,0.859,0.09111327
0.95,0.8384,0.11162108
0.95,0.816,0.13408202
0.95,0.815,0.13505858
0.95,0.8506,0.09941405
0.95,0.8296,0.120410144
0.95,0.855,0.09501952
0.95,0.8433,0.10673827
0.95,0.861,0.089160144
0.95,0.7905,0.15947264
0.95,0.81,0.1399414
0.95,0.803,0.14677733
0.95,0.867,0.08281249
0.95,0.821,0.1291992
0.95,0.794,0.15605468
0.95,0.799,0.15117186
0.95,0.832,0.11796874
0.95,0.6836,0.26640624
0.95,0.6743,0.27568358
0.95,0.836,0.11406249
0.95,0.71,0.24003905
0.95,0.4766,0.4734375
0.95,0.6616,0.2883789
0.95,0.1924,0.7576172
0.95,0.3804,0.5696289
0.95,0.718,0.23222655
0.95,0.3093,0.6406738
0.95,0.2302,0.7197754
0.95,0.1586,0.79143065
0.95,0.8237,0.12626952
0.95,0.718,0.23222655
0.95,0.4106,0.53935546
0.95,0.6636,0.28642577
0.95,0.793,0.15703124
0.95,0.7603,0.18974608
0.95,0.8203,0.12968749
0.95,0.79,0.15996093
0.95,0.751,0.19902343
0.95,0.811,0.13896483
0.95,0.866,0.08378905
0.95,0.796,0.15410155
0.95,0.8125,0.13749999
0.95,0.7764,0.1736328
0.95,0.8027,0.14726561
0.95,0.698,0.2517578
0.95,0.7993,0.15068358
0.95,0.6885,0.26152343
0.95,0.792,0.1580078
0.95,0.858,0.09208983
0.95,0.7993,0.15068358
0.95,0.8306,0.11943358
0.95,0.7397,0.2102539
0.95,0.8154,0.1345703
0.95,0.743,0.20683593
0.95,0.757,0.19316405
0.95,0.827,0.12285155
0.95,0.6436,0.3064453
0.95,0.798,0.15214843
0.95,0.7544,0.19560546
0.95,0.853,0.096972644
0.95,0.805,0.1448242
0.95,0.854,0.09599608
0.95,0.89,0.05986327
0.95,0.7817,0.1682617
0.95,0.8584,0.09160155
0.95,0.9614,0.011425793
0.95,0.8486,0.101367176
0.95,0.873,0.07695311
0.95,0.8438,0.10624999
0.95,0.8164,0.13359374
0.95,0.7715,0.17851561
0.95,0.7837,0.16630858
0.95,0.702,0.24785155
0.95,0.799,0.15117186
0.95,0.819,0.13115233
0.95,0.854,0.09599608
0.95,0.788,0.16191405
0.95,0.825,0.124804676
0.95,0.8057,0.14433593
0.95,0.811,0.13896483
0.95,0.8013,0.14873046
0.95,0.3184,0.6316406
0.95,0.6567,0.2932617
0.95,0.3003,0.649707
0.95,0.6484,0.3015625
0.95,0.8765,0.073535144
0.95,0.8623,0.0876953
0.95,0.8584,0.09160155
0.95,0.821,0.1291992
0.95,0.859,0.09111327
0.95,0.8677,0.08232421
0.95,0.531,0.41923827
0.95,0.7954,0.15458983
0.95,0.723,0.22685546
0.95,0.4146,0.5354492
0.95,0.4338,0.5161621
0.95,0.8633,0.08671874
0.95,0.849,0.100878894
0.95,0.84,0.11015624
0.95,0.8315,0.11845702
0.95,0.8154,0.1345703
0.95,0.9126,0.03740233
0.95,0.6733,0.27666014
0.95,0.795,0.15507811
0.95,0.7905,0.15947264
0.95,0.7573,0.19267577
0.95,0.7847,0.16533202
0.95,0.8438,0.10624999
0.95,0.718,0.23222655
0.95,0.683,0.26689452
0.95,0.803,0.14677733
0.95,0.607,0.3430664
0.95,0.3494,0.60063475
0.95,0.8555,0.09453124
0.95,0.824,0.12578124
0.95,0.787,0.16289061
0.95,0.842,0.10820311
0.95,0.8184,0.13164061
0.95,0.558,0.39189452
0.95,0.586,0.3640625
0.95,0.563,0.3870117
0.95,0.815,0.13505858
0.95,0.2578,0.6921875
0.95,0.751,0.19902343
0.95,0.7886,0.16142577
0.95,0.8003,0.14970702
0.95,0.809,0.14091796
0.95,0.793,0.15703124
0.95,0.7954,0.15458983
0.95,0.7227,0.22734374
0.95,0.785,0.16484374
0.95,0.7173,0.23271483
0.95,0.822,0.12822264
0.95,0.512,0.43779296
0.95,0.834,0.11601561
0.95,0.8315,0.11845702
0.95,0.799,0.15117186
0.95,0.8335,0.116503894
0.95,0.8447,0.105273426
0.95,0.7686,0.1814453
0.95,0.8525,0.097460926
0.95,0.8193,0.13066405
0.95,0.6797,0.2703125
0.95,0.6167,0.33330077
0.95,0.8228,0.12724608
0.95,0.822,0.12822264
0.95,0.8296,0.120410144
0.95,0.861,0.089160144
0.95,0.863,0.08720702
0.95,0.765,0.18486327
0.95,0.7554,0.1946289
0.95,0.5117,0.43828124
0.95,0.375,0.575
0.95,0.83,0.11992186
0.95,0.8115,0.13847655
0.95,0.7983,0.15166014
0.95,0.837,0.113085926
0.95,0.851,0.09892577
0.95,0.8887,0.061328113
0.95,0.752,0.19804686
0.95,0.7764,0.1736328
0.95,0.8145,0.13554686
0.95,0.446,0.50395507
0.95,0.8105,0.13945311
0.95,0.8076,0.1423828
0.95,0.812,0.13798827
0.95,0.9175,0.03251952
0.95,0.819,0.13115233
0.95,0.7583,0.1916992
0.95,0.829,0.120898426
0.95,0.7324,0.21757811
0.95,0.7993,0.15068358
0.95,0.7476,0.2024414
0.95,0.3704,0.57963866
0.95,0.864,0.08623046
0.95,0.9087,0.04130858
0.95,0.7954,0.15458983
0.95,0.823,0.1267578
0.95,0.858,0.09208983
0.95,0.8003,0.14970702
0.95,0.754,0.19609374
0.95,0.8057,0.14433593
0.95,0.7715,0.17851561
0.95,0.781,0.16923827
0.95,0.74,0.20976561
0.95,0.8203,0.12968749
0.95,0.7656,0.18437499
0.95,0.801,0.14921874
0.95,0.84,0.11015624
0.95,0.8213,0.12871093
0.95,0.779,0.1711914
0.95,0.5483,0.40166014
0.95,0.8525,0.097460926
0.95,0.7886,0.16142577
0.95,0.797,0.15312499
0.95,0.8335,0.116503894
0.95,0.8486,0.101367176
0.95,0.8394,0.11064452
0.95,0.7734,0.17656249
0.95,0.791,0.15898436
0.95,0.7803,0.16972655
0.95,0.7188,0.23124999
0.95,0.8267,0.12333983
0.95,0.8125,0.13749999
0.95,0.7915,0.15849608
0.95,0.8286,0.12138671
0.95,0.8496,0.10039061
0.95,0.7456,0.20439452
0.95,0.7764,0.1736328
0.95,0.7993,0.15068358
0.95,0.892,0.057910144
0.95,0.7896,0.1604492
0.95,0.8135,0.13652343
0.95,0.8364,0.11357421
0.95,0.811,0.13896483
0.95,0.7466,0.20341796
0.95,0.7666,0.18339843
0.95,0.784,0.1658203
0.95,0.849,0.100878894
0.95,0.8413,0.108691394
0.95,0.79,0.15996093
0.95,0.8213,0.12871093
0.95,0.806,0.14384764
0.95,0.8315,0.11845702
0.95,0.824,0.12578124
0.95,0.817,0.13310546
0.95,0.8394,0.11064452
0.95,0.9214,0.02861327
0.95,0.8066,0.14335936
0.95,0.8,0.1501953
0.95,0.6235,0.32646483
0.95,0.8774,0.07255858
0.95,0.798,0.15214843
0.95,0.8315,0.11845702
0.95,0.8643,0.085742176
0.95,0.839,0.1111328
0.95,0.802,0.14824218
0.7424505,0.734,0.008563757
0.7461183,0.7056,0.0405519
0.92699677,0.8354,0.09154755
0.95,0.794,0.15605468
0.95,0.766,0.1838867
0.95,0.8936,0.0564453
0.95,0.7812,0.16874999
0.95,0.842,0.10820311
0.95,0.834,0.11601561
0.95,0.8457,0.10429686
0.95,0.701,0.24882811
0.95,0.8438,0.10624999
0.95,0.849,0.100878894
0.95,0.7954,0.15458983
0.95,0.787,0.16289061
0.95,0.827,0.12285155
0.95,0.8223,0.12773436
0.95,0.8486,0.101367176
0.95,0.6484,0.3015625
0.95,0.855,0.09501952
0.95,0.8286,0.12138671
0.95,0.7993,0.15068358
0.95,0.8633,0.08671874
0.95,0.8223,0.12773436
0.95,0.7793,0.17070311
0.95,0.6533,0.29667968
0.95,0.7197,0.23027343
0.95,0.5264,0.4236328
0.95,0.5386,0.41142577
0.95,0.833,0.116992176
0.95,0.8486,0.101367176
0.95,0.847,0.10283202
0.95,0.793,0.15703124
0.95,0.783,0.16679686
0.95,0.841,0.109179676
0.95,0.783,0.16679686
0.95,0.8335,0.116503894
0.95,0.6904,0.2595703
0.95,0.2051,0.74492186
0.95,0.432,0.5181152
0.95,0.1316,0.8184082
0.95,0.8022,0.1477539
0.95,0.807,0.14287108
0.95,0.6416,0.30839843
0.95,0.801,0.14921874
0.95,0.8223,0.12773436
0.95,0.812,0.13798827
0.95,0.4688,0.48125
0.95,0.4258,0.52421874
0.95,0.584,0.3660156
0.95,0.503,0.4470703
0.95,0.8135,0.13652343
0.95,0.835,0.11503905
0.95,0.8467,0.1033203
0.95,0.8345,0.11552733
0.95,0.795,0.15507811
0.95,0.73,0.22001952
0.95,0.783,0.16679686
0.95,0.581,0.3689453
0.95,0.8423,0.10771483
0.95,0.5425,0.40751952
0.95,0.3127,0.63725585
0.95,0.257,0.6929199
0.95,0.8496,0.10039061
0.95,0.811,0.13896483
0.95,0.3167,0.6333496
0.95,0.5425,0.40751952
0.95,0.5815,0.36845702
0.95,0.588,0.36210936
0.95,0.816,0.13408202
0.95,0.8325,0.11748046
0.95,0.8755,0.07451171
0.95,0.822,0.12822264
0.95,0.8457,0.10429686
0.95,0.831,0.1189453
0.95,0.839,0.1111328
0.95,0.8003,0.14970702
0.95,0.812,0.13798827
0.95,0.7915,0.15849608
0.95,0.864,0.08623046
0.95,0.7856,0.16435546
0.95,0.8564,0.093554676
0.95,0.8076,0.1423828
0.95,0.7944,0.1555664
0.95,0.7954,0.15458983
0.95,0.824,0.12578124
0.95,0.773,0.17705077
0.95,0.813,0.1370117
0.95,0.758,0.19218749
0.95,0.774,0.1760742
0.95,0.81,0.1399414
0.95,0.788,0.16191405
0.95,0.767,0.18291014
0.95,0.7285,0.22148436
0.95,0.815,0.13505858
0.95,0.775,0.17509764
0.95,0.7437,0.20634764
0.95,0.786,0.16386718
0.95,0.7734,0.17656249
0.95,0.7744,0.17558593
0.95,0.7915,0.15849608
0.95,0.778,0.17216796
0.95,0.7397,0.2102539
0.95,0.8076,0.1423828
0.95,0.7676,0.18242186
0.95,0.844,0.10576171
0.95,0.8315,0.11845702
0.95,0.8184,0.13164061
0.95,0.7305,0.21953124
0.95,0.817,0.13310546
0.95,0.832,0.11796874
0.95,0.8228,0.12724608
0.95,0.828,0.12187499
0.95,0.9155,0.034472644
0.95,0.821,0.1291992
0.95,0.8613,0.08867186
0.95,0.912,0.037890613
0.95,0.912,0.037890613
0.95,0.9497,0.00029295683
0.95,0.9497,0.00029295683
0.95,0.9517,0.0016601682
0.95,0.9517,0.0016601682
0.95,0.949,0.0007812381
0.95,0.949,0.0007812381
0.95,0.9155,0.034472644
0.95,0.9683,0.01826173
0.95,0.9683,0.01826173
0.95,0.912,0.037890613
0.95,0.912,0.037890613
0.95,0.8955,0.054492176
0.95,0.8955,0.054492176
0.95,0.9053,0.04472655
0.95,0.9053,0.04472655
0.95,0.976,0.02607423
0.95,0.976,0.02607423
0.95,0.956,0.0060546994
0.95,0.881,0.06914061
0.95,0.881,0.06914061
0.95,0.921,0.02910155
0.95,0.921,0.02910155
0.95,0.9097,0.04033202
0.95,0.9097,0.04033202
0.95,0.86,0.09013671
0.95,0.86,0.09013671
0.95,0.907,0.042773426
0.95,0.907,0.042773426
0.95,0.956,0.0060546994
0.95,0.758,0.19218749
0.95,0.758,0.19218749
0.95,0.9043,0.045703113
0.95,0.9043,0.045703113
0.95,0.9175,0.03251952
0.95,0.9175,0.03251952
0.95,0.8843,0.065722644
0.95,0.8843,0.065722644
0.95,0.878,0.0720703
0.95,0.878,0.0720703
0.95,0.8516,0.09843749
0.95,0.918,0.032031238
0.95,0.918,0.032031238
0.95,0.8716,0.07841796
0.95,0.8716,0.07841796
0.95,0.789,0.16093749
0.95,0.789,0.16093749
0.95,0.8267,0.12333983
0.95,0.8267,0.12333983
0.95,0.819,0.13115233
0.95,0.819,0.13115233
0.95,0.8516,0.09843749
0.95,0.9067,0.043261707
0.95,0.9067,0.043261707
0.95,0.966,0.015820324
0.95,0.966,0.015820324
0.95,0.8257,0.124316394
0.95,0.838,0.11210936
0.95,0.838,0.11210936
0.95,0.827,0.12285155
0.95,0.827,0.12285155
0.95,0.8496,0.10039061
0.95,0.866,0.08378905
0.95,0.8496,0.10039061
0.95,0.8438,0.10624999
0.95,0.8438,0.10624999
0.95,0.797,0.15312499
0.95,0.797,0.15312499
0.95,0.866,0.08378905
0.95,0.821,0.1291992
0.95,0.781,0.16923827
0.95,0.8276,0.12236327
0.95,0.7915,0.15849608
0.95,0.7915,0.15849608
0.95,0.81,0.1399414
0.95,0.81,0.1399414
0.95,0.8555,0.09453124
0.95,0.8555,0.09453124
0.95,0.871,0.07890624
0.95,0.871,0.07890624
0.95,0.806,0.14384764
0.95,0.806,0.14384764
0.95,0.789,0.16093749
0.95,0.8286,0.12138671
0.95,0.8286,0.12138671
0.95,0.7754,0.17460936
0.95,0.7754,0.17460936
0.95,0.828,0.12187499
0.95,0.843,0.10722655
0.95,0.843,0.10722655
0.95,0.854,0.09599608
0.95,0.854,0.09599608
0.95,0.7993,0.15068358
0.95,0.789,0.16093749
0.95,0.7993,0.15068358
0.95,0.845,0.104785144
0.95,0.845,0.104785144
0.95,0.842,0.10820311
0.95,0.842,0.10820311
0.95,0.8594,0.09062499
0.95,0.8594,0.09062499
0.95,0.764,0.18583983
0.95,0.764,0.18583983
0.95,0.8145,0.13554686
0.95,0.795,0.15507811
0.95,0.8145,0.13554686
0.95,0.8296,0.120410144
0.95,0.8296,0.120410144
0.95,0.8237,0.12626952
0.95,0.8237,0.12626952
0.95,0.6777,0.2722656
0.95,0.8535,0.09648436
0.95,0.8535,0.09648436
0.95,0.828,0.12187499
0.95,0.828,0.12187499
0.95,0.795,0.15507811
0.95,0.796,0.15410155
0.95,0.796,0.15410155
0.95,0.8096,0.14042968
0.95,0.8096,0.14042968
0.95,0.8125,0.13749999
0.95,0.8125,0.13749999
0.95,0.7627,0.18730468
0.95,0.7627,0.18730468
0.95,0.8228,0.12724608
0.95,0.8228,0.12724608
0.95,0.8833,0.06669921
0.95,0.837,0.113085926
0.95,0.837,0.113085926
0.95,0.8135,0.13652343
0.95,0.8135,0.13652343
0.95,0.8364,0.11357421
0.95,0.8364,0.11357421
0.95,0.764,0.18583983
0.95,0.764,0.18583983
0.95,0.793,0.15703124
0.95,0.793,0.15703124
0.95,0.8833,0.06669921
0.95,0.8564,0.093554676
0.95,0.8564,0.093554676
0.95,0.8267,0.12333983
0.95,0.8267,0.12333983
0.95,0.8037,0.14628905
0.95,0.8037,0.14628905
0.95,0.811,0.13896483
0.95,0.811,0.13896483
0.95,0.7266,0.22343749
0.95,0.7266,0.22343749
0.95,0.8228,0.12724608
0.95,0.7495,0.20048827
0.95,0.7495,0.20048827
0.95,0.772,0.17802733
0.95,0.772,0.17802733
0.95,0.7627,0.18730468
0.95,0.7627,0.18730468
0.95,0.8994,0.050585926
0.95,0.8994,0.050585926
0.95,0.782,0.16777343
0.95,0.782,0.16777343
0.95,0.8228,0.12724608
0.95,0.867,0.08281249
0.95,0.867,0.08281249
0.95,0.8257,0.124316394
0.95,0.8257,0.124316394
0.95,0.814,0.13603514
0.95,0.814,0.13603514
0.95,0.768,0.18193358
0.95,0.781,0.16923827
0.95,0.768,0.18193358
0.95,0.807,0.14287108
0.95,0.807,0.14287108
0.95,0.7935,0.15654296
0.95,0.7935,0.15654296
0.95,0.87,0.0798828
0.95,0.87,0.0798828
0.95,0.88,0.070117176
0.95,0.88,0.070117176
0.95,0.81,0.1399414
0.95,0.7324,0.21757811
0.95,0.81,0.1399414
0.95,0.8364,0.11357421
0.95,0.8364,0.11357421
0.95,0.7964,0.15361327
0.95,0.7964,0.15361327
0.95,0.8125,0.13749999
0.95,0.8125,0.13749999
0.95,0.8076,0.1423828
0.95,0.8076,0.1423828
0.95,0.815,0.13505858
0.95,0.7324,0.21757811
0.95,0.815,0.13505858
0.95,0.8604,0.089648426
0.95,0.8604,0.089648426
0.95,0.807,0.14287108
0.95,0.807,0.14287108
0.95,0.856,0.09404296
0.95,0.856,0.09404296
0.95,0.8574,0.09257811
0.95,0.8574,0.09257811
0.95,0.817,0.13310546
0.95,0.7427,0.2073242
0.95,0.817,0.13310546
0.95,0.8467,0.1033203
0.95,0.82,0.13017577
0.95,0.82,0.13017577
0.95,0.831,0.1189453
0.95,0.831,0.1189453
0.95,0.7905,0.15947264
0.95,0.7905,0.15947264
0.95,0.797,0.15312499
0.95,0.797,0.15312499
0.95,0.7427,0.2073242
0.95,0.804,0.14580077
0.95,0.804,0.14580077
0.95,0.784,0.1658203
0.95,0.784,0.1658203
0.95,0.791,0.15898436
0.95,0.791,0.15898436
0.95,0.881,0.06914061
0.95,0.881,0.06914061
0.95,0.579,0.37089843
0.95,0.579,0.37089843
0.95,0.739,0.21123046
0.95,0.8364,0.11357421
0.95,0.8364,0.11357421
0.95,0.7827,0.16728514
0.95,0.7827,0.16728514
0.95,0.7974,0.1526367
0.95,0.7974,0.1526367
0.95,0.877,0.07304686
0.95,0.877,0.07304686
0.95,0.789,0.16093749
0.95,0.789,0.16093749
0.95,0.739,0.21123046
0.95,0.9385,0.011523426
0.95,0.9385,0.011523426
0.95,0.8745,0.07548827
0.95,0.8745,0.07548827
0.95,0.844,0.10576171
0.95,0.844,0.10576171
0.95,0.87,0.0798828
0.95,0.87,0.0798828
0.95,0.8525,0.097460926
0.95,0.8525,0.097460926
0.95,0.8276,0.12236327
0.95,0.6084,0.34160155
0.95,0.7935,0.15654296
0.95,0.7935,0.15654296
0.95,0.822,0.12822264
0.95,0.822,0.12822264
0.95,0.8374,0.112597644
0.95,0.8374,0.112597644
0.95,0.8125,0.13749999
0.95,0.8057,0.14433593
0.95,0.8057,0.14433593
0.95,0.8066,0.14335936
0.95,0.878,0.0720703
0.95,0.8896,0.06035155
0.95,0.7793,0.17070311
0.95,0.951,0.0011718869
0.95,0.8623,0.0876953
0.95,0.8867,0.06328124
0.95,0.8506,0.09941405
0.95,0.779,0.1711914
0.95,0.853,0.096972644
0.95,0.8086,0.14140624
0.95,0.916,0.033984363
0.95,0.7964,0.15361327
0.95,0.7715,0.17851561
0.95,0.908,0.041796863
0.95,0.9443,0.0056640506
0.95,0.916,0.033984363
0.95,0.9194,0.030566394
0.95,0.885,0.06523436
0.95,0.8887,0.061328113
0.95,0.8555,0.09453124
0.95,0.8315,0.11845702
0.95,0.6772,0.2727539
0.95,0.844,0.10576171
0.95,0.895,0.054980457
0.95,0.8706,0.07939452
0.95,0.91,0.039843738
0.95,0.933,0.01689452
0.95,0.8027,0.14726561
0.95,0.819,0.13115233
0.95,0.849,0.100878894
0.95,0.636,0.31376952
0.95,0.8765,0.073535144
0.95,0.7036,0.2463867
0.95,0.857,0.093066394
0.95,0.784,0.1658203
0.95,0.8716,0.07841796
0.95,0.84,0.11015624
0.95,0.898,0.05205077
0.95,0.7114,0.2385742
0.95,0.7827,0.16728514
0.95,0.927,0.023242176
0.95,0.7563,0.19365233
0.95,0.8247,0.12529296
0.95,0.7764,0.1736328
0.95,0.8647,0.085253894
0.95,0.869,0.08085936
0.95,0.8994,0.050585926
0.95,0.9233,0.026660144
0.95,0.941,0.009082019
0.95,0.8306,0.11943358
0.95,0.8877,0.062304676
0.95,0.9155,0.034472644
0.95,0.879,0.07109374
0.95,0.8433,0.10673827
0.95,0.8906,0.059374988
0.95,0.894,0.05595702
0.95,0.8257,0.124316394
0.95,0.9136,0.03642577
0.95,0.9336,0.016406238
0.95,0.8906,0.059374988
0.95,0.879,0.07109374
0.95,0.8433,0.10673827
0.95,0.8794,0.07060546
0.95,0.831,0.1189453
0.95,0.88,0.070117176
0.95,0.88,0.070117176
0.95,0.911,0.038867176
0.95,0.8604,0.089648426
0.95,0.872,0.077929676
0.95,0.881,0.06914061
0.95,0.915,0.034960926
0.95,0.774,0.1760742
0.95,0.8296,0.120410144
0.95,0.8584,0.09160155
0.95,0.8823,0.06767577
0.95,0.735,0.2151367
0.95,0.954,0.0041015744
0.95,0.8804,0.069628894
0.95,0.9023,0.047656238
0.95,0.9043,0.045703113
0.95,0.8413,0.108691394
0.95,0.8584,0.09160155
0.95,0.6274,0.32255858
0.95,0.7183,0.23173827
0.95,0.308,0.6418945
0.95,0.7773,0.17265624
0.95,0.754,0.19609374
0.95,0.6533,0.29667968
0.95,0.3694,0.5806152
0.95,0.7773,0.17265624
0.95,0.772,0.17802733
0.95,0.2496,0.7003662
0.95,0.1065,0.84349364
0.95,0.1628,0.7871582
0.95,0.546,0.40410155
0.95,0.4812,0.46879882
0.95,0.4895,0.46049803
0.95,0.2432,0.7068359
0.95,0.3384,0.6116211
0.95,0.1727,0.7772705
0.95,0.06433,0.88566893
0.95,0.607,0.3430664
0.95,0.8047,0.14531249
0.95,0.8623,0.0876953
0.95,0.8394,0.11064452
0.95,0.8374,0.112597644
0.95,0.873,0.07695311
0.95,0.8716,0.07841796
0.95,0.892,0.057910144
0.95,0.861,0.089160144
0.95,0.844,0.10576171
0.95,0.907,0.042773426
0.95,0.9033,0.046679676
0.95,0.7236,0.22636718
0.95,0.8896,0.06035155
0.95,0.7734,0.17656249
0.95,0.874,0.07597655
0.95,0.844,0.10576171
0.95,0.8174,0.13261718
0.95,0.82,0.13017577
0.95,0.842,0.10820311
0.95,0.757,0.19316405
0.95,0.8716,0.07841796
0.95,0.78,0.17021483
0.95,0.868,0.081835926
0.95,0.8545,0.0955078
0.95,0.9062,0.043749988
0.95,0.7354,0.21464843
0.95,0.8604,0.089648426
0.95,0.8096,0.14042968
0.95,0.8247,0.12529296
0.95,0.823,0.1267578
0.95,0.8525,0.097460926
0.95,0.784,0.1658203
0.95,0.8384,0.11162108
0.95,0.8394,0.11064452
0.95,0.8975,0.05253905
0.95,0.911,0.038867176
0.95,0.8887,0.061328113
0.95,0.835,0.11503905
0.95,0.8706,0.07939452
0.95,0.866,0.08378905
0.95,0.779,0.1711914
0.95,0.816,0.13408202
0.95,0.924,0.026171863
0.95,0.7593,0.19072264
0.95,0.829,0.120898426
0.95,0.8003,0.14970702
0.95,0.8306,0.11943358
0.95,0.836,0.11406249
0.95,0.8545,0.0955078
0.95,0.8423,0.10771483
0.95,0.799,0.15117186
0.95,0.8774,0.07255858
0.95,0.7666,0.18339843
0.95,0.818,0.1321289
0.95,0.786,0.16386718
0.95,0.88,0.070117176
0.95,0.7446,0.20537108
0.95,0.848,0.10185546
0.95,0.829,0.120898426
0.95,0.7817,0.1682617
0.95,0.8384,0.11162108
0.95,0.7773,0.17265624
0.95,0.846,0.10380858
0.95,0.8467,0.1033203
0.95,0.7734,0.17656249
0.95,0.7983,0.15166014
0.95,0.7886,0.16142577
0.95,0.8047,0.14531249
0.95,0.7964,0.15361327
0.95,0.8125,0.13749999
0.95,0.855,0.09501952
0.95,0.837,0.113085926
0.95,0.889,0.06083983
0.95,0.8423,0.10771483
0.95,0.827,0.12285155
0.95,0.789,0.16093749
0.95,0.874,0.07597655
0.95,0.8237,0.12626952
0.95,0.8125,0.13749999
0.95,0.8403,0.10966796
0.95,0.789,0.16093749
0.95,0.744,0.20585936
0.95,0.821,0.1291992
0.95,0.8086,0.14140624
0.95,0.8228,0.12724608
0.95,0.829,0.120898426
0.95,0.8774,0.07255858
0.95,0.894,0.05595702
0.95,0.82,0.13017577
0.95,0.83,0.11992186
0.95,0.852,0.09794921
0.95,0.789,0.16093749
0.95,0.803,0.14677733
0.95,0.819,0.13115233
0.95,0.8403,0.10966796
0.95,0.829,0.120898426
0.95,0.8364,0.11357421
0.95,0.815,0.13505858
0.95,0.837,0.113085926
0.95,0.8354,0.11455077
0.95,0.858,0.09208983
0.95,0.848,0.10185546
0.95,0.8223,0.12773436
0.95,0.7666,0.18339843
0.95,0.803,0.14677733
0.95,0.887,0.06279296
0.95,0.861,0.089160144
0.95,0.8076,0.1423828
0.95,0.866,0.08378905
0.95,0.8535,0.09648436
0.95,0.8257,0.124316394
0.95,0.8228,0.12724608
0.95,0.8706,0.07939452
0.95,0.8716,0.07841796
0.95,0.834,0.11601561
0.95,0.7627,0.18730468
0.95,0.8203,0.12968749
0.95,0.7812,0.16874999
0.95,0.8276,0.12236327
0.95,0.824,0.12578124
0.95,0.8516,0.09843749
0.95,0.8623,0.0876953
0.95,0.787,0.16289061
0.95,0.827,0.12285155
0.95,0.8584,0.09160155
0.95,0.9404,0.009570301
0.95,0.8823,0.06767577
0.95,0.8823,0.06767577
0.95,0.8276,0.12236327
0.95,0.8276,0.12236327
0.95,0.8276,0.12236327
0.95,0.853,0.096972644
0.95,0.853,0.096972644
0.95,0.853,0.096972644
0.95,0.8525,0.097460926
0.95,0.8525,0.097460926
0.95,0.874,0.07597655
0.95,0.8525,0.097460926
0.95,0.841,0.109179676
0.95,0.841,0.109179676
0.95,0.841,0.109179676
0.95,0.8223,0.12773436
0.95,0.8223,0.12773436
0.95,0.8223,0.12773436
0.95,0.8193,0.13066405
0.95,0.8193,0.13066405
0.95,0.8193,0.13066405
0.95,0.874,0.07597655
0.95,0.8745,0.07548827
0.95,0.8745,0.07548827
0.95,0.8745,0.07548827
0.95,0.868,0.081835926
0.95,0.868,0.081835926
0.95,0.868,0.081835926
0.95,0.8267,0.12333983
0.95,0.8267,0.12333983
0.95,0.8267,0.12333983
0.95,0.8916,0.058398426
0.95,0.909,0.0408203
0.95,0.8916,0.058398426
0.95,0.8916,0.058398426
0.95,0.835,0.11503905
0.95,0.835,0.11503905
0.95,0.835,0.11503905
0.95,0.863,0.08720702
0.95,0.863,0.08720702
0.95,0.863,0.08720702
0.95,0.86,0.09013671
0.95,0.86,0.09013671
0.95,0.909,0.0408203
0.95,0.86,0.09013671
0.95,0.833,0.116992176
0.95,0.833,0.116992176
0.95,0.833,0.116992176
0.95,0.817,0.13310546
0.95,0.817,0.13310546
0.95,0.817,0.13310546
0.95,0.868,0.081835926
0.95,0.868,0.081835926
0.95,0.868,0.081835926
0.95,0.749,0.20097655
0.95,0.8413,0.108691394
0.95,0.8413,0.108691394
0.95,0.8413,0.108691394
0.95,0.848,0.10185546
0.95,0.848,0.10185546
0.95,0.848,0.10185546
0.95,0.842,0.10820311
0.95,0.842,0.10820311
0.95,0.842,0.10820311
0.95,0.8594,0.09062499
0.95,0.749,0.20097655
0.95,0.8594,0.09062499
0.95,0.8594,0.09062499
0.95,0.8257,0.124316394
0.95,0.8257,0.124316394
0.95,0.8257,0.124316394
0.95,0.9146,0.035449207
0.95,0.9146,0.035449207
0.95,0.9146,0.035449207
0.95,0.877,0.07304686
0.95,0.877,0.07304686
0.95,0.816,0.13408202
0.95,0.877,0.07304686
0.95,0.8413,0.108691394
0.95,0.8413,0.108691394
0.95,0.8413,0.108691394
0.95,0.843,0.10722655
0.95,0.843,0.10722655
0.95,0.843,0.10722655
0.95,0.8564,0.093554676
0.95,0.8564,0.093554676
0.95,0.8564,0.093554676
0.95,0.816,0.13408202
0.95,0.826,0.12382811
0.95,0.826,0.12382811
0.95,0.826,0.12382811
0.95,0.8135,0.13652343
0.95,0.8135,0.13652343
0.95,0.8135,0.13652343
0.95,0.8706,0.07939452
0.95,0.8706,0.07939452
0.95,0.8706,0.07939452
0.95,0.9014,0.0486328
0.95,0.869,0.08085936
0.95,0.9014,0.0486328
0.95,0.9014,0.0486328
0.95,0.857,0.093066394
0.95,0.857,0.093066394
0.95,0.857,0.093066394
0.95,0.8325,0.11748046
0.95,0.8325,0.11748046
0.95,0.8325,0.11748046
0.95,0.9077,0.042285144
0.95,0.9077,0.042285144
0.95,0.8584,0.09160155
0.95,0.869,0.08085936
0.95,0.9077,0.042285144
0.95,0.832,0.11796874
0.95,0.832,0.11796874
0.95,0.832,0.11796874
0.95,0.846,0.10380858
0.95,0.846,0.10380858
0.95,0.846,0.10380858
0.95,0.872,0.077929676
0.95,0.872,0.077929676
0.95,0.872,0.077929676
0.95,0.8267,0.12333983
0.95,0.788,0.16191405
0.95,0.788,0.16191405
0.95,0.788,0.16191405
0.95,0.788,0.16191405
0.95,0.788,0.16191405
0.95,0.788,0.16191405
0.95,0.814,0.13603514
0.95,0.814,0.13603514
0.95,0.814,0.13603514
0.95,0.8213,0.12871093
0.95,0.876,0.074023426
0.95,0.8765,0.073535144
0.95,0.8765,0.073535144
0.95,0.8765,0.073535144
0.95,0.89,0.05986327
0.95,0.89,0.05986327
0.95,0.89,0.05986327
0.95,0.9097,0.04033202
0.95,0.9097,0.04033202
0.95,0.9097,0.04033202
0.95,0.8135,0.13652343
0.95,0.876,0.074023426
0.95,0.8135,0.13652343
0.95,0.8135,0.13652343
0.95,0.7935,0.15654296
0.95,0.7935,0.15654296
0.95,0.7935,0.15654296
0.95,0.8013,0.14873046
0.95,0.8013,0.14873046
0.95,0.8013,0.14873046
0.95,0.792,0.1580078
0.95,0.792,0.1580078
0.95,0.8184,0.13164061
0.95,0.792,0.1580078
0.95,0.7896,0.1604492
0.95,0.7896,0.1604492
0.95,0.7896,0.1604492
0.95,0.8477,0.10234374
0.95,0.8477,0.10234374
0.95,0.8477,0.10234374
0.95,0.8115,0.13847655
0.95,0.8115,0.13847655
0.95,0.8115,0.13847655
0.95,0.8135,0.13652343
0.95,0.8745,0.07548827
0.95,0.8745,0.07548827
0.95,0.8213,0.12871093
0.95,0.8257,0.124316394
0.95,0.8257,0.124316394
0.95,0.8257,0.124316394
0.95,0.892,0.057910144
0.95,0.892,0.057910144
0.95,0.892,0.057910144
0.95,0.8315,0.11845702
0.95,0.8135,0.13652343
0.95,0.8315,0.11845702
0.95,0.8315,0.11845702
0.95,0.8535,0.09648436
0.95,0.8535,0.09648436
0.95,0.8535,0.09648436
0.95,0.922,0.028124988
0.95,0.922,0.028124988
0.95,0.922,0.028124988
0.95,0.8784,0.07158202
0.95,0.8784,0.07158202
0.95,0.8267,0.12333983
0.95,0.8784,0.07158202
0.95,0.8296,0.120410144
0.95,0.8296,0.120410144
0.95,0.8296,0.120410144
0.95,0.8296,0.120410144
0.95,0.8296,0.120410144
0.95,0.8296,0.120410144
0.95,0.827,0.12285155
0.95,0.827,0.12285155
0.95,0.827,0.12285155
0.95,0.8267,0.12333983
0.95,0.8296,0.120410144
0.95,0.8296,0.120410144
0.95,0.8413,0.108691394
0.95,0.8413,0.108691394
0.95,0.854,0.09599608
0.95,0.854,0.09599608
0.95,0.8223,0.12773436
0.95,0.8545,0.0955078
0.95,0.8447,0.105273426
0.95,0.8447,0.105273426
0.95,0.87,0.0798828
0.95,0.8447,0.105273426
0.95,0.872,0.077929676
0.95,0.872,0.077929676
0.95,0.872,0.077929676
0.95,0.8696,0.08037108
0.95,0.8696,0.08037108
0.95,0.8696,0.08037108
0.95,0.877,0.07304686
0.95,0.877,0.07304686
0.95,0.9,0.050097644
0.95,0.8955,0.054492176
0.95,0.87,0.0798828
0.95,0.9,0.050097644
0.95,0.9,0.050097644
0.95,0.778,0.17216796
0.95,0.778,0.17216796
0.95,0.778,0.17216796
0.95,0.8525,0.097460926
0.95,0.8525,0.097460926
0.95,0.8525,0.097460926
0.95,0.87,0.0798828
0.95,0.8306,0.11943358
0.95,0.8306,0.11943358
0.95,0.8306,0.11943358
0.95,0.9067,0.043261707
0.95,0.9067,0.043261707
0.95,0.9067,0.043261707
0.95,0.8643,0.085742176
0.95,0.8643,0.085742176
0.95,0.8955,0.054492176
0.95,0.8643,0.085742176
0.95,0.8394,0.11064452
0.95,0.8394,0.11064452
0.95,0.8394,0.11064452
0.95,0.8833,0.06669921
0.95,0.8833,0.06669921
0.95,0.846,0.10380858
0.95,0.846,0.10380858
0.95,0.8184,0.13164061
0.95,0.8184,0.13164061
0.95,0.8955,0.054492176
0.95,0.867,0.08281249
0.95,0.82,0.13017577
0.95,0.82,0.13017577
0.95,0.82,0.13017577
0.95,0.89,0.05986327
0.95,0.89,0.05986327
0.95,0.89,0.05986327
0.95,0.8604,0.089648426
0.95,0.8604,0.089648426
0.95,0.8604,0.089648426
0.95,0.8867,0.06328124
0.95,0.7983,0.15166014
0.95,0.7983,0.15166014
0.95,0.7983,0.15166014
0.95,0.833,0.116992176
0.95,0.833,0.116992176
0.95,0.833,0.116992176
0.95,0.8286,0.12138671
0.95,0.8286,0.12138671
0.95,0.8286,0.12138671
0.95,0.7607,0.1892578
0.95,0.8867,0.06328124
0.95,0.7607,0.1892578
0.95,0.7607,0.1892578
0.95,0.8975,0.05253905
0.95,0.8975,0.05253905
0.95,0.8975,0.05253905
0.95,0.8687,0.081347644
0.95,0.8687,0.081347644
0.95,0.8687,0.081347644
0.95,0.854,0.09599608
0.95,0.854,0.09599608
0.95,0.8867,0.06328124
0.95,0.854,0.09599608
0.95,0.8813,0.06865233
0.95,0.8813,0.06865233
0.95,0.8813,0.06865233
0.95,0.8804,0.069628894
0.95,0.8804,0.069628894
0.95,0.8804,0.069628894
0.95,0.882,0.06816405
0.95,0.882,0.06816405
0.95,0.882,0.06816405
0.95,0.9404,0.009570301
0.95,0.9077,0.042285144
0.95,0.9077,0.042285144
0.95,0.9077,0.042285144
0.95,0.8716,0.07841796
0.95,0.8716,0.07841796
0.95,0.8716,0.07841796
0.95,0.838,0.11210936
0.95,0.838,0.11210936
0.95,0.838,0.11210936
0.95,0.8823,0.06767577
0.95,0.9365,0.013476551
0.95,0.821,0.1291992
0.95,0.9565,0.0065429807
0.95,0.874,0.07597655
0.95,0.84,0.11015624
0.95,0.7827,0.16728514
0.95,0.8857,0.0642578
0.95,0.7886,0.16142577
0.95,0.866,0.08378905
0.95,0.7256,0.22441405
0.95,0.7397,0.2102539
0.95,0.7305,0.21953124
0.95,0.84,0.11015624
0.95,0.857,0.093066394
0.95,0.881,0.06914061
0.95,0.875,0.07499999
0.95,0.89,0.05986327
0.95,0.77,0.17998046
0.95,0.7305,0.21953124
0.95,0.7837,0.16630858
0.95,0.8184,0.13164061
0.95,0.8213,0.12871093
0.95,0.788,0.16191405
0.95,0.8037,0.14628905
0.95,0.8467,0.1033203
0.95,0.858,0.09208983
0.95,0.872,0.077929676
0.95,0.858,0.09208983
0.95,0.79,0.15996093
0.95,0.8174,0.13261718
0.95,0.8467,0.1033203
0.95,0.9014,0.0486328
0.95,0.8936,0.0564453
0.95,0.8315,0.11845702
0.95,0.7744,0.17558593
0.95,0.875,0.07499999
0.95,0.909,0.0408203
0.95,0.898,0.05205077
0.95,0.8154,0.1345703
0.95,0.776,0.17412108
0.95,0.892,0.057910144
0.95,0.9224,0.027636707
0.95,0.886,0.06376952
0.95,0.8926,0.057421863
0.95,0.845,0.104785144
0.95,0.7754,0.17460936
0.95,0.826,0.12382811
0.95,0.8325,0.11748046
0.95,0.805,0.1448242
0.95,0.823,0.1267578
0.95,0.7407,0.20927733
0.95,0.822,0.12822264
0.95,0.892,0.057910144
0.95,0.8467,0.1033203
0.95,0.878,0.0720703
0.95,0.9214,0.02861327
0.95,0.7964,0.15361327
0.95,0.875,0.07499999
0.95,0.835,0.11503905
0.95,0.858,0.09208983
0.95,0.9185,0.031542957
0.95,0.7793,0.17070311
0.95,0.8066,0.14335936
0.95,0.906,0.04423827
0.95,0.88,0.070117176
0.95,0.861,0.089160144
0.95,0.869,0.08085936
0.95,0.829,0.120898426
0.95,0.8994,0.050585926
0.95,0.9023,0.047656238
0.95,0.8936,0.0564453
0.95,0.8833,0.06669921
0.95,0.8403,0.10966796
0.95,0.853,0.096972644
0.95,0.852,0.09794921
0.95,0.801,0.14921874
0.95,0.8794,0.07060546
0.95,0.8237,0.12626952
0.95,0.798,0.15214843
0.95,0.8247,0.12529296
0.95,0.868,0.081835926
0.95,0.8647,0.085253894
0.95,0.8433,0.10673827
0.95,0.8623,0.0876953
0.95,0.8647,0.085253894
0.95,0.848,0.10185546
0.95,0.864,0.08623046
0.95,0.876,0.074023426
0.95,0.8413,0.108691394
0.95,0.8296,0.120410144
0.95,0.8765,0.073535144
0.95,0.8604,0.089648426
0.95,0.782,0.16777343
0.95,0.8823,0.06767577
0.95,0.8223,0.12773436
0.95,0.839,0.1111328
0.95,0.874,0.07597655
0.95,0.8696,0.08037108
0.95,0.814,0.13603514
0.95,0.828,0.12187499
0.95,0.8115,0.13847655
0.95,0.8564,0.093554676
0.95,0.8423,0.10771483
0.95,0.8115,0.13847655
0.95,0.8164,0.13359374
0.95,0.885,0.06523436
0.95,0.774,0.1760742
0.95,0.871,0.07890624
0.95,0.862,0.08818358
0.95,0.8975,0.05253905
0.95,0.8477,0.10234374
0.95,0.8394,0.11064452
0.95,0.8804,0.069628894
0.95,0.804,0.14580077
0.95,0.8643,0.085742176
0.95,0.8154,0.1345703
0.95,0.828,0.12187499
0.95,0.7617,0.18828124
0.95,0.904,0.046191394
0.95,0.7607,0.1892578
0.95,0.8203,0.12968749
0.95,0.845,0.104785144
0.95,0.9263,0.023730457
0.95,0.8286,0.12138671
0.95,0.866,0.08378905
0.95,0.8667,0.08330077
0.95,0.881,0.06914061
0.95,0.881,0.06914061
0.95,0.881,0.06914061
0.95,0.798,0.15214843
0.95,0.881,0.06914061
0.95,0.822,0.12822264
0.95,0.822,0.12822264
0.95,0.8643,0.085742176
0.95,0.8896,0.06035155
0.95,0.7607,0.1892578
0.95,0.87,0.0798828
0.95,0.8633,0.08671874
0.95,0.7573,0.19267577
0.95,0.7456,0.20439452
0.95,0.827,0.12285155
0.95,0.8135,0.13652343
0.95,0.833,0.116992176
0.95,0.8486,0.101367176
0.95,0.9277,0.022265613
0.95,0.9136,0.03642577
0.95,0.854,0.09599608
0.95,0.8813,0.06865233
0.95,0.8647,0.085253894
0.95,0.8994,0.050585926
0.95,0.811,0.13896483
0.95,0.8467,0.1033203
0.95,0.808,0.14189452
0.95,0.828,0.12187499
0.95,0.83,0.11992186
0.95,0.8647,0.085253894
0.95,0.8267,0.12333983
0.95,0.9375,0.012499988
0.95,0.8315,0.11845702
0.95,0.8223,0.12773436
0.95,0.816,0.13408202
0.95,0.8755,0.07451171
0.95,0.8496,0.10039061
0.95,0.8115,0.13847655
0.95,0.893,0.05693358
0.95,0.8315,0.11845702
0.95,0.815,0.13505858
0.95,0.7915,0.15849608
0.95,0.8276,0.12236327
0.95,0.84,0.11015624
0.95,0.845,0.104785144
0.95,0.845,0.104785144
0.95,0.838,0.11210936
0.95,0.8745,0.07548827
0.95,0.9233,0.026660144
0.95,0.881,0.06914061
0.95,0.84,0.11015624
0.95,0.8096,0.14042968
0.95,0.8735,0.07646483
0.95,0.8853,0.06474608
0.95,0.8364,0.11357421
0.95,0.8496,0.10039061
0.95,0.88,0.070117176
0.95,0.894,0.05595702
0.95,0.8774,0.07255858
0.95,0.794,0.15605468
0.95,0.8237,0.12626952
0.95,0.8955,0.054492176
0.95,0.789,0.16093749
0.95,0.858,0.09208983
0.95,0.849,0.100878894
0.95,0.841,0.109179676
0.95,0.866,0.08378905
0.95,0.8745,0.07548827
0.95,0.8413,0.108691394
0.95,0.8574,0.09257811
0.95,0.81,0.1399414
0.95,0.8193,0.13066405
0.95,0.8613,0.08867186
0.95,0.82,0.13017577
0.95,0.813,0.1370117
0.95,0.872,0.077929676
0.95,0.76,0.19023436
0.95,0.8,0.1501953
0.95,0.7446,0.20537108
0.95,0.8486,0.101367176
0.95,0.7505,0.1995117
0.95,0.746,0.20390624
0.95,0.8164,0.13359374
0.95,0.2388,0.71123046
0.95,0.8486,0.101367176
0.95,0.812,0.13798827
0.95,0.86,0.09013671
0.95,0.8457,0.10429686
0.95,0.4807,0.4692871
0.95,0.266,0.6838867
0.95,0.331,0.6189453
0.95,0.8237,0.12626952
0.95,0.905,0.04521483
0.95,0.8696,0.08037108
0.95,0.76,0.19023436
0.95,0.811,0.13896483
0.95,0.7856,0.16435546
0.95,0.1798,0.7701904
0.95,0.6646,0.2854492
0.95,0.683,0.26689452
0.95,0.811,0.13896483
0.95,0.4663,0.4836914
0.95,0.413,0.53691405
0.95,0.487,0.46293944
0.95,0.7485,0.20146483
0.95,0.338,0.61210936
0.95,0.5444,0.4055664
0.95,0.6943,0.25566405
0.95,0.4258,0.52421874
0.95,0.7344,0.21562499
0.95,0.85,0.09990233
0.95,0.464,0.48588866
0.95,0.6826,0.2673828
0.95,0.24,0.71000975
0.95,0.897,0.05302733
0.95,0.822,0.12822264
0.95,0.813,0.1370117
0.95,0.853,0.096972644
0.95,0.8237,0.12626952
0.95,0.84,0.11015624
0.95,0.842,0.10820311
0.95,0.8833,0.06669921
0.95,0.9053,0.04472655
0.95,0.88,0.070117176
0.95,0.8667,0.08330077
0.95,0.837,0.113085926
0.95,0.9116,0.038378894
0.95,0.8306,0.11943358
0.95,0.9116,0.038378894
0.95,0.791,0.15898436
0.95,0.9043,0.045703113
0.95,0.776,0.17412108
0.95,0.7983,0.15166014
0.95,0.8433,0.10673827
0.95,0.7944,0.1555664
0.95,0.827,0.12285155
0.95,0.8164,0.13359374
0.95,0.871,0.07890624
0.95,0.786,0.16386718
0.95,0.914,0.035937488
0.95,0.8647,0.085253894
0.95,0.808,0.14189452
0.95,0.722,0.22783202
0.95,0.7866,0.1633789
0.95,0.837,0.113085926
0.95,0.7705,0.17949218
0.95,0.8667,0.08330077
0.95,0.776,0.17412108
0.95,0.799,0.15117186
0.95,0.781,0.16923827
0.5550803,0.7905,0.23544705
0.95,0.818,0.1321289
0.95,0.8564,0.093554676
0.95,0.79,0.15996093
0.95,0.772,0.17802733
0.95,0.7695,0.18046874
0.95,0.7886,0.16142577
0.95,0.7964,0.15361327
0.95,0.751,0.19902343
0.95,0.738,0.21220702
0.95,0.807,0.14287108
0.95,0.8594,0.09062499
0.95,0.9224,0.027636707
0.95,0.843,0.10722655
0.95,0.8076,0.1423828
0.95,0.809,0.14091796
0.95,0.797,0.15312499
0.95,0.79,0.15996093
0.95,0.778,0.17216796
0.95,0.822,0.12822264
0.95,0.7803,0.16972655
0.95,0.787,0.16289061
0.95,0.05557,0.8944275
0.95,0.7573,0.19267577
0.95,0.801,0.14921874
0.95,0.7812,0.16874999
0.95,0.7876,0.16240233
0.95,0.822,0.12822264
0.95,0.8,0.1501953
0.95,0.862,0.08818358
0.95,0.2174,0.73259276
0.95,0.312,0.63798827
0.95,0.913,0.03691405
0.95,0.92,0.030078113
0.95,0.8096,0.14042968
0.95,0.8066,0.14335936
0.95,0.7617,0.18828124
0.95,0.8276,0.12236327
0.95,0.8,0.1501953
0.95,0.86,0.09013671
0.95,0.874,0.07597655
0.95,0.864,0.08623046
0.95,0.763,0.1868164
0.95,0.839,0.1111328
0.95,0.8022,0.1477539
0.95,0.8276,0.12236327
0.95,0.8496,0.10039061
0.95,0.882,0.06816405
0.95,0.7954,0.15458983
0.95,0.8374,0.112597644
0.95,0.8745,0.07548827
0.95,0.862,0.08818358
0.95,0.777,0.17314452
0.95,0.904,0.046191394
0.95,0.881,0.06914061
0.95,0.8696,0.08037108
0.95,0.84,0.11015624
0.95,0.89,0.05986327
0.95,0.82,0.13017577
0.95,0.777,0.17314452
0.95,0.8486,0.101367176
0.95,0.788,0.16191405
0.95,0.85,0.09990233
0.95,0.81,0.1399414
0.95,0.772,0.17802733
0.95,0.3674,0.58256835
0.95,0.789,0.16093749
0.95,0.8516,0.09843749
0.95,0.724,0.2258789
0.95,0.808,0.14189452
0.95,0.763,0.1868164
0.95,0.8276,0.12236327
0.95,0.8,0.1501953
0.95,0.844,0.10576171
0.95,0.8945,0.055468738
0.95,0.85,0.09990233
0.95,0.828,0.12187499
0.95,0.8496,0.10039061
0.95,0.908,0.041796863
0.95,0.8706,0.07939452
0.95,0.935,0.014941394
0.95,0.809,0.14091796
0.95,0.8906,0.059374988
0.95,0.9424,0.0076171756
0.95,0.7856,0.16435546
0.95,0.7983,0.15166014
0.95,0.7925,0.15751952
0.95,0.928,0.021777332
0.95,0.839,0.1111328
0.95,0.776,0.17412108
0.95,0.7725,0.17753905
0.95,0.8257,0.124316394
0.95,0.7593,0.19072264
0.95,0.839,0.1111328
0.95,0.8057,0.14433593
0.95,0.858,0.09208983
0.95,0.8403,0.10966796
0.95,0.8022,0.1477539
0.95,0.8594,0.09062499
0.95,0.8496,0.10039061
0.95,0.8174,0.13261718
0.95,0.783,0.16679686
0.95,0.876,0.074023426
0.95,0.7837,0.16630858
0.95,0.8154,0.1345703
0.95,0.8423,0.10771483
0.95,0.7983,0.15166014
0.95,0.802,0.14824218
0.95,0.789,0.16093749
0.95,0.808,0.14189452
0.95,0.82,0.13017577
0.95,0.794,0.15605468
0.95,0.729,0.22099608
0.95,0.799,0.15117186
0.95,0.786,0.16386718
0.95,0.823,0.1267578
0.95,0.8447,0.105273426
0.95,0.819,0.13115233
0.95,0.8477,0.10234374
0.95,0.787,0.16289061
0.95,0.797,0.15312499
0.95,0.815,0.13505858
0.95,0.7705,0.17949218
0.95,0.7837,0.16630858
0.95,0.867,0.08281249
0.95,0.848,0.10185546
0.95,0.881,0.06914061
0.95,0.8096,0.14042968
0.95,0.858,0.09208983
0.95,0.792,0.1580078
0.95,0.789,0.16093749
0.95,0.8184,0.13164061
0.95,0.8276,0.12236327
0.95,0.775,0.17509764
0.95,0.7905,0.15947264
0.95,0.8413,0.108691394
0.95,0.808,0.14189452
0.95,0.782,0.16777343
0.95,0.8286,0.12138671
0.95,0.7773,0.17265624
0.95,0.8457,0.10429686
0.95,0.8364,0.11357421
0.95,0.8774,0.07255858
0.95,0.8247,0.12529296
0.95,0.812,0.13798827
0.95,0.8325,0.11748046
0.95,0.7886,0.16142577
0.95,0.8013,0.14873046
0.95,0.8037,0.14628905
0.95,0.829,0.120898426
0.95,0.7896,0.1604492
0.95,0.8047,0.14531249
0.95,0.7607,0.1892578
0.95,0.7646,0.18535155
0.95,0.7764,0.1736328
0.95,0.8164,0.13359374
0.95,0.7534,0.19658202
0.95,0.835,0.11503905
0.95,0.741,0.20878905
0.95,0.796,0.15410155
0.95,0.74,0.20976561
0.95,0.8584,0.09160155
0.95,0.849,0.100878894
0.95,0.828,0.12187499
0.95,0.8354,0.11455077
0.95,0.8486,0.101367176
0.95,0.8193,0.13066405
0.95,0.8457,0.10429686
0.95,0.7905,0.15947264
0.95,0.782,0.16777343
0.95,0.742,0.20781249
0.95,0.7793,0.17070311
0.95,0.7812,0.16874999
0.95,0.7393,0.21074218
0.95,0.8037,0.14628905
0.95,0.915,0.034960926
0.95,0.853,0.096972644
0.95,0.8164,0.13359374
0.95,0.8745,0.07548827
0.95,0.8438,0.10624999
0.95,0.788,0.16191405
0.95,0.5923,0.35771483
0.95,0.798,0.15214843
0.95,0.7456,0.20439452
0.95,0.7583,0.1916992
0.95,0.808,0.14189452
0.95,0.753,0.1970703
0.95,0.815,0.13505858
0.95,0.8706,0.07939452
0.95,0.8164,0.13359374
0.95,0.8213,0.12871093
0.95,0.803,0.14677733
0.95,0.763,0.1868164
0.95,0.803,0.14677733
0.95,0.775,0.17509764
0.95,0.774,0.1760742
0.95,0.7754,0.17460936
0.95,0.818,0.1321289
0.95,0.8535,0.09648436
0.95,0.8633,0.08671874
0.95,0.732,0.2180664
0.95,0.7695,0.18046874
0.95,0.849,0.100878894
0.95,0.7925,0.15751952
0.95,0.8066,0.14335936
0.95,0.748,0.20195311
0.95,0.6377,0.31230468
0.95,0.807,0.14287108
0.95,0.785,0.16484374
0.95,0.6924,0.25761718
0.95,0.7773,0.17265624
0.95,0.712,0.23808593
0.95,0.807,0.14287108
0.95,0.7437,0.20634764
0.95,0.866,0.08378905
0.95,0.855,0.09501952
0.95,0.774,0.1760742
0.95,0.7603,0.18974608
0.95,0.806,0.14384764
0.95,0.799,0.15117186
0.95,0.7935,0.15654296
0.95,0.8057,0.14433593
0.95,0.764,0.18583983
0.95,0.783,0.16679686
0.95,0.767,0.18291014
0.95,0.8433,0.10673827
0.95,0.777,0.17314452
0.95,0.769,0.18095702
0.95,0.8394,0.11064452
0.95,0.7485,0.20146483
0.95,0.778,0.17216796
0.95,0.77,0.17998046
0.95,0.826,0.12382811
0.95,0.8286,0.12138671
0.95,0.7534,0.19658202
0.95,0.8525,0.097460926
0.95,0.848,0.10185546
0.95,0.289,0.6609375
0.95,0.8457,0.10429686
0.95,0.7847,0.16533202
0.95,0.8423,0.10771483
0.95,0.455,0.49492186
0.95,0.01749,0.9325134
0.95,0.822,0.12822264
0.95,0.784,0.1658203
0.95,0.685,0.2649414
0.95,0.7437,0.20634764
0.95,0.8613,0.08867186
0.95,0.8516,0.09843749
0.95,0.7544,0.19560546
0.95,0.7935,0.15654296
0.95,0.813,0.1370117
0.95,0.774,0.1760742
0.95,0.812,0.13798827
0.95,0.8135,0.13652343
0.95,0.759,0.19121093
0.95,0.812,0.13798827
0.95,0.699,0.25078124
0.95,0.751,0.19902343
0.95,0.2827,0.66728514
0.95,0.991,0.04121095
0.95,0.81,0.1399414
0.95,0.8022,0.1477539
0.95,0.7783,0.17167968
0.95,0.3352,0.6147949
0.95,0.503,0.4470703
0.95,0.814,0.13603514
0.95,0.738,0.21220702
0.95,0.7837,0.16630858
0.95,0.8228,0.12724608
0.95,0.4502,0.49980468
0.95,0.8164,0.13359374
0.95,0.798,0.15214843
0.95,0.7837,0.16630858
0.95,0.6655,0.28447264
0.95,0.845,0.104785144
0.91759866,0.8086,0.109004915
0.95,0.7563,0.19365233
0.95,0.7676,0.18242186
0.95,0.745,0.2048828
0.95,0.806,0.14384764
0.95,0.8237,0.12626952
0.95,0.773,0.17705077
0.95,0.798,0.15214843
0.95,0.8003,0.14970702
0.95,0.8174,0.13261718
0.95,0.809,0.14091796
0.95,0.8657,0.08427733
0.95,0.818,0.1321289
0.95,0.8086,0.14140624
0.95,0.8125,0.13749999
0.95,0.816,0.13408202
0.95,0.8354,0.11455077
0.95,0.8516,0.09843749
0.95,0.762,0.18779296
0.95,0.764,0.18583983
0.95,0.7256,0.22441405
0.95,0.8604,0.089648426
0.95,0.879,0.07109374
0.95,0.8506,0.09941405
0.95,0.868,0.081835926
0.95,0.9106,0.039355457
0.95,0.8237,0.12626952
0.95,0.7915,0.15849608
0.95,0.83,0.11992186
0.95,0.8794,0.07060546
0.95,0.8193,0.13066405
0.95,0.7593,0.19072264
0.95,0.7754,0.17460936
0.95,0.7974,0.1526367
0.95,0.785,0.16484374
0.95,0.7593,0.19072264
0.95,0.797,0.15312499
0.95,0.828,0.12187499
0.95,0.7095,0.24052733
0.95,0.7905,0.15947264
0.95,0.82,0.13017577
0.95,0.1335,0.81645507
0.95,0.2295,0.7205078
0.95,0.81,0.1399414
0.95,0.931,0.018847644
0.95,0.826,0.12382811
0.95,0.8687,0.081347644
0.95,0.7256,0.22441405
0.95,0.012886,0.93711394
0.95,0.426,0.5239746
0.95,0.365,0.58500975
0.95,0.1703,0.7797119
0.95,0.8022,0.1477539
0.95,0.6494,0.30058593
0.95,0.8047,0.14531249
0.95,0.10236,0.84764403
0.95,0.772,0.17802733
0.95,0.772,0.17802733
0.95,0.7256,0.22441405
0.95,0.2496,0.7003662
0.95,0.8003,0.14970702
0.95,0.7686,0.1814453
0.95,0.743,0.20683593
0.95,0.715,0.23515624
0.95,0.7812,0.16874999
0.95,0.605,0.34501952
0.95,0.753,0.1970703
0.95,0.792,0.1580078
0.95,0.792,0.1580078
0.95,0.749,0.20097655
0.95,0.796,0.15410155
0.95,0.796,0.15410155
0.95,0.723,0.22685546
0.95,0.9023,0.047656238
0.95,0.646,0.3040039
0.95,0.4502,0.49980468
0.95,0.7593,0.19072264
0.95,0.7593,0.19072264
0.95,0.8594,0.09062499
0.95,0.8594,0.09062499
0.95,0.749,0.20097655
0.95,0.8345,0.11552733
0.95,0.8345,0.11552733
0.95,0.6753,0.27470702
0.95,0.8296,0.120410144
0.95,0.8945,0.055468738
0.95,0.524,0.4260742
0.95,0.815,0.13505858
0.95,0.3132,0.63676757
0.95,0.77,0.17998046
0.95,-0.0185,0.96849364
0.95,0.8413,0.108691394
0.95,0.10736,0.84263915
0.95,-0.004658,0.95465773
0.95,-0.001357,0.95135707
0.95,0.08356,0.86644286
0.95,0.3477,0.60234374
0.95,0.7515,0.19853514
0.95,0.07574,0.87425536
0.95,0.3875,0.5625488
0.95,0.8213,0.12871093
0.95,0.6226,0.3274414
0.95,0.7915,0.15849608
0.95,0.843,0.10722655
0.95,0.738,0.21220702
0.95,0.738,0.21220702
0.95,0.4749,0.47514647
0.95,0.4749,0.47514647
0.95,0.2544,0.69560546
0.95,0.2544,0.69560546
0.95,-0.007233,0.95723265
0.95,0.8687,0.081347644
0.95,0.561,0.38896483
0.95,0.7085,0.2415039
0.95,0.161,0.78898925
0.95,0.6147,0.3352539
0.95,0.775,0.17509764
0.95,0.8594,0.09062499
0.95,0.732,0.2180664
0.95,0.594,0.3557617
0.95,0.8066,0.14335936
0.95,0.721,0.22880858
0.95,0.753,0.1970703
0.95,0.6465,0.3035156
0.95,0.874,0.07597655
0.95,0.692,0.25810546
0.95,0.5293,0.4207031
0.95,0.7397,0.2102539
0.95,0.0628,0.8871948
0.95,0.7915,0.15849608
0.95,0.8677,0.08232421
0.95,0.774,0.1760742
0.95,0.853,0.096972644
0.95,0.8945,0.055468738
0.95,0.8936,0.0564453
0.95,0.8174,0.13261718
0.95,0.834,0.11601561
0.95,0.7935,0.15654296
0.95,0.787,0.16289061
0.95,0.841,0.109179676
0.95,0.847,0.10283202
0.95,0.8896,0.06035155
0.95,0.815,0.13505858
0.95,0.8438,0.10624999
0.95,0.8535,0.09648436
0.95,0.8022,0.1477539
0.95,0.892,0.057910144
0.95,0.7407,0.20927733
0.95,0.7485,0.20146483
0.95,0.822,0.12822264
0.95,0.8296,0.120410144
0.95,0.8394,0.11064452
0.95,0.7974,0.1526367
0.95,0.761,0.18876952
0.95,0.88,0.070117176
0.95,0.8857,0.0642578
0.95,0.8027,0.14726561
0.95,0.861,0.089160144
0.95,0.861,0.089160144
0.77093947,0.6797,0.09125197
0.7160719,0.6494,0.06665784
0.76769966,0.7075,0.060180128
0.95,0.899,0.051074207
0.95,0.8193,0.13066405
0.95,0.796,0.15410155
0.95,0.7954,0.15458983
0.95,0.7617,0.18828124
0.95,0.817,0.13310546
0.95,0.8003,0.14970702
0.95,0.8057,0.14433593
0.95,0.774,0.1760742
0.95,0.86,0.09013671
0.95,0.8975,0.05253905
0.95,0.76,0.19023436
0.95,0.754,0.19609374
0.95,0.8154,0.1345703
0.95,0.8125,0.13749999
0.95,0.835,0.11503905
0.95,0.807,0.14287108
0.95,0.8745,0.07548827
0.95,0.853,0.096972644
0.95,0.8564,0.093554676
0.95,0.8286,0.12138671
0.95,0.8066,0.14335936
0.95,0.7876,0.16240233
0.95,0.816,0.13408202
0.95,0.7715,0.17851561
0.95,0.7334,0.21660155
0.95,0.759,0.19121093
0.95,0.753,0.1970703
0.95,0.7515,0.19853514
0.95,0.811,0.13896483
0.95,0.844,0.10576171
0.95,0.8706,0.07939452
0.95,0.7476,0.2024414
0.95,0.829,0.120898426
0.95,0.01942,0.93057555
0.95,0.2273,0.72270507
0.95,0.8433,0.10673827
0.95,0.2834,0.6665527
0.95,0.782,0.16777343
0.95,0.794,0.15605468
0.95,0.8125,0.13749999
0.95,0.895,0.054980457
0.95,0.786,0.16386718
0.95,0.856,0.09404296
0.95,0.881,0.06914061
0.95,0.863,0.08720702
0.95,0.7617,0.18828124
0.95,0.8257,0.124316394
0.95,0.915,0.034960926
0.95,0.8926,0.057421863
0.95,0.866,0.08378905
0.95,0.8486,0.101367176
0.95,0.8457,0.10429686
0.95,0.9297,0.020312488
0.95,0.8096,0.14042968
0.95,0.8345,0.11552733
0.95,0.74,0.20976561
0.95,0.8755,0.07451171
0.95,0.8516,0.09843749
0.95,0.882,0.06816405
0.95,0.848,0.10185546
0.95,0.913,0.03691405
0.95,0.911,0.038867176
0.95,0.917,0.0330078
0.95,0.6904,0.2595703
0.95,0.8667,0.08330077
0.95,0.846,0.10380858
0.95,0.8564,0.093554676
0.95,0.8867,0.06328124
0.95,0.859,0.09111327
0.95,0.82,0.13017577
0.95,0.833,0.116992176
0.95,0.7617,0.18828124
0.95,0.806,0.14384764
0.95,0.779,0.1711914
0.95,0.8315,0.11845702
0.95,0.796,0.15410155
0.95,0.7607,0.1892578
0.95,0.7847,0.16533202
0.95,0.8887,0.061328113
0.95,0.858,0.09208983
0.95,0.831,0.1189453
0.95,0.858,0.09208983
0.95,0.7183,0.23173827
0.95,0.689,0.26103514
0.95,0.6855,0.2644531
0.95,0.836,0.11406249
0.95,0.8525,0.097460926
0.95,0.776,0.17412108
0.95,0.818,0.1321289
0.95,0.8223,0.12773436
0.95,0.01093,0.93906707
0.95,0.01569,0.93431395
0.95,0.03766,0.9123413
0.95,0.4465,0.5034668
0.95,0.9697,0.019726574
0.95,0.8604,0.089648426
0.95,0.8174,0.13261718
0.95,0.8276,0.12236327
0.95,0.8647,0.085253894
0.95,0.8936,0.0564453
0.95,0.8457,0.10429686
0.95,0.856,0.09404296
0.95,0.7925,0.15751952
0.95,0.8896,0.06035155
0.95,0.862,0.08818358
0.95,0.8545,0.0955078
0.95,0.86,0.09013671
0.95,0.8237,0.12626952
0.95,0.896,0.054003894
0.95,0.7896,0.1604492
0.95,0.8247,0.12529296
0.95,0.9077,0.042285144
0.95,0.809,0.14091796
0.95,0.8384,0.11162108
0.95,0.816,0.13408202
0.95,0.6934,0.2566406
0.95,0.719,0.2307617
0.95,0.819,0.13115233
0.95,0.8525,0.097460926
0.95,0.799,0.15117186
0.95,0.82,0.13017577
0.95,0.6753,0.27470702
0.95,0.7705,0.17949218
0.95,0.7847,0.16533202
0.95,0.743,0.20683593
0.85966,0.761,0.09842956
0.95,0.755,0.19511718
0.95,0.776,0.17412108
0.95,0.8154,0.1345703
0.95,0.8022,0.1477539
0.95,0.756,0.19414061
0.95,0.8247,0.12529296
0.95,0.846,0.10380858
0.95,0.839,0.1111328
0.95,0.6074,0.3425781
0.95,-0.01175,0.96174926
0.95,-0.01071,0.96071166
0.95,0.01459,0.9354126
0.95,-0.02254,0.9725372
0.95,0.2051,0.74492186
0.95,0.2927,0.6572754
0.95,0.8267,0.12333983
0.95,0.768,0.18193358
0.95,0.7876,0.16240233
0.95,0.7114,0.2385742
0.95,0.815,0.13505858
0.95,0.8154,0.1345703
0.95,0.798,0.15214843
0.95,0.7827,0.16728514
0.95,0.848,0.10185546
0.95,0.7476,0.2024414
0.95,0.7773,0.17265624
0.95,0.7295,0.2205078
0.95,0.755,0.19511718
0.95,0.7593,0.19072264
0.95,0.859,0.09111327
0.95,0.918,0.032031238
0.95,0.7974,0.1526367
0.95,0.7544,0.19560546
0.95,0.793,0.15703124
0.95,0.8457,0.10429686
0.95,0.75,0.19999999
0.95,0.7593,0.19072264
0.95,0.8413,0.108691394
0.95,0.702,0.24785155
0.95,0.788,0.16191405
0.95,0.7915,0.15849608
0.95,0.5166,0.43339843
0.95,0.7915,0.15849608
0.95,0.75,0.19999999
0.95,0.811,0.13896483
0.95,0.283,0.667041
0.95,0.887,0.06279296
0.95,0.1539,0.7960693
0.95,0.751,0.19902343
0.95,0.763,0.1868164
0.95,0.864,0.08623046
0.95,0.87,0.0798828
0.95,0.8193,0.13066405
0.95,0.7817,0.1682617
0.95,0.7427,0.2073242
0.95,0.8315,0.11845702
0.95,0.746,0.20390624
0.95,0.794,0.15605468
0.95,0.7246,0.22539061
0.95,0.768,0.18193358
0.95,0.8228,0.12724608
0.95,0.7847,0.16533202
0.95,0.7783,0.17167968
0.95,0.792,0.1580078
0.95,0.8203,0.12968749
0.95,0.777,0.17314452
0.95,0.6973,0.25273436
0.95,0.6133,0.33671874
0.95,0.6133,0.33671874
0.95,0.9375,0.012499988
0.95,0.8853,0.06474608
0.95,0.9487,0.0012695193
0.95,0.821,0.1291992
0.95,0.7466,0.20341796
0.95,0.8267,0.12333983
0.95,0.8276,0.12236327
0.95,0.7607,0.1892578
0.95,0.8374,0.112597644
0.95,0.8135,0.13652343
0.95,0.8066,0.14335936
0.95,0.922,0.028124988
0.95,0.541,0.40898436
0.95,0.728,0.22197264
0.95,0.7485,0.20146483
0.95,0.7974,0.1526367
0.95,0.8403,0.10966796
0.95,0.8447,0.105273426
0.95,0.832,0.11796874
0.95,0.8496,0.10039061
0.95,0.7944,0.1555664
0.95,0.8325,0.11748046
0.95,0.8066,0.14335936
0.95,0.848,0.10185546
0.95,0.8926,0.057421863
0.95,0.8516,0.09843749
0.95,0.8403,0.10966796
0.95,0.926,0.024218738
0.95,0.9033,0.046679676
0.95,0.838,0.11210936
0.95,0.8364,0.11357421
0.95,0.8066,0.14335936
0.95,0.869,0.08085936
0.95,0.8716,0.07841796
0.95,0.8457,0.10429686
0.95,0.925,0.0251953
0.95,0.8584,0.09160155
0.95,0.855,0.09501952
0.95,0.89,0.05986327
0.95,0.872,0.077929676
0.95,0.8647,0.085253894
0.95,0.802,0.14824218
0.95,0.808,0.14189452
0.95,0.7725,0.17753905
0.95,0.819,0.13115233
0.95,0.838,0.11210936
0.95,0.841,0.109179676
0.95,0.82,0.13017577
0.95,0.8823,0.06767577
0.95,0.884,0.066210926
0.95,0.8335,0.116503894
0.95,0.8564,0.093554676
0.95,0.8315,0.11845702
0.95,0.894,0.05595702
0.95,0.8423,0.10771483
0.95,0.8896,0.06035155
0.95,0.815,0.13505858
0.95,0.8804,0.069628894
0.95,0.849,0.100878894
0.95,0.4321,0.5178711
0.95,0.05444,0.8955566
0.95,0.921,0.02910155
0.95,0.4626,0.4873535
0.95,0.8306,0.11943358
0.95,0.00425,0.9457504
0.95,0.79,0.15996093
0.95,0.2253,0.7246582
0.95,0.03723,0.91276854
0.95,0.827,0.12285155
0.95,0.8486,0.101367176
0.95,0.815,0.13505858
0.95,0.595,0.35478514
0.95,0.836,0.11406249
0.95,0.854,0.09599608
0.95,0.3323,0.6177246
0.95,0.6875,0.2625
0.95,0.565,0.38505858
0.95,0.83,0.11992186
0.95,0.8423,0.10771483
0.95,0.4553,0.49467772
0.95,0.8384,0.11162108
0.95,0.8438,0.10624999
0.95,0.775,0.17509764
0.95,0.7812,0.16874999
0.95,0.821,0.1291992
0.95,0.77,0.17998046
0.95,0.775,0.17509764
0.95,0.8076,0.1423828
0.95,0.786,0.16386718
0.95,0.784,0.1658203
0.95,0.645,0.30498046
0.95,0.645,0.30498046
0.95,0.8423,0.10771483
0.95,0.847,0.10283202
0.95,0.76,0.19023436
0.95,0.8022,0.1477539
0.95,0.8037,0.14628905
0.95,0.7637,0.18632811
0.95,0.7593,0.19072264
0.95,0.826,0.12382811
0.95,0.829,0.120898426
0.95,0.765,0.18486327
0.95,0.7637,0.18632811
0.95,0.0986,0.8514282
0.95,0.824,0.12578124
0.95,0.7544,0.19560546
0.95,0.8403,0.10966796
0.95,0.794,0.15605468
0.95,0.7983,0.15166014
0.95,0.7554,0.1946289
0.95,0.76,0.19023436
0.95,0.7554,0.1946289
0.95,0.7686,0.1814453
0.95,0.8037,0.14628905
0.95,0.8022,0.1477539
0.95,0.77,0.17998046
0.95,0.7554,0.1946289
0.95,0.789,0.16093749
0.95,0.849,0.100878894
0.95,0.8384,0.11162108
0.95,0.735,0.2151367
0.95,0.05203,0.8979675
0.95,0.7827,0.16728514
0.95,0.712,0.23808593
0.95,0.738,0.21220702
0.95,0.7856,0.16435546
0.95,0.7935,0.15654296
0.95,0.821,0.1291992
0.95,0.719,0.2307617
0.95,0.759,0.19121093
0.95,0.8223,0.12773436
0.95,0.7705,0.17949218
0.95,0.7563,0.19365233
0.95,0.744,0.20585936
0.95,0.7593,0.19072264
0.95,0.855,0.09501952
0.95,0.9014,0.0486328
0.95,0.9014,0.0486328
0.95,0.782,0.16777343
0.95,0.812,0.13798827
0.95,0.8037,0.14628905
0.95,0.7983,0.15166014
0.95,0.847,0.10283202
0.95,0.7695,0.18046874
0.95,0.7695,0.18046874
0.95,0.8066,0.14335936
0.95,0.7686,0.1814453
0.95,0.7925,0.15751952
0.95,0.859,0.09111327
0.95,0.733,0.21708983
0.95,0.773,0.17705077
0.95,0.83,0.11992186
0.95,0.8315,0.11845702
0.95,0.796,0.15410155
0.95,0.9404,0.009570301
0.95,0.878,0.0720703
0.95,0.9077,0.042285144
0.8239127,0.7764,0.047545493
0.95,0.5513,0.39873046
0.95,0.7227,0.22734374
0.95,0.8145,0.13554686
0.95,0.891,0.058886707
0.95,0.872,0.077929676
0.9087228,0.6704,0.23831266
0.95,0.616,0.33378905
0.95,0.7637,0.18632811
0.95,0.8423,0.10771483
0.95,0.745,0.2048828
0.95,0.8276,0.12236327
0.95,0.8555,0.09453124
0.95,0.7246,0.22539061
0.95,0.836,0.11406249
0.95,0.766,0.1838867
0.95,0.767,0.18291014
0.95,0.702,0.24785155
0.95,0.8135,0.13652343
0.95,0.8174,0.13261718
0.95,0.921,0.02910155
0.95,0.8354,0.11455077
0.95,0.8413,0.108691394
0.95,0.872,0.077929676
0.95,0.768,0.18193358
0.95,0.8745,0.07548827
0.95,0.8677,0.08232421
0.95,0.909,0.0408203
0.95,0.8496,0.10039061
0.49836805,0.7686,0.27018663
0.49836805,0.7686,0.27018663
0.95,0.8057,0.14433593
0.95,0.8057,0.14433593
0.7410112,0.7134,0.027632296
0.7410112,0.7134,0.027632296
0.95,0.8516,0.09843749
0.95,0.8516,0.09843749
0.95,0.623,0.3269531
0.95,0.909,0.0408203
0.95,0.623,0.3269531
0.95,0.787,0.16289061
0.95,0.787,0.16289061
0.95,0.7803,0.16972655
0.95,0.7803,0.16972655
0.95,0.8027,0.14726561
0.95,0.8027,0.14726561
0.95,0.5537,0.39628905
0.95,0.857,0.093066394
0.95,0.574,0.37578124
0.95,0.84,0.11015624
0.95,0.574,0.37578124
0.95,0.5107,0.4392578
0.95,0.9087,0.04130858
0.95,0.6904,0.2595703
0.95,0.752,0.19804686
0.95,0.733,0.21708983
0.95,0.84,0.11015624
0.95,0.8135,0.13652343
0.95,0.8135,0.13652343
0.95,0.8423,0.10771483
0.95,0.8423,0.10771483
0.95,0.8496,0.10039061
0.95,0.8154,0.1345703
0.95,0.8955,0.054492176
0.95,0.8013,0.14873046
0.95,0.844,0.10576171
0.95,0.7935,0.15654296
0.95,0.796,0.15410155
0.95,0.7983,0.15166014
0.95,0.807,0.14287108
0.95,0.654,0.2961914
0.95,0.7437,0.20634764
0.95,0.6445,0.30546874
0.95,0.8945,0.055468738
0.95,0.81,0.1399414
0.95,0.8535,0.09648436
0.95,0.8564,0.093554676
0.95,0.827,0.12285155
0.95,0.828,0.12187499
0.95,0.9263,0.023730457
0.95,0.84,0.11015624
0.95,0.7905,0.15947264
0.95,0.8086,0.14140624
0.95,0.7607,0.1892578
0.95,0.8574,0.09257811
0.95,0.8745,0.07548827
0.95,0.754,0.19609374
0.95,0.5483,0.40166014
0.95,0.83,0.11992186
0.95,0.7754,0.17460936
0.95,0.8696,0.08037108
0.95,0.799,0.15117186
0.95,0.82,0.13017577
0.95,0.8125,0.13749999
0.95,0.7656,0.18437499
0.95,0.7676,0.18242186
0.95,0.828,0.12187499
0.95,0.808,0.14189452
0.95,0.8057,0.14433593
0.95,0.81,0.1399414
0.95,0.827,0.12285155
0.95,0.8755,0.07451171
0.95,0.824,0.12578124
0.95,0.8047,0.14531249
0.95,0.8,0.1501953
0.95,0.8853,0.06474608
0.95,0.862,0.08818358
0.95,0.7617,0.18828124
0.95,0.786,0.16386718
0.95,0.804,0.14580077
0.95,0.8267,0.12333983
0.95,0.8125,0.13749999
0.95,0.802,0.14824218
0.95,0.8135,0.13652343
0.95,0.8066,0.14335936
0.95,0.816,0.13408202
0.95,0.812,0.13798827
0.95,0.8506,0.09941405
0.95,0.8657,0.08427733
0.95,0.7666,0.18339843
0.95,0.8853,0.06474608
0.95,0.9194,0.030566394
0.95,0.9194,0.030566394
0.95,0.744,0.20585936
0.95,0.7886,0.16142577
0.95,0.744,0.20585936
0.95,0.733,0.21708983
0.95,0.8965,0.053515613
0.95,0.002113,0.94788665
0.95,-0.0059,0.9559013
0.95,0.02292,0.9270813
0.95,0.05295,0.897052
0.95,0.0219,0.9281036
0.95,0.855,0.09501952
0.95,0.848,0.10185546
0.95,0.7744,0.17558593
0.95,0.848,0.10185546
0.95,0.8076,0.1423828
0.95,0.808,0.14189452
0.95,0.7495,0.20048827
0.95,0.7935,0.15654296
0.95,0.838,0.11210936
0.95,0.966,0.015820324
0.95,0.835,0.11503905
0.95,0.708,0.24199218
0.95,0.4714,0.47856444
0.95,0.8716,0.07841796
0.95,0.098,0.8519775
0.95,0.1262,0.8237793
0.95,0.08435,0.8656494
0.95,0.06775,0.88225096
0.95,0.8384,0.11162108
0.95,0.8203,0.12968749
0.95,0.0943,0.8557007
0.95,0.8203,0.12968749
0.95,0.8154,0.1345703
0.95,0.792,0.1580078
0.95,0.2842,0.6658203
0.95,0.803,0.14677733
0.95,0.7935,0.15654296
0.95,0.7935,0.15654296
0.95,0.1576,0.7924072
0.95,0.1227,0.8273193
0.95,0.09033,0.85966796
0.95,0.7197,0.23027343
0.95,0.859,0.09111327
0.95,0.1017,0.8483154
0.95,0.6387,0.3113281
0.95,0.8022,0.1477539
0.95,0.492,0.45805663
0.95,0.53,0.42021483
0.95,0.3616,0.5884277
0.95,0.8115,0.13847655
0.95,0.848,0.10185546
0.95,0.699,0.25078124
0.95,0.7495,0.20048827
0.95,0.7734,0.17656249
0.95,0.801,0.14921874
0.95,0.7754,0.17460936
0.95,0.8276,0.12236327
0.95,0.8184,0.13164061
0.95,0.809,0.14091796
0.95,0.8574,0.09257811
0.95,0.7915,0.15849608
0.95,0.7896,0.1604492
0.95,0.873,0.07695311
0.95,0.862,0.08818358
0.95,0.2286,0.7213623
0.95,0.823,0.1267578
0.95,0.865,0.08476561
0.95,0.814,0.13603514
0.95,0.0852,0.8647949
0.95,0.7407,0.20927733
0.95,0.03296,0.917041
0.95,0.8257,0.124316394
0.95,0.7905,0.15947264
0.95,0.767,0.18291014
0.95,0.665,0.28496093
0.95,0.8027,0.14726561
0.95,0.762,0.18779296
0.95,0.8545,0.0955078
0.95,0.844,0.10576171
0.95,0.858,0.09208983
0.95,0.868,0.081835926
0.95,0.868,0.081835926
0.95,0.86,0.09013671
0.95,0.853,0.096972644
0.95,0.856,0.09404296
0.95,0.856,0.09404296
0.95,0.85,0.09990233
0.95,0.862,0.08818358
0.95,0.8584,0.09160155
0.95,0.869,0.08085936
0.95,0.869,0.08085936
0.95,0.869,0.08085936
0.95,0.869,0.08085936
0.95,0.859,0.09111327
0.95,0.8584,0.09160155
0.95,0.8584,0.09160155
0.95,0.8584,0.09160155
0.95,0.86,0.09013671
0.95,0.86,0.09013671
0.95,0.8477,0.10234374
0.95,0.856,0.09404296
0.95,0.8516,0.09843749
0.95,0.781,0.16923827
0.95,0.7583,0.1916992
0.95,0.8003,0.14970702
0.95,0.7397,0.2102539
0.95,0.7544,0.19560546
0.95,0.779,0.1711914
0.95,0.817,0.13310546
0.95,0.7856,0.16435546
0.95,0.838,0.11210936
0.95,0.7134,0.23662108
0.95,0.74,0.20976561
0.95,0.833,0.116992176
0.95,0.3625,0.58745116
0.95,0.783,0.16679686
0.95,0.883,0.06718749
0.95,0.886,0.06376952
0.95,0.897,0.05302733
0.95,0.856,0.09404296
0.95,0.798,0.15214843
0.95,0.8003,0.14970702
0.95,0.8696,0.08037108
0.95,0.9375,0.012499988
0.95,0.8467,0.1033203
0.95,0.8906,0.059374988
0.95,0.802,0.14824218
0.95,0.7837,0.16630858
0.95,0.7925,0.15751952
0.95,0.788,0.16191405
0.95,0.8076,0.1423828
0.95,0.661,0.28886718
0.95,0.925,0.0251953
0.95,-0.037,0.9869873
0.95,0.866,0.08378905
0.95,0.817,0.13310546
0.95,0.7495,0.20048827
0.95,0.7993,0.15068358
0.95,0.817,0.13310546
0.95,0.799,0.15117186
0.95,0.8516,0.09843749
0.95,0.9346,0.015429676
0.95,0.864,0.08623046
0.95,0.1017,0.8483154
0.95,0.03632,0.91368407
0.95,0.8247,0.12529296
0.95,0.4746,0.4753906
0.95,0.817,0.13310546
0.95,0.843,0.10722655
0.95,0.7715,0.17851561
0.95,0.8716,0.07841796
0.95,0.83,0.11992186
0.95,0.752,0.19804686
0.95,0.875,0.07499999
0.95,0.923,0.027148426
0.95,0.8247,0.12529296
0.95,0.7686,0.1814453
0.95,0.863,0.08720702
0.95,0.751,0.19902343
0.95,0.88,0.070117176
0.95,0.8154,0.1345703
0.95,0.838,0.11210936
0.95,0.8286,0.12138671
0.95,0.8403,0.10966796
0.95,0.844,0.10576171
0.95,0.815,0.13505858
0.95,0.7236,0.22636718
0.95,0.714,0.2361328
0.95,0.838,0.11210936
0.95,0.7827,0.16728514
0.95,0.8105,0.13945311
0.95,0.805,0.1448242
0.95,0.799,0.15117186
0.95,0.833,0.116992176
0.95,0.8257,0.124316394
0.95,0.8574,0.09257811
0.95,0.8003,0.14970702
0.95,0.804,0.14580077
0.95,0.8164,0.13359374
0.95,0.777,0.17314452
0.95,0.786,0.16386718
0.95,0.9204,0.029589832
0.95,0.7993,0.15068358
0.95,0.773,0.17705077
0.95,0.811,0.13896483
0.95,0.8433,0.10673827
0.95,0.776,0.17412108
0.95,0.745,0.2048828
0.95,0.8613,0.08867186
0.95,0.814,0.13603514
0.95,0.651,0.29912108
0.95,0.783,0.16679686
0.95,0.85,0.09990233
0.95,0.7866,0.1633789
0.95,0.7827,0.16728514
0.95,0.7715,0.17851561
0.95,0.788,0.16191405
0.95,0.8096,0.14042968
0.95,0.8228,0.12724608
0.95,0.781,0.16923827
0.95,0.807,0.14287108
0.95,0.598,0.35185546
0.95,0.8174,0.13261718
0.95,0.7617,0.18828124
0.95,0.823,0.1267578
0.95,0.8457,0.10429686
0.95,0.3599,0.5901367
0.95,0.8267,0.12333983
0.95,0.796,0.15410155
0.95,0.8833,0.06669921
0.95,0.833,0.116992176
0.95,0.84,0.11015624
0.95,0.7676,0.18242186
0.95,0.8193,0.13066405
0.95,0.814,0.13603514
0.95,0.808,0.14189452
0.95,0.843,0.10722655
0.95,0.7363,0.21367186
0.95,0.806,0.14384764
0.95,0.8184,0.13164061
0.95,0.825,0.124804676
0.95,0.8657,0.08427733
0.95,0.8394,0.11064452
0.95,0.829,0.120898426
0.95,0.7705,0.17949218
0.95,0.8174,0.13261718
0.95,0.853,0.096972644
0.95,0.8477,0.10234374
0.95,0.766,0.1838867
0.95,0.8477,0.10234374
0.95,0.8286,0.12138671
0.95,0.8,0.1501953
0.95,0.8726,0.077441394
0.95,0.849,0.100878894
0.95,0.8555,0.09453124
0.95,0.7817,0.1682617
0.95,0.7983,0.15166014
0.95,0.9,0.050097644
0.95,0.81,0.1399414
0.95,0.749,0.20097655
0.95,0.818,0.1321289
0.95,0.8506,0.09941405
0.95,0.9766,0.026562512
0.95,0.826,0.12382811
0.95,0.888,0.061816394
0.95,0.871,0.07890624
0.95,0.9023,0.047656238
0.95,0.8867,0.06328124
0.95,0.909,0.0408203
0.95,0.7876,0.16240233
0.95,0.787,0.16289061
0.95,0.768,0.18193358
0.95,0.8013,0.14873046
0.95,0.8125,0.13749999
0.95,0.7383,0.21171874
0.95,0.7314,0.21855468
0.95,0.756,0.19414061
0.95,0.7256,0.22441405
0.95,0.634,0.31621093
0.95,0.777,0.17314452
0.95,0.831,0.1189453
0.95,0.739,0.21123046
0.95,0.7324,0.21757811
0.95,0.804,0.14580077
0.95,0.775,0.17509764
0.95,0.719,0.2307617
0.95,0.7437,0.20634764
0.95,0.7485,0.20146483
0.95,0.7964,0.15361327
0.95,0.6367,0.31328124
0.95,0.6396,0.31035155
0.95,0.6426,0.30742186
0.95,0.8066,0.14335936
0.95,0.798,0.15214843
0.95,0.7593,0.19072264
0.95,0.832,0.11796874
0.95,0.791,0.15898436
0.95,0.79,0.15996093
0.95,0.8247,0.12529296
0.95,0.794,0.15605468
0.95,0.8315,0.11845702
0.95,0.7793,0.17070311
0.95,0.772,0.17802733
0.95,0.7734,0.17656249
0.95,0.863,0.08720702
0.95,0.6016,0.3484375
0.95,0.6084,0.34160155
0.95,0.504,0.44609374
0.95,0.836,0.11406249
0.95,0.838,0.11210936
0.95,0.846,0.10380858
0.95,0.832,0.11796874
0.95,0.773,0.17705077
0.95,0.8364,0.11357421
0.95,0.6323,0.31767577
0.95,0.652,0.29814452
0.95,0.627,0.32304686
0.95,0.721,0.22880858
0.95,0.7407,0.20927733
0.95,0.748,0.20195311
0.95,0.789,0.16093749
0.95,0.834,0.11601561
0.95,0.7773,0.17265624
0.95,0.7646,0.18535155
0.95,0.846,0.10380858
0.95,0.79,0.15996093
0.95,0.757,0.19316405
0.95,0.9106,0.039355457
0.95,0.888,0.061816394
0.95,0.8696,0.08037108
0.95,0.8877,0.062304676
0.95,0.857,0.093066394
0.95,0.729,0.22099608
0.95,0.7593,0.19072264
0.95,0.727,0.2229492
0.95,0.889,0.06083983
0.95,0.772,0.17802733
0.95,0.8257,0.124316394
0.95,0.829,0.120898426
0.95,0.8955,0.054492176
0.95,0.902,0.04814452
0.95,0.949,0.0007812381
0.95,0.8853,0.06474608
0.95,0.8423,0.10771483
0.95,0.8335,0.116503894
0.95,0.877,0.07304686
0.95,0.839,0.1111328
0.95,0.8784,0.07158202
0.95,0.868,0.081835926
0.95,0.8643,0.085742176
0.95,0.891,0.058886707
0.95,0.8594,0.09062499
0.95,0.892,0.057910144
0.95,0.875,0.07499999
0.95,0.7812,0.16874999
0.95,0.8345,0.11552733
0.95,0.813,0.1370117
0.95,0.7485,0.20146483
0.95,0.781,0.16923827
0.95,0.829,0.120898426
0.95,0.8447,0.105273426
0.95,0.8013,0.14873046
0.95,0.8657,0.08427733
0.95,0.847,0.10283202
0.95,0.8164,0.13359374
0.95,0.842,0.10820311
0.95,0.8857,0.0642578
0.95,0.9243,0.025683582
0.95,0.8057,0.14433593
0.95,0.8457,0.10429686
0.95,0.8545,0.0955078
0.95,0.8647,0.085253894
0.95,0.8555,0.09453124
0.95,0.7944,0.1555664
0.95,0.801,0.14921874
0.95,0.8237,0.12626952
0.95,0.8677,0.08232421
0.95,0.9004,0.049609363
0.95,0.9014,0.0486328
0.95,0.8354,0.11455077
0.95,0.842,0.10820311
0.95,0.823,0.1267578
0.95,0.823,0.1267578
0.95,0.854,0.09599608
0.95,0.839,0.1111328
0.95,0.843,0.10722655
0.95,0.8223,0.12773436
0.95,0.8604,0.089648426
0.95,0.8403,0.10966796
0.95,0.925,0.0251953
0.95,0.785,0.16484374
0.95,0.862,0.08818358
0.95,0.8286,0.12138671
0.95,0.757,0.19316405
0.95,0.8184,0.13164061
0.95,0.76,0.19023436
0.95,0.849,0.100878894
0.95,0.7354,0.21464843
0.95,0.888,0.061816394
0.95,0.8325,0.11748046
0.95,0.829,0.120898426
0.95,0.845,0.104785144
0.95,0.7935,0.15654296
0.95,0.8027,0.14726561
0.95,0.8613,0.08867186
0.95,0.829,0.120898426
0.95,0.843,0.10722655
0.95,0.8535,0.09648436
0.95,0.8916,0.058398426
0.95,0.8066,0.14335936
0.95,0.8394,0.11064452
0.95,0.833,0.116992176
0.95,0.8,0.1501953
0.95,0.7314,0.21855468
0.95,0.751,0.19902343
0.95,0.793,0.15703124
0.95,0.757,0.19316405
0.95,0.7935,0.15654296
0.95,0.8154,0.1345703
0.95,0.788,0.16191405
0.95,0.808,0.14189452
0.95,0.8745,0.07548827
0.95,0.8115,0.13847655
0.95,0.754,0.19609374
0.95,0.8013,0.14873046
0.95,0.7485,0.20146483
0.95,0.7803,0.16972655
0.95,0.827,0.12285155
0.95,0.8257,0.124316394
0.95,0.8525,0.097460926
0.95,0.845,0.104785144
0.95,0.808,0.14189452
0.95,0.6626,0.28740233
0.95,0.87,0.0798828
0.95,0.9385,0.011523426
0.95,0.7827,0.16728514
0.95,0.844,0.10576171
0.95,0.823,0.1267578
0.95,0.848,0.10185546
0.95,0.7744,0.17558593
0.95,0.8013,0.14873046
0.95,0.82,0.13017577
0.95,0.506,0.4441406
0.95,0.001767,0.9482328
0.95,0.872,0.077929676
0.95,0.7256,0.22441405
0.95,0.848,0.10185546
0.95,0.8047,0.14531249
0.95,0.8145,0.13554686
0.95,0.8115,0.13847655
0.95,0.00953,0.9404709
0.95,0.852,0.09794921
0.95,0.8247,0.12529296
0.95,0.775,0.17509764
0.95,0.2433,0.70671386
0.95,0.776,0.17412108
0.95,0.8237,0.12626952
0.95,0.8794,0.07060546
0.95,0.8555,0.09453124
0.95,0.77,0.17998046
0.95,0.8315,0.11845702
0.95,0.74,0.20976561
0.95,0.8486,0.101367176
0.95,0.8364,0.11357421
0.95,0.778,0.17216796
0.95,0.81,0.1399414
0.95,0.8315,0.11845702
0.95,0.7817,0.1682617
0.95,0.8335,0.116503894
0.95,0.805,0.1448242
0.95,0.83,0.11992186
0.95,0.778,0.17216796
0.95,0.8003,0.14970702
0.95,0.778,0.17216796
0.95,0.7695,0.18046874
0.95,0.8247,0.12529296
0.95,0.7725,0.17753905
0.95,0.8247,0.12529296
0.95,0.7163,0.2336914
0.95,0.9116,0.038378894
0.95,0.8384,0.11162108
0.95,0.9233,0.026660144
0.95,0.7944,0.1555664
0.95,0.6733,0.27666014
0.95,0.848,0.10185546
0.95,0.8657,0.08427733
0.95,0.853,0.096972644
0.95,0.804,0.14580077
0.95,0.7827,0.16728514
0.95,0.7993,0.15068358
0.95,0.891,0.058886707
0.95,0.801,0.14921874
0.95,0.813,0.1370117
0.95,0.768,0.18193358
0.95,0.683,0.26689452
0.95,0.02357,0.92642516
0.95,0.824,0.12578124
0.95,0.8257,0.124316394
0.95,0.815,0.13505858
0.95,0.81,0.1399414
0.95,0.869,0.08085936
0.95,0.7515,0.19853514
0.95,0.809,0.14091796
0.95,0.8096,0.14042968
0.95,0.8154,0.1345703
0.95,0.79,0.15996093
0.95,0.818,0.1321289
0.95,0.8774,0.07255858
0.95,0.845,0.104785144
0.95,0.8325,0.11748046
0.95,0.8784,0.07158202
0.95,0.9023,0.047656238
0.95,0.8105,0.13945311
0.95,0.6997,0.25029296
0.95,0.7725,0.17753905
0.95,0.753,0.1970703
0.95,0.8203,0.12968749
0.95,0.8193,0.13066405
0.95,0.8433,0.10673827
0.95,0.8125,0.13749999
0.95,0.536,0.41386718
0.95,0.79,0.15996093
0.95,0.72,0.22978514
0.95,0.7793,0.17070311
0.95,0.711,0.23906249
0.95,0.8174,0.13261718
0.95,0.812,0.13798827
0.95,0.8564,0.093554676
0.95,0.7856,0.16435546
0.95,0.8184,0.13164061
0.95,0.829,0.120898426
0.95,0.795,0.15507811
0.95,0.8774,0.07255858
0.95,0.92,0.030078113
0.95,0.903,0.047167957
0.95,0.802,0.14824218
0.95,0.8516,0.09843749
0.95,0.8003,0.14970702
0.95,0.835,0.11503905
0.95,0.8125,0.13749999
0.95,0.8257,0.124316394
0.95,0.8193,0.13066405
0.95,0.824,0.12578124
0.95,0.7793,0.17070311
0.95,0.677,0.27324218
0.95,0.711,0.23906249
0.95,0.7944,0.1555664
0.95,0.691,0.25908202
0.95,0.842,0.10820311
0.95,0.8213,0.12871093
0.95,0.8125,0.13749999
0.95,0.784,0.1658203
0.95,0.89,0.05986327
0.95,0.8486,0.101367176
0.95,0.777,0.17314452
0.95,0.7925,0.15751952
0.95,0.8535,0.09648436
0.95,0.832,0.11796874
0.95,0.8477,0.10234374
0.95,0.799,0.15117186
0.95,0.834,0.11601561
0.95,0.766,0.1838867
0.95,0.759,0.19121093
0.95,0.8423,0.10771483
0.95,0.823,0.1267578
0.95,0.873,0.07695311
0.95,0.7407,0.20927733
0.95,0.816,0.13408202
0.95,0.8096,0.14042968
0.95,0.7437,0.20634764
0.95,0.7847,0.16533202
0.95,0.811,0.13896483
0.95,0.657,0.29277343
0.95,0.794,0.15605468
0.95,0.799,0.15117186
0.95,0.8247,0.12529296
0.95,0.8096,0.14042968
0.95,0.8315,0.11845702
0.95,0.796,0.15410155
0.95,0.7905,0.15947264
0.95,0.857,0.093066394
0.95,0.819,0.13115233
0.95,0.7944,0.1555664
0.95,0.8276,0.12236327
0.95,0.749,0.20097655
0.95,0.886,0.06376952
0.95,0.84,0.11015624
0.95,0.756,0.19414061
0.95,0.542,0.4080078
0.95,0.823,0.1267578
0.95,0.8027,0.14726561
0.95,0.8066,0.14335936
0.95,0.0337,0.9163086
0.95,0.1232,0.82677
0.95,0.3577,0.592334
0.95,0.405,0.5449707
0.95,0.8394,0.11064452
0.95,0.805,0.1448242
0.95,0.8623,0.0876953
0.95,0.798,0.15214843
0.95,-0.005478,0.9554779
0.95,0.81,0.1399414
0.95,0.821,0.1291992
0.95,0.8477,0.10234374
0.95,0.803,0.14677733
0.95,0.8125,0.13749999
0.95,0.885,0.06523436
0.95,0.8325,0.11748046
0.95,0.79,0.15996093
0.95,0.825,0.124804676
0.95,0.842,0.10820311
0.95,0.781,0.16923827
0.95,0.821,0.1291992
0.95,0.6377,0.31230468
0.95,0.846,0.10380858
0.95,0.797,0.15312499
0.95,0.7837,0.16630858
0.95,0.906,0.04423827
0.95,0.813,0.1370117
0.95,0.868,0.081835926
0.95,0.8486,0.101367176
0.95,0.8745,0.07548827
0.95,0.7944,0.1555664
0.95,0.8047,0.14531249
0.95,0.7485,0.20146483
0.95,0.748,0.20195311
0.95,0.785,0.16484374
0.95,0.8286,0.12138671
0.95,0.872,0.077929676
0.95,0.743,0.20683593
0.95,0.808,0.14189452
0.95,0.808,0.14189452
0.95,0.8096,0.14042968
0.95,0.887,0.06279296
0.95,0.4158,0.5342285
0.95,0.774,0.1760742
0.95,0.8047,0.14531249
0.95,0.7627,0.18730468
0.95,0.767,0.18291014
0.95,0.8228,0.12724608
0.95,0.8057,0.14433593
0.95,0.821,0.1291992
0.95,0.843,0.10722655
0.95,0.808,0.14189452
0.95,0.81,0.1399414
0.95,0.8237,0.12626952
0.95,0.8193,0.13066405
0.95,0.847,0.10283202
0.95,0.8613,0.08867186
0.95,0.787,0.16289061
0.95,0.11755,0.8324463
0.95,0.04135,0.90864867
0.95,0.8096,0.14042968
0.95,0.8057,0.14433593
0.95,0.87,0.0798828
0.95,0.836,0.11406249
0.95,0.858,0.09208983
0.95,0.5947,0.35527343
0.95,0.795,0.15507811
0.95,0.832,0.11796874
0.95,0.8506,0.09941405
0.95,0.8945,0.055468738
0.95,0.8086,0.14140624
0.95,0.837,0.113085926
0.95,0.802,0.14824218
0.95,0.8096,0.14042968
0.95,0.8984,0.051562488
0.95,0.8823,0.06767577
0.95,0.854,0.09599608
0.95,0.8403,0.10966796
0.95,0.892,0.057910144
0.95,0.8267,0.12333983
0.95,0.841,0.109179676
0.95,0.736,0.21416014
0.95,0.7075,0.24248046
0.95,0.772,0.17802733
0.95,0.8457,0.10429686
0.95,0.568,0.3821289
0.95,0.768,0.18193358
0.95,0.8125,0.13749999
0.95,0.6753,0.27470702
0.95,0.7656,0.18437499
0.95,0.795,0.15507811
0.95,0.8213,0.12871093
0.95,0.7827,0.16728514
0.95,0.855,0.09501952
0.95,0.828,0.12187499
0.95,0.854,0.09599608
0.95,0.732,0.2180664
0.95,0.6973,0.25273436
0.95,0.83,0.11992186
0.95,0.758,0.19218749
0.95,0.84,0.11015624
0.95,0.7446,0.20537108
0.95,0.82,0.13017577
0.95,0.8745,0.07548827
0.95,0.823,0.1267578
0.95,0.843,0.10722655
0.95,0.7544,0.19560546
0.95,0.7744,0.17558593
0.95,0.824,0.12578124
0.95,0.8286,0.12138671
0.95,0.7754,0.17460936
0.95,0.8174,0.13261718
0.95,0.7754,0.17460936
0.95,0.7817,0.1682617
0.95,0.804,0.14580077
0.95,0.7637,0.18632811
0.95,0.8374,0.112597644
0.95,0.6943,0.25566405
0.95,0.8096,0.14042968
0.95,0.764,0.18583983
0.95,0.8027,0.14726561
0.95,0.7637,0.18632811
0.95,0.665,0.28496093
0.95,0.8564,0.093554676
0.95,0.856,0.09404296
0.95,0.87,0.0798828
0.95,0.9097,0.04033202
0.95,0.774,0.1760742
0.95,0.7905,0.15947264
0.95,0.8154,0.1345703
0.95,0.7676,0.18242186
0.95,0.777,0.17314452
0.95,0.8013,0.14873046
0.95,0.821,0.1291992
0.95,0.8135,0.13652343
0.95,0.7964,0.15361327
0.95,0.736,0.21416014
0.95,0.791,0.15898436
0.95,0.789,0.16093749
0.95,0.739,0.21123046
0.95,0.756,0.19414061
0.95,0.818,0.1321289
0.95,0.782,0.16777343
0.95,0.7954,0.15458983
0.95,0.7793,0.17070311
0.95,0.7773,0.17265624
0.95,0.7236,0.22636718
0.95,0.8384,0.11162108
0.95,0.7607,0.1892578
0.95,0.556,0.39384764
0.95,0.791,0.15898436
0.95,0.8535,0.09648436
0.95,0.843,0.10722655
0.95,0.7734,0.17656249
0.95,0.8115,0.13847655
0.95,0.842,0.10820311
0.95,0.795,0.15507811
0.95,0.859,0.09111327
0.95,0.8228,0.12724608
0.95,0.808,0.14189452
0.95,0.8335,0.116503894
0.95,0.7954,0.15458983
0.95,0.8276,0.12236327
0.95,0.782,0.16777343
0.95,0.7803,0.16972655
0.95,0.781,0.16923827
0.95,0.818,0.1321289
0.95,0.836,0.11406249
0.95,0.7935,0.15654296
0.95,0.699,0.25078124
0.95,0.7056,0.24443358
0.95,0.7666,0.18339843
0.95,0.842,0.10820311
0.95,0.7925,0.15751952
0.95,0.824,0.12578124
0.95,0.8516,0.09843749
0.95,0.7754,0.17460936
0.95,0.798,0.15214843
0.95,0.819,0.13115233
0.95,0.7534,0.19658202
0.95,0.6646,0.2854492
0.95,0.809,0.14091796
0.95,0.772,0.17802733
0.95,0.836,0.11406249
0.95,0.7573,0.19267577
0.95,0.775,0.17509764
0.95,0.7603,0.18974608
0.95,0.819,0.13115233
0.95,0.8745,0.07548827
0.95,0.794,0.15605468
0.95,0.7886,0.16142577
0.95,0.8076,0.1423828
0.95,0.8027,0.14726561
0.95,0.824,0.12578124
0.95,0.765,0.18486327
0.95,0.8223,0.12773436
0.95,0.805,0.1448242
0.95,0.8086,0.14140624
0.95,0.822,0.12822264
0.95,0.881,0.06914061
0.95,0.729,0.22099608
0.95,0.8677,0.08232421
0.95,0.855,0.09501952
0.95,0.8105,0.13945311
0.95,0.769,0.18095702
0.95,0.8257,0.124316394
0.95,0.862,0.08818358
0.95,0.7183,0.23173827
0.95,0.791,0.15898436
0.95,0.762,0.18779296
0.95,0.8003,0.14970702
0.95,0.8115,0.13847655
0.95,0.7573,0.19267577
0.95,0.8477,0.10234374
0.95,0.8276,0.12236327
0.95,0.8315,0.11845702
0.95,0.82,0.13017577
0.95,0.7847,0.16533202
0.95,0.813,0.1370117
0.95,0.8125,0.13749999
0.95,0.877,0.07304686
0.95,0.7876,0.16240233
0.95,0.8257,0.124316394
0.95,0.7373,0.2126953
0.95,0.8296,0.120410144
0.95,0.84,0.11015624
0.95,0.816,0.13408202
0.95,-0.01533,0.96532744
0.95,0.8633,0.08671874
0.95,-0.01704,0.96704406
0.95,0.8096,0.14042968
0.95,0.818,0.1321289
0.95,0.791,0.15898436
0.95,0.827,0.12285155
0.95,0.867,0.08281249
0.95,0.0582,0.89180297
0.95,0.3315,0.618457
0.95,0.791,0.15898436
0.95,0.899,0.051074207
0.95,0.863,0.08720702
0.95,0.8447,0.105273426
0.95,0.82,0.13017577
0.95,0.913,0.03691405
0.95,0.824,0.12578124
0.95,0.7607,0.1892578
0.95,0.8506,0.09941405
0.95,0.834,0.11601561
0.95,0.8003,0.14970702
0.95,0.735,0.2151367
0.95,0.877,0.07304686
0.95,0.732,0.2180664
0.95,0.868,0.081835926
0.95,0.8345,0.11552733
0.95,0.806,0.14384764
0.95,0.7754,0.17460936
0.95,0.8677,0.08232421
0.95,0.848,0.10185546
0.95,0.836,0.11406249
0.95,0.7515,0.19853514
0.95,0.7866,0.1633789
0.95,0.819,0.13115233
0.95,0.682,0.26787108
0.95,0.6875,0.2625
0.95,0.7876,0.16240233
0.95,0.7837,0.16630858
0.95,0.786,0.16386718
0.95,0.7773,0.17265624
0.95,0.8096,0.14042968
0.95,0.789,0.16093749
0.95,0.7944,0.1555664
0.95,0.904,0.046191394
0.95,0.8584,0.09160155
0.95,0.8677,0.08232421
0.95,0.911,0.038867176
0.95,0.933,0.01689452
0.95,0.8853,0.06474608
0.95,0.8438,0.10624999
0.95,0.785,0.16484374
0.95,0.776,0.17412108
0.95,0.61,0.3401367
0.95,0.8813,0.06865233
0.95,0.8784,0.07158202
0.95,0.7144,0.23564452
0.95,0.7637,0.18632811
0.95,0.7476,0.2024414
0.95,0.7383,0.21171874
0.95,0.8027,0.14726561
0.95,0.8164,0.13359374
0.95,0.8193,0.13066405
0.95,0.8193,0.13066405
0.95,0.8247,0.12529296
0.95,0.771,0.1790039
0.95,0.8237,0.12626952
0.95,0.751,0.19902343
0.95,0.8506,0.09941405
0.95,0.8535,0.09648436
0.95,0.8413,0.108691394
0.95,0.8486,0.101367176
0.95,0.785,0.16484374
0.95,0.8594,0.09062499
0.95,0.8164,0.13359374
0.95,0.792,0.1580078
0.95,0.84,0.11015624
0.95,0.6914,0.25859374
0.95,0.8306,0.11943358
0.95,0.767,0.18291014
0.95,0.7974,0.1526367
0.95,0.818,0.1321289
0.95,0.8335,0.116503894
0.95,0.8374,0.112597644
0.95,0.8276,0.12236327
0.95,0.797,0.15312499
0.95,0.8755,0.07451171
0.95,0.7754,0.17460936
0.95,0.866,0.08378905
0.95,0.8,0.1501953
0.95,0.732,0.2180664
0.95,0.754,0.19609374
0.95,0.786,0.16386718
0.95,0.7783,0.17167968
0.95,0.798,0.15214843
0.95,0.878,0.0720703
0.95,0.804,0.14580077
0.95,0.7065,0.24345702
0.95,0.7993,0.15068358
0.95,0.7227,0.22734374
0.95,0.7734,0.17656249
0.95,0.8574,0.09257811
0.95,0.818,0.1321289
0.95,0.8403,0.10966796
0.95,0.805,0.1448242
0.95,0.855,0.09501952
0.95,0.736,0.21416014
0.95,0.7803,0.16972655
0.95,0.797,0.15312499
0.95,0.8457,0.10429686
0.95,0.8633,0.08671874
0.95,0.8394,0.11064452
0.95,0.7935,0.15654296
0.95,0.811,0.13896483
0.95,0.873,0.07695311
0.95,0.7876,0.16240233
0.95,0.749,0.20097655
0.95,0.7666,0.18339843
0.95,0.78,0.17021483
0.95,0.728,0.22197264
0.95,0.778,0.17216796
0.95,0.7734,0.17656249
0.95,0.698,0.2517578
0.95,0.851,0.09892577
0.95,0.777,0.17314452
0.95,0.7524,0.19755858
0.95,0.8276,0.12236327
0.95,0.7837,0.16630858
0.95,0.8125,0.13749999
0.95,0.734,0.21611327
0.95,0.7954,0.15458983
0.95,0.714,0.2361328
0.95,0.8057,0.14433593
0.95,0.868,0.081835926
0.95,0.822,0.12822264
0.95,0.8037,0.14628905
0.95,0.7993,0.15068358
0.95,0.8086,0.14140624
0.95,0.84,0.11015624
0.95,0.85,0.09990233
0.95,0.808,0.14189452
0.95,0.8022,0.1477539
0.95,0.7544,0.19560546
0.95,0.8438,0.10624999
0.95,0.824,0.12578124
0.95,0.849,0.100878894
0.95,0.805,0.1448242
0.95,0.809,0.14091796
0.95,0.8633,0.08671874
0.95,0.8276,0.12236327
0.95,0.7783,0.17167968
0.95,0.8135,0.13652343
0.95,0.7617,0.18828124
0.95,0.772,0.17802733
0.95,0.76,0.19023436
0.95,0.8354,0.11455077
0.95,0.837,0.113085926
0.95,0.7915,0.15849608
0.95,0.7754,0.17460936
0.95,0.7617,0.18828124
0.95,0.7236,0.22636718
0.95,0.802,0.14824218
0.95,0.8057,0.14433593
0.95,0.793,0.15703124
0.95,0.863,0.08720702
0.95,0.817,0.13310546
0.95,0.9214,0.02861327
0.95,0.855,0.09501952
0.95,0.8037,0.14628905
0.95,0.7617,0.18828124
0.95,0.8174,0.13261718
0.95,0.8247,0.12529296
0.95,0.846,0.10380858
0.95,0.8535,0.09648436
0.95,0.791,0.15898436
0.95,0.7734,0.17656249
0.95,0.8223,0.12773436
0.95,0.7207,0.22929686
0.95,0.8115,0.13847655
0.95,0.7495,0.20048827
0.95,0.8887,0.061328113
0.95,0.617,0.3328125
0.95,0.819,0.13115233
0.95,0.668,0.28203124
0.95,0.8843,0.065722644
0.95,0.791,0.15898436
0.95,0.7397,0.2102539
0.95,0.8887,0.061328113
0.95,0.8325,0.11748046
0.95,0.8223,0.12773436
0.95,0.855,0.09501952
0.95,0.2656,0.684375
0.95,0.6367,0.31328124
0.95,0.6836,0.26640624
0.95,0.352,0.5979492
0.95,0.888,0.061816394
0.95,0.937,0.012988269
0.95,0.7305,0.21953124
0.95,0.816,0.13408202
0.95,0.8027,0.14726561
0.95,0.5034,0.44658202
0.95,0.6157,0.33427733
0.95,0.424,0.5259277
0.95,0.75,0.19999999
0.95,0.807,0.14287108
0.95,0.8477,0.10234374
0.95,0.7954,0.15458983
0.95,0.8545,0.0955078
0.95,0.8594,0.09062499
0.95,0.889,0.06083983
0.95,0.817,0.13310546
0.95,0.8877,0.062304676
0.95,0.822,0.12822264
0.95,0.6616,0.2883789
0.95,0.803,0.14677733
0.95,0.8433,0.10673827
0.95,0.855,0.09501952
0.95,0.8267,0.12333983
0.95,0.8643,0.085742176
0.95,0.8696,0.08037108
0.95,0.8413,0.108691394
0.95,0.8423,0.10771483
0.95,0.671,0.27910155
0.95,0.6973,0.25273436
0.95,0.9106,0.039355457
0.95,0.804,0.14580077
0.95,0.808,0.14189452
0.95,0.7847,0.16533202
0.05,0.0583,0.0082885735
0.05,0.0235,0.026501466
0.37214565,0.2683,0.103835106
0.18982957,0.1794,0.010386214
0.05,0.03195,0.018048096
0.05,0.1685,0.118457034
0.05,0.0822,0.032214355
0.05,0.1037,0.05369873
0.05,0.05545,0.0054504387
0.05,0.6064,0.5564453
0.05,0.4558,0.40581053
0.18965848,0.783,0.59354466
0.05,0.5225,0.47246093
0.05,0.6206,0.57060546
0.58111113,0.7188,0.13763887
0.46366262,0.508,0.044149876
0.05,0.718,0.6677734
0.05,0.713,0.6628906
0.05,0.6064,0.5564453
0.05,0.695,0.6448242
0.05,0.695,0.6448242
0.05,0.8345,0.78447264
0.05,0.1952,0.14519043
0.05,0.4543,0.4043457
0.05,0.7427,0.69267577
0.05,0.2778,0.22783203
0.05,-0.007465,0.057465363
0.05,0.01776,0.03223877
0.05,-0.01045,0.06045227
0.33763888,0.02333,0.3143082
0.05,0.404,0.35405272
0.05,0.0626,0.01262207
0.95,0.3093,0.6406738
0.7624407,0.4304,0.33202076
0.05,0.07996,0.029956054
0.05,0.01475,0.03525238
0.05,-0.003178,0.053177644
0.05,0.001952,0.04804783
0.21772726,0.1609,0.056838587
0.05,0.001255,0.048744965
0.05,0.03818,0.0118225105
0.05,0.0874,0.037402343
0.33217826,-0.00236,0.33453766
0.61764705,0.01614,0.60150325
0.61764705,0.02324,0.5944079
0.5541012,0.02243,0.5316708
0.05,0.03992,0.010083009
0.05,0.10406,0.05406494
0.05,0.2017,0.15166016
0.05,0.3025,0.25249022
0.05,0.0749,0.024890136
0.05,0.0749,0.024890136
0.05,0.02994,0.020062257
0.05,0.02994,0.020062257
0.059110872,0.0737,0.014619596
0.059110872,0.0737,0.014619596
0.05,0.1399,0.08989258
0.05,0.1399,0.08989258
0.05,0.0209,0.02909546
0.05,0.1937,0.14372559
0.05,0.3325,0.28251952
0.05,0.1553,0.10527344
0.05,0.2537,0.20366211
0.05,0.3542,0.30424803
0.05,0.08,0.03001709
0.05,0.03075,0.01925354
0.05,0.008286,0.04171448
0.05,0.0907,0.04069824
0.05,0.0986,0.048571777
0.29218525,0.1328,0.15937275
0.05,0.003424,0.04657631
0.28289485,0.347,0.06402898
0.27916363,0.3677,0.08851215
0.43750513,0.4043,0.03320825
0.05,0.1677,0.11772461
0.05,0.196,0.14604492
0.05,0.2499,0.19987793
0.05,0.1763,0.12626953
0.05,0.003061,0.046938706
0.05,0.1238,0.0737793
0.3339147,0.2175,0.1163854
0.05,0.04758,0.0024230964
0.05,0.0673,0.017321777
0.10898503,0.1359,0.026879229
0.05,0.1335,0.083544925
0.05,0.1377,0.087695315
0.05,0.2449,0.19487305
0.05,0.2036,0.15361328
0.05,0.0755,0.025500488
0.05,0.02989,0.020108033
0.05,0.10376,0.053759765
0.05,0.0781,0.028125
0.05,0.1693,0.11931153
0.05,0.1382,0.0881836
0.05,0.1213,0.07127686
0.05,0.1307,0.08073731
0.05,0.1815,0.13151856
0.05,0.087,0.036975097
0.05,0.255,0.20488282
0.05,0.3027,0.25273436
0.05,0.0717,0.021716308
0.05,0.0003474,0.049652625
0.05,0.176,0.1260254
0.05,0.0263,0.023693848
0.05,0.0547,0.0046874993
0.05,0.07587,0.025866698
0.05,0.04742,0.0025756843
0.05,0.04184,0.008160401
0.05,0.0678,0.017810058
0.05,0.07495,0.024951171
0.05,0.0751,0.025073241
0.05,0.0751,0.025073241
0.05,0.1191,0.06907959
0.05,0.176,0.1260254
0.05,0.286,0.23588867
0.05,0.1351,0.08513184
0.05,0.0872,0.037219238
0.05,0.0363,0.0137146
0.05,0.01549,0.03451233
0.05,0.11145,0.061450195
0.05,0.1112,0.061206054
0.05,0.0772,0.027209472
0.05,0.0702,0.020190429
0.05,0.1317,0.08171387
0.05,0.1604,0.11040039
0.05,0.221,0.17094727
0.05,0.139,0.08903809
0.05,0.1835,0.13347168
0.64563006,-0.008514,0.65414447
0.1798861,-0.001465,0.18135095
0.07628261,0.02713,0.049152486
0.05,0.00921,0.04079132
0.14686587,0.4873,0.3404388
0.05,0.07666,0.026660156
0.07570945,0.326,0.25021827
0.05,0.2988,0.24882813
0.05,0.1705,0.12053223
0.05,0.4402,0.39018553
0.05,0.6587,0.6086914
0.05,0.0398,0.010205079
0.05,0.02061,0.029385377
0.22062129,0.7583,0.5376795
0.13972709,0.367,0.22721627
0.05,0.5176,0.4675781
0.05,0.3616,0.31157225
0.05,0.08966,0.039660644
0.05,0.1654,0.11540528
0.05,0.1041,0.054125976
0.05,0.8154,0.7654297
0.05,0.4949,0.44487303
0.05,0.6294,0.5793945
0.2843466,0.597,0.31282136
0.42499003,0.665,0.24004903
0.05,0.4763,0.42631835
0.05,0.4897,0.43974608
0.05,0.00611,0.043888856
0.13125724,0.08844,0.042817295
0.14975563,0.1865,0.03676781
0.05,0.09436,0.04436035
0.52509326,0.2455,0.27960986
0.61764705,0.507,0.110811114
0.35692504,0.1814,0.17552856
0.12912154,0.2742,0.14504838
0.23858608,0.2627,0.02410923
0.20439383,0.1696,0.03483817
0.05,0.0858,0.03581543
0.05,-0.009605,0.05960541
0.1452734,0.1842,0.0389307
0.13674743,0.2155,0.07870667
0.2159144,0.298,0.082181305
0.05,0.0725,0.022509765
0.05,0.1185,0.06853028
0.05,0.1633,0.11333008
0.4434881,-0.01447,0.45796105
0.13243765,0.06107,0.07137197
0.05,0.075,0.025012206
0.05,0.167,0.11699219
0.95,0.688,0.2620117
0.062169023,0.2502,0.18807513
0.05,0.1946,0.14458008
0.6765512,0.7354,0.05880034
0.6404665,0.7007,0.060217083
0.19362402,0.268,0.07444239
0.05,0.2457,0.19572754
0.05,0.2065,0.15654297
0.17738502,0.4712,0.29380637
0.24594343,0.3936,0.14761126
0.89222634,0.7104,0.18177712
0.3851826,0.5757,0.190501
0.05,0.2357,0.18571778
0.05,0.1919,0.14189453
0.23585011,0.398,0.16209911
0.05,0.2886,0.23857422
0.05,0.231,0.18095703
0.05,0.3398,0.28984374
0.05,0.305,0.25493163
0.05,0.3152,0.26518553
0.05,0.1783,0.12834473
0.05,0.1289,0.07890625
0.05,0.2183,0.16826172
0.05,0.1665,0.11650391
0.05,0.185,0.1350586
0.13894263,0.4187,0.27975854
0.12594329,0.481,0.35501373
0.26418537,0.5615,0.29733807
0.05,0.3984,0.3484375
0.05,0.275,0.22490235
0.05,0.2091,0.15910645
0.05,0.2708,0.22075196
0.7150773,0.7524,0.037364125
0.5437204,0.5815,0.037822545
0.569165,0.6445,0.07536626
0.05,0.2031,0.153125
0.05,0.1691,0.119067386
0.05,0.1254,0.075366214
0.05,0.1703,0.12028809
0.05,0.4546,0.40458983
0.05,0.1515,0.10148926
0.05,0.07446,0.02446289
0.05,0.10376,0.053759765
0.05,0.1306,0.08061524
0.95,0.736,0.21416014
0.05,-0.006294,0.05629425
0.05,0.00431,0.045689393
0.05,0.01328,0.036717225
0.05,0.01907,0.030926514
0.05,0.0339,0.016094971
0.05,0.01662,0.03338318
0.40867585,0.2695,0.1391446
0.05,0.06696,0.016955566
0.10065445,0.005886,0.094768375
0.05,0.001966,0.048033524
0.05,0.04657,0.0034301765
0.05,0.02083,0.029171754
0.05,0.004883,0.04511719
0.090535656,-0.003391,0.09392692
0.07279815,0.1001,0.027299508
0.10841017,-0.01044,0.118847184
0.11806901,0.004417,0.11365159
0.05,0.01715,0.03284912
0.16538392,0.1514,0.014016733
0.5747841,0.3315,0.24324113
0.48635072,0.1321,0.35427064
0.05,0.0677,0.017687988
0.05,-0.000766,0.0507658
0.3565475,0.3162,0.040385395
0.13456169,-0.004715,0.13927665
0.05,-0.0007,0.050699998
0.05,0.01244,0.03755646
0.058318943,0.06885,0.010528713
0.07338926,0.00471,0.06867811
0.05,0.001928,0.04807167
0.05,0.03058,0.019421387
0.123792425,0.1113,0.0124643
0.24402595,-0.0001783,0.24420428
0.05,0.0222,0.027798463
0.05,0.00858,0.041416932
0.05,0.0704,0.020373534
0.067861706,-0.00489,0.07275215
0.05,0.03069,0.019314576
0.05,0.01605,0.033947755
0.05,-0.0166,0.06660156
0.1016793,0.01566,0.086023785
0.1707551,-0.00976,0.1805131
0.05,0.04538,0.004620362
0.05,0.011795,0.038204957
0.05,0.002901,0.047098923
0.05,0.656,0.6057617
0.05,0.805,0.75517577
0.05,0.601,0.5510742
0.21897282,0.634,0.41481626
0.8770676,0.852,0.025016844
0.39359373,0.764,0.37056643
0.05,0.476,0.4260742
0.05,0.6665,0.6165039
0.068314195,0.4304,0.36210573
0.20269601,0.8203,0.6176165
0.05,0.6763,0.6262695
0.41740978,0.8433,0.42585194
0.17215131,0.4937,0.32150102
0.05643111,0.6494,0.59298295
0.05,0.622,0.5720703
0.05,0.6724,0.62236327
0.05,0.7964,0.7463867
0.05,0.74,0.69023436
0.05,0.8203,0.7703125
0.05,0.794,0.7439453
0.05,0.7866,0.7366211
0.30384675,0.7964,0.49253997
0.3098584,0.841,0.5309619
0.95,0.8833,0.06669921
0.05,0.735,0.68486327
0.0709797,0.8696,0.7986492
0.05,0.8657,0.81572264
0.060134493,0.8896,0.82951397
0.05,0.7646,0.7146484
0.05,0.704,0.65410155
0.05,0.76,0.7097656
0.05,0.7764,0.7263672
0.08235465,0.6196,0.53727424
0.08308732,0.828,0.7450377
0.095186315,0.8096,0.714384
0.05,0.7686,0.7185547
0.05,0.5596,0.5095703
0.05,0.08154,0.031542968
0.05,0.0363,0.0137146
0.05,0.03473,0.015270997
0.057370715,0.1026,0.045229383
0.05,0.01782,0.032177735
0.05,0.01782,0.032177735
0.05,0.0729,0.022875976
0.05,0.0729,0.022875976
0.05,-0.001997,0.051996995
0.066041134,0.17,0.10400281
0.05,0.1826,0.13261719
0.05,0.1516,0.10161133
0.05,0.1516,0.10161133
0.06325736,0.0904,0.027135707
0.057370715,0.1026,0.045229383
0.06325736,0.0904,0.027135707
0.05,0.03087,0.01913147
0.05,0.03087,0.01913147
0.05,0.1069,0.056872558
0.05,0.1069,0.056872558
0.05,0.07043,0.02043457
0.05,0.002876,0.04712372
0.05,0.002876,0.04712372
0.2801573,0.3696,0.08947161
0.16092393,0.2167,0.055750877
0.05,0.1056,0.05559082
0.05,0.1056,0.05559082
0.11474331,0.2029,0.08813755
0.1887,0.25,0.061299995
0.1887,0.25,0.061299995
0.11325892,-0.02168,0.13494167
0.05,0.02083,0.029171754
0.05,0.00297,0.04703026
0.05,0.2476,0.1975586
0.05,0.06537,0.015368652
0.05,0.05484,0.004840087
0.05,0.04797,0.002026368
0.05,0.0473,0.0026977547
0.05,0.0473,0.0026977547
0.05,0.03305,0.016949464
0.05,0.03305,0.016949464
0.05,0.02534,0.024655152
0.05,0.03023,0.01977234
0.05,0.149,0.099047855
0.05,0.04678,0.0032165535
0.05,0.06537,0.015368652
0.05,0.04678,0.0032165535
0.114035025,0.03638,0.07765807
0.24156862,0.0426,0.19896609
0.124757096,0.04004,0.08471803
0.05,0.04218,0.007824708
0.05,0.00798,0.042019654
0.05,0.00798,0.042019654
0.07862557,0.1284,0.0497924
0.05,-0.02855,0.07854919
0.44901934,0.07544,0.3735799
0.05,0.03372,0.016278077
0.44901934,0.07544,0.3735799
0.05,0.02904,0.020962525
0.05,0.02904,0.020962525
0.05,0.01799,0.03200989
0.05,0.03017,0.019833375
0.05,0.0498,0.00019531325
0.05,0.1322,0.08220215
0.05,0.03528,0.01472168
0.40295172,0.2605,0.14245367
0.05,0.02557,0.02442627
0.05,0.03815,0.011853028
0.05,0.02557,0.02442627
0.05,0.04193,0.008068848
0.05,0.0641,0.014086913
0.4283193,0.1489,0.27939352
0.060071763,0.0714,0.01133937
0.15985051,0.01352,0.14633122
0.05,0.4792,0.42924803
0.05,0.0062,0.043801118
0.05,0.02042,0.029583741
0.05,0.4397,0.38969725
0.05,0.02615,0.023846436
0.05,0.0735,0.023486327
0.05,0.01663,0.03336792
0.05,0.01663,0.03336792
0.95,0.121,0.8290283
0.05,0.05878,0.008776855
0.05,0.00489,0.04510956
0.05,0.0786,0.02861328
0.05,0.002352,0.04764824
0.05,0.01953,0.03046875
0.05,0.0172,0.032803345
0.52468306,0.2162,0.30849653
0.05,0.06107,0.011065673
0.05,0.10004,0.05003662
0.05,0.10004,0.05003662
0.05,0.0578,0.007800292
0.05,0.06036,0.010363769
0.05,-0.003496,0.05349617
0.52468306,0.2162,0.30849653
0.05,0.04953,0.00046997145
0.05,0.1458,0.095751956
0.05,0.0646,0.014575195
0.05,0.0997,0.04967041
0.36076477,0.1671,0.19365051
0.05,0.03888,0.011120606
0.05,0.05945,0.009448241
0.05,0.0997,0.04967041
0.05,0.07263,0.022631835
0.05,0.07263,0.022631835
0.317616,0.2024,0.11522341
0.26980913,0.2766,0.0068022013
0.24330172,0.2412,0.002090782
0.22245513,0.1031,0.11936675
0.20813945,0.2717,0.063589066
0.23256204,0.1161,0.11647317
0.05,0.11725,0.06724854
0.05,0.1892,0.13920899
0.05,0.1055,0.055529784
0.059533168,0.698,0.638709
0.19240592,0.303,0.11057259
0.15614825,0.133,0.023091614
0.44442424,0.6543,0.20987263
0.27683744,0.3345,0.057635218
0.05,0.0502,0.00020141527
0.05,0.2054,0.15544434
0.14016466,0.5786,0.4384486
0.05,0.1462,0.09624024
0.05,0.01542,0.034580994
0.05,0.1896,0.1395752
0.16184145,0.009895,0.15194613
0.05,0.1807,0.13066407
0.05,0.01945,0.030545045
0.09335524,0.1231,0.029752672
0.2361925,-0.000759,0.23695162
0.05,0.1681,0.11809082
0.3335125,0.0001794,0.3333331
0.56005335,0.3867,0.1733346
0.05,0.2225,0.17253418
0.1807654,0.09045,0.090311304
0.05,0.1597,0.10966797
0.52943337,0.3975,0.13197243
0.52608633,0.2559,0.27022696
0.7269468,0.4333,0.29359716
0.05,0.0362,0.013806153
0.05,0.007656,0.042343903
0.05,0.02522,0.024777222
0.05,0.0519,0.0019103996
0.05,0.00623,0.0437706
0.05,0.02248,0.027523804
0.3029207,0.2751,0.027774215
0.05,0.004944,0.045056153
0.2292869,0.2076,0.021645293
0.05,0.0085,0.041500855
0.05,0.04947,0.0005310066
0.05,0.161,0.111010745
0.05,0.02121,0.028790284
0.05,0.0858,0.03581543
0.05,0.0961,0.04613037
0.05,0.02513,0.024868775
0.05,-0.002449,0.052449036
0.054528803,0.02026,0.03426513
0.05,0.1782,0.12822266
0.05,0.02292,0.0270813
0.05,0.0351,0.014904786
0.05,0.01709,0.032910157
0.05,-0.00182,0.05181961
0.05,-0.00877,0.058773804
0.05,0.1278,0.07780762
0.05,0.0687,0.018725585
0.1838634,0.1587,0.025171995
0.069002666,0.1873,0.118253194
0.05,-0.005585,0.055584718
0.05,-0.00428,0.05428009
0.05,0.03973,0.010266114
0.05,0.003494,0.046505738
0.65225345,0.42,0.23233157
0.48220015,0.4863,0.0041279793
0.10467765,0.2515,0.1467872
0.05,0.12445,0.07445069
0.06935865,0.09973,0.030372798
0.073098235,0.10596,0.032858796
0.05,0.05084,0.0008422844
0.05,0.03946,0.010540772
0.4447884,0.3708,0.07393879
0.09324943,0.17,0.07679451
0.05,0.07983,0.029833984
0.05,0.0371,0.012890626
0.48220015,0.4863,0.0041279793
0.05,0.02487,0.025128175
0.05,0.09985,0.049853515
0.05,0.07574,0.025744628
0.05,0.1041,0.054125976
0.05,0.05692,0.0069152825
0.05,0.0665,0.01652832
0.05,0.07587,0.025866698
0.05,0.071,0.020983886
0.05,0.04764,0.0023620613
0.2140787,0.3794,0.16531584
0.389287,0.3665,0.022831917
0.33195072,0.2091,0.12284428
0.22653441,0.301,0.07449098
0.05,0.06104,0.0110351555
0.05,0.06104,0.0110351555
0.05,0.0586,0.008593749
0.05,0.1178,0.067797855
0.05,0.03723,0.012768555
0.05,0.1279,0.07792969
0.05,0.08594,0.0359375
0.05,0.1164,0.066394046
0.389287,0.3665,0.022831917
0.05,0.046,0.0040100105
0.85890263,0.6187,0.24025029
0.05,0.07996,0.029956054
0.05,0.06006,0.010058593
0.05,0.09973,0.049731445
0.36727026,0.3528,0.014487058
0.27196813,0.3193,0.04736781
0.6099371,0.4653,0.14460504
0.05,0.1416,0.091601565
0.05,0.01729,0.032711793
0.46034846,0.2554,0.20497736
0.05,0.1484,0.0984375
0.2170997,0.275,0.057802647
0.05,0.03192,0.018078614
0.46034846,0.2554,0.20497736
0.05,0.1201,0.07011719
0.05,0.05878,0.008776855
0.05,0.05878,0.008776855
0.059983775,0.07117,0.011183217
0.65225345,0.42,0.23233157
0.059983775,0.07117,0.011183217
0.22519483,0.382,0.15688525
0.22519483,0.382,0.15688525
0.22064523,0.2217,0.0010344535
0.22064523,0.2217,0.0010344535
0.05,0.07904,0.029040527
0.05,0.1862,0.13615723
0.05,0.1862,0.13615723
0.08545411,0.1062,0.020747066
0.37829784,0.349,0.029176742
0.21730752,0.1667,0.050559476
0.37829784,0.349,0.029176742
0.57621735,0.516,0.060104072
0.57621735,0.516,0.060104072
0.05,0.03244,0.017559815
0.05,0.03244,0.017559815
0.05,0.1367,0.08671875
0.05,0.1367,0.08671875
0.64910525,0.618,0.030941188
0.6680012,0.603,0.06497383
0.6680012,0.603,0.06497383
0.21730752,0.1667,0.050559476
0.05,0.1066,0.056628417
0.05,0.1066,0.056628417
0.05,0.0768,0.026782226
0.05,0.1277,0.07768555
0.13119428,0.2468,0.11563189
0.09154423,0.1127,0.021126665
0.09154423,0.1127,0.021126665
0.1475764,0.2286,0.08106129
0.05,0.1334,0.083422855
0.05,0.1334,0.083422855
0.15426144,0.1327,0.02157101
0.05,0.0631,0.013110351
0.05,0.0631,0.013110351
0.07277879,0.1219,0.049108416
0.07277879,0.1219,0.049108416
0.05,0.2134,0.16337891
0.05,0.2134,0.16337891
0.14472574,0.1671,0.022388518
0.56170446,0.535,0.026548207
0.05,0.0659,0.015917968
0.05,0.0659,0.015917968
0.15426144,0.1327,0.02157101
0.05,0.05728,0.0072814934
0.05,0.05728,0.0072814934
0.05,0.11707,0.06706543
0.05,0.11707,0.06706543
0.46282074,0.621,0.15827301
0.46282074,0.621,0.15827301
0.30954063,0.5464,0.23684609
0.30954063,0.5464,0.23684609
0.556877,0.509,0.048087955
0.556877,0.509,0.048087955
0.05,0.081,0.030993652
0.05,0.02333,0.026669312
0.05,0.02184,0.028164674
0.05,0.02184,0.028164674
0.05,0.1311,0.08110352
0.05,0.05124,0.0012390129
0.05,0.05124,0.0012390129
0.05,0.05026,0.00026245043
0.05,0.05026,0.00026245043
0.05,0.01288,0.037121583
0.05,0.02934,0.02065735
0.05,0.007103,0.042897034
0.05,0.1256,0.075610355
0.14166576,0.1403,0.0014069676
0.05,0.07446,0.02446289
0.5257453,0.585,0.059215665
0.8534407,0.693,0.16056961
0.05,0.08966,0.039660644
0.05,0.0624,0.0124084465
0.05,0.05945,0.009448241
0.06833732,0.08026,0.011923909
0.05,0.04214,0.007855225
0.05,0.007103,0.042897034
0.05,0.0857,0.03569336
0.39098164,0.3887,0.0023097694
0.05,0.03073,0.0192688
0.05,0.05475,0.0047485344
0.05,0.06158,0.011584472
0.05,0.02269,0.027310181
0.05,0.01469,0.035313416
0.05,0.0184,0.0315979
0.05,0.07574,0.025744628
0.18743746,0.2,0.012513712
0.05,0.0488,0.0012023933
0.113922164,0.08636,0.027557418
0.05,0.03934,0.010662843
0.41299215,0.188,0.22500387
0.2926288,0.327,0.034275502
0.05,0.0302,0.019802857
0.42318642,0.58,0.1568917
0.19196077,0.2329,0.04094939
0.22279644,0.303,0.080182076
0.16596994,-0.02153,0.18750009
0.12519276,0.3003,0.1751002
0.5507597,0.1877,0.36301553
0.05,0.0959,0.04588623
0.05,0.05566,0.0056640618
0.14046548,0.2932,0.15274741
0.27509356,0.3823,0.10723066
0.44643685,0.4304,0.01601693
0.05,0.10864,0.058642577
0.05,0.0922,0.04222412
0.05,0.126,0.075976565
0.05,0.1649,0.114916995
0.05,0.08057,0.030566406
0.153501,0.2566,0.10309079
0.2106962,0.3975,0.18676473
0.8906698,0.7607,0.12992764
0.95,0.932,0.017871082
0.95,0.8667,0.08330077
0.05,0.11884,0.06883545
0.15943068,0.2827,0.12328416
0.18857694,0.1832,0.0053493977
0.058474082,0.1404,0.08190678
0.05,0.05356,0.0035583489
0.115417846,0.1421,0.026671998
0.95,0.5107,0.4392578
0.7552653,0.6504,0.10487467
0.80934215,0.6987,0.11061168
0.5527097,0.5957,0.042993426
0.15854831,0.25,0.09145169
0.05,0.1041,0.054125976
0.41388717,0.5034,0.089530796
0.45216435,0.3667,0.08546513
0.40880477,0.5063,0.09754288
0.22426155,0.3433,0.11900017
0.13067357,0.2406,0.10992701
0.95,0.6177,0.3323242
0.62097466,0.3928,0.2281524
0.056287833,0.2896,0.23326296
0.05,0.235,0.18498535
0.05,0.0736,0.023608398
0.27567998,0.2598,0.01591435
0.7028626,0.5054,0.19749153
0.8680206,0.708,0.16001278
0.05,0.774,0.72392577
0.95,0.6113,0.33867186
0.82648283,0.7607,0.065740645
0.95,0.643,0.30693358
0.95,0.658,0.29179686
0.95,0.4316,0.51835936
0.95,0.3098,0.64018553
0.95,0.3962,0.55375975
0.05,0.0402,0.00980835
0.48633665,0.2954,0.19092649
0.23823202,0.1936,0.0446285
0.05,0.0904,0.040393066
0.6701649,0.03775,0.63241464
0.10713664,0.1456,0.038493246
0.05,0.02382,0.026181031
0.1549627,0.001306,0.15365712
0.05,0.2428,0.19279785
0.05,0.02716,0.022839356
0.30587894,0.7007,0.39480466
0.48198512,0.4197,0.062307388
0.05,0.1034,0.053393554
0.05,0.658,0.6082031
0.05,0.00789,0.042111207
0.05,0.1453,0.095263675
0.05,-0.00173,0.051729966
0.05,0.5527,0.50273436
0.05,0.548,0.49785155
0.05,0.04614,0.0038574226
0.05,0.0621,0.012103271
0.05,0.2712,0.22124024
0.05,0.03702,0.0129821785
0.36697817,0.1124,0.2545514
0.05,0.08203,0.03203125
0.05,0.0327,0.017285157
0.05,0.0937,0.043688964
0.05,0.0851,0.035083007
0.05,0.05002,1.8309802e-05
0.05,0.05585,0.005847167
0.0835391,0.429,0.34541598
0.05,0.2854,0.2354004
0.05,0.1532,0.103198245
0.05,0.02748,0.022518922
0.10817866,0.07904,0.029138133
0.22258137,0.05185,0.170732
0.05,0.04486,0.005139161
0.95,0.5435,0.40654296
0.05,0.05206,0.0020629875
0.05,-0.02863,0.078625485
0.05,0.004604,0.04539566
0.05,-0.00911,0.059109498
0.05,-0.0064,0.056401063
0.05,-0.006214,0.056214143
0.05,-0.00653,0.056530762
0.05,-0.00862,0.058621217
0.05,0.345,0.2949707
0.05,-0.0005665,0.050566483
0.05,-0.0165,0.06649475
0.05,-0.007164,0.057164002
0.05,0.5356,0.48564452
0.95,-0.00292,0.95292014
0.05,0.1343,0.08427735
0.05,-0.007057,0.05705719
0.05,0.1029,0.052905273
0.05,0.005287,0.04471283
0.05,0.09863,0.04863281
0.05,0.08673,0.036730956
0.05,0.3403,0.29033202
0.05,0.0629,0.012927245
0.05,0.1103,0.060290527
0.05,0.05368,0.0036804192
0.05,0.4495,0.39946288
0.05,0.0871,0.037097167
0.05,0.04852,0.0014770515
0.05,0.2783,0.22832032
0.05,0.1794,0.12944336
0.05,0.0935,0.04350586
0.05,0.3591,0.30913085
0.05,0.0673,0.017321777
0.05,0.0699,0.019885253
0.05,0.0696,0.019580077
0.05,0.03912,0.010876466
0.05,0.009125,0.040875245
0.05,0.08527,0.035266113
0.05,0.301,0.25102538
0.05,0.3682,0.31816405
0.05,0.3987,0.34868163
0.05,0.424,0.37407225
0.05,0.3728,0.32280272
0.05,0.04852,0.0014770515
0.05,0.03122,0.018780518
0.05,0.0439,0.006085206
0.09884753,0.1787,0.07986341
0.05,0.278,0.22807617
0.05,0.00828,0.041722108
0.05,0.0794,0.029406738
0.05,0.1417,0.091723636
0.05,0.7466,0.696582
0.05,0.753,0.7029297
0.05,0.7773,0.72734374
0.24950133,0.4192,0.16968812
0.14918035,0.3408,0.19163996
0.05,-0.06805,0.118054196
0.44900373,-0.003067,0.45207074
0.05,0.0009413,0.049058724
0.05,0.01373,0.03626709
0.1293027,0.1013,0.027984336
0.06414293,0.02397,0.04017137
0.05,0.012115,0.037884522
0.05,0.06964,0.019641113
0.05,-0.0003119,0.050311852
0.05,0.3281,0.278125
0.05,0.248,0.19804688
0.05,0.1288,0.07878418
0.29127598,0.3877,0.096419334
0.05,0.1444,0.09440918
0.05,0.1453,0.095263675
0.05,0.568,0.5178711
0.37611583,0.2456,0.13051036
0.47077656,0.789,0.31828594
0.34066668,0.648,0.30728254
0.05,0.1334,0.083422855
0.05,0.1121,0.06212158
0.23206554,0.3005,0.068471566
0.09664365,0.3005,0.20389345
0.05,0.1608,0.110766605
0.05,0.09155,0.041552734
0.51187456,0.661,0.14925826
0.19887945,0.3115,0.11264399
0.05,0.3787,0.3286621
0.05,0.574,0.52421874
0.05,0.1464,0.09636231
0.10352672,0.1785,0.07494008
0.05,0.1267,0.07670899
0.09942558,0.3418,0.24237129
0.093566984,0.2037,0.11016837
0.05,0.0801,0.030078124
0.08642482,0.214,0.12756443
0.368543,0.1724,0.19617972
0.1334268,0.2544,0.12096773
0.18870805,0.1357,0.052965865
0.05,0.4026,0.35258788
0.05,0.2017,0.15166016
0.05,0.3108,0.260791
0.05,0.0968,0.046801757
0.05,0.498,0.44804686
0.05,0.4229,0.37285155
0.05,0.647,0.59697264
0.05,0.2029,0.15288086
0.069543734,0.3655,0.2959348
0.18834206,0.7446,0.5562868
0.44820857,0.723,0.27493596
0.05,0.1608,0.110766605
0.7687973,0.864,0.09497225
0.05,0.2988,0.24882813
0.95,0.819,0.13115233
0.05,0.405,0.35502928
0.05,0.3564,0.3064453
0.18475775,0.6284,0.4436602
0.05,0.5117,0.46171874
0.05,0.0992,0.04918213
0.05,0.1185,0.06853028
0.1257301,0.0719,0.053830683
0.05,0.6875,0.6375
0.05,0.59,0.53984374
0.05,0.2778,0.22783203
0.05,0.03342,0.016583253
0.95,0.4583,0.49174803
0.06318668,0.175,0.111862145
0.05,0.05786,0.007861327
0.05,0.292,0.24199219
0.05,0.4646,0.4145996
0.05,0.2937,0.24370117
0.05,-0.0175,0.06750183
0.05,0.8306,0.7805664
0.05,0.03693,0.013073731
0.05,0.002323,0.04767685
0.05,0.1738,0.12382813
0.05,0.1517,0.1017334
0.05,0.2445,0.19450684
0.05,0.3289,0.2788574
0.07705791,0.1164,0.03933613
0.07461169,0.02896,0.045650512
0.0825545,0.10986,0.027308784
0.26445672,0.1926,0.071829766
0.05,0.03848,0.011517335
0.05,0.2035,0.15349121
0.05,0.0036,0.046400834
0.05,0.2288,0.17875977
0.05,0.3093,0.25932616
0.05,0.2302,0.18022461
0.05,0.1586,0.10856934
0.3485307,0.718,0.36924273
0.3032678,0.6636,0.3603064
0.05,0.1197,0.069689944
0.05,0.1197,0.069689944
0.05,0.126,0.075976565
0.05,0.126,0.075976565
0.05,0.209,0.15898438
0.05,0.0773,0.027270507
0.05,0.209,0.15898438
0.05,0.08765,0.037646484
0.05,0.08765,0.037646484
0.059385806,0.125,0.06561419
0.059385806,0.125,0.06561419
0.05,0.10706,0.057055663
0.05,0.10706,0.057055663
0.05,0.0889,0.038928222
0.05,0.0889,0.038928222
0.05,0.6616,0.6116211
0.05,0.3804,0.33037108
0.05,0.718,0.6677734
0.05,0.1774,0.12736817
0.95,0.2764,0.6736328
0.05,0.00648,0.04351883
0.2628499,0.4866,0.22372237
0.05,0.1316,0.0815918
0.05,0.4749,0.4248535
0.05,0.0952,0.045214843
0.05,0.10376,0.053759765
0.05,0.10376,0.053759765
0.08836903,0.4292,0.3408302
0.0574108,0.3823,0.3249134
0.06725492,0.2274,0.16016206
0.05,0.4504,0.40043944
0.05,0.007515,0.042485047
0.05,0.1615,0.11149903
0.05,0.4546,0.40458983
0.05,0.02635,0.023648072
0.05,0.646,0.5959961
0.05,0.1345,0.08452149
0.05,0.0678,0.017810058
0.05,0.0962,0.046191406
0.05,0.1125,0.062487792
0.05,0.1073,0.057299804
0.055253908,0.0727,0.017438963
0.055850197,0.0431,0.012759376
0.053978577,-0.00713,0.061108246
0.95,0.2369,0.7130615
0.95,0.01185,0.93815154
0.5488049,0.0852,0.4635998
0.05,0.006367,0.04363327
0.24523857,0.00151,0.2437289
0.093330026,-0.00615,0.09947932
0.09316146,0.00934,0.08382308
0.05,0.1067,0.056689452
0.05,0.0676,0.017626952
0.05,0.003515,0.046484757
0.05,0.5854,0.5354492
0.1310149,-0.02428,0.15529163
0.05,0.00864,0.041363526
0.05,-0.00855,0.058552552
0.05,-0.01624,0.06623535
0.05,-0.02571,0.07571106
0.05,0.00976,0.040242005
0.05,-0.00452,0.054520417
0.05,0.00982,0.04018097
0.05,0.003664,0.046335984
0.05,-0.003603,0.053602982
0.05,-0.00935,0.05935364
0.05,-0.01161,0.06161194
0.05,-0.01436,0.06435852
0.05,0.04593,0.0040710457
0.05,0.05038,0.00038452074
0.05,-0.006836,0.05683594
0.05,0.02718,0.022824097
0.05,0.1876,0.13762207
0.5465526,0.2201,0.32645983
0.5465526,0.2201,0.32645983
0.95,0.2812,0.66875
0.05,0.0795,0.029528808
0.05,0.0795,0.029528808
0.05,0.11304,0.06303711
0.05,0.11304,0.06303711
0.95,0.2292,0.72075194
0.95,0.2292,0.72075194
0.059293807,0.01242,0.046873152
0.9264875,0.4072,0.51926094
0.059293807,0.01242,0.046873152
0.05,0.0336,0.016400147
0.05,0.0336,0.016400147
0.088645585,0.1106,0.021950118
0.088645585,0.1106,0.021950118
0.0840525,0.1903,0.106255114
0.0840525,0.1903,0.106255114
0.05,0.0645,0.014514159
0.05,0.0645,0.014514159
0.05,0.05298,0.0029785149
0.05,0.05276,0.0027648918
0.05,0.05298,0.0029785149
0.050104123,0.04193,0.00817297
0.05,0.2377,0.1876709
0.15415817,0.1793,0.025163114
0.0536019,0.063,0.009386383
0.05,0.111,0.06102295
0.05,0.1647,0.114672855
0.05,0.2632,0.2131836
0.05359085,0.11,0.056394503
0.05359085,0.11,0.056394503
0.05,0.1718,0.12175293
0.05,0.02406,0.02593689
0.05,0.02406,0.02593689
0.1948877,0.02069,0.17419678
0.05,0.09406,0.044055175
0.05,0.09406,0.044055175
0.95,0.552,0.39824218
0.95,0.552,0.39824218
0.95,0.2229,0.7270996
0.95,0.2229,0.7270996
0.05,0.06033,0.010333251
0.05,0.1443,0.09428711
0.05,0.06033,0.010333251
0.053609103,0.159,0.105448514
0.053609103,0.159,0.105448514
0.05,0.11847,0.06846924
0.05,0.11847,0.06846924
0.05,0.2898,0.23979492
0.05,0.2898,0.23979492
0.1024307,0.1891,0.08665621
0.1024307,0.1891,0.08665621
0.09041841,0.06464,0.025782183
0.5055136,0.7754,0.26987702
0.09041841,0.06464,0.025782183
0.082835495,0.1482,0.065357864
0.082835495,0.1482,0.065357864
0.05,0.0859,0.035876464
0.05,0.0859,0.035876464
0.05,0.0795,0.029528808
0.05,0.0795,0.029528808
0.05,0.1118,0.061816406
0.05,0.1118,0.061816406
0.05,0.0804,0.0303833
0.5055136,0.7754,0.26987702
0.05,0.0804,0.0303833
0.05,0.1194,0.06938477
0.05,0.1194,0.06938477
0.05,0.0754,0.025378417
0.05,0.0754,0.025378417
0.05,0.07086,0.020861816
0.05,0.07086,0.020861816
0.05,0.1107,0.060717773
0.05,0.1107,0.060717773
0.05,0.05194,0.0019409172
0.7616182,0.5996,0.16200882
0.05,0.05194,0.0019409172
0.7616182,0.5996,0.16200882
0.05,0.09216,0.042163085
0.05610026,-0.0652,0.12128581
0.05,-0.01588,0.0658844
0.05,0.03345,0.016552735
0.05,0.03348,0.016522218
0.05,0.1088,0.058825683
0.05,0.1495,0.099536136
0.95,0.6704,0.27958983
0.8902937,0.2269,0.663365
0.05,0.2065,0.15654297
0.05,0.04785,0.0021484382
0.05,0.05396,0.0039550774
0.05,0.1683,0.118334964
0.08500739,0.1996,0.11457757
0.05,0.05246,0.002459716
0.050086357,0.4812,0.43111482
0.05,0.3384,0.2883789
0.05,0.05396,0.0039550774
0.05,0.2173,0.16728516
0.05,0.2173,0.16728516
0.05,0.12103,0.07103272
0.05,0.07416,0.024157714
0.05,0.213,0.1630127
0.05,0.213,0.1630127
0.05,0.1683,0.118334964
0.05,0.1361,0.0861084
0.05,0.1521,0.10209961
0.05,0.11957,0.069567874
0.05,0.10254,0.05253906
0.05,0.0952,0.045214843
0.05,0.05402,0.0040161125
0.05521439,0.1394,0.08418991
0.1092735,0.0571,0.052175112
0.05,0.3499,0.2998535
0.05,0.2356,0.1855957
0.05,0.4646,0.4145996
0.05,0.1443,0.09428711
0.05,0.624,0.5740234
0.05,0.1299,0.079882815
0.05,0.1394,0.0894043
0.05,0.1353,0.08525391
0.05,0.1804,0.13041992
0.05,0.1812,0.13115235
0.05,0.6167,0.5666992
0.05,0.531,0.4807617
0.05,0.371,0.32109374
0.05,0.373,0.32304686
0.05,0.11774,0.06773682
0.05,0.8403,0.790332
0.05,0.7964,0.7463867
0.05,0.806,0.75615233
0.05,0.905,0.85478514
0.05,0.01187,0.038128663
0.05,-0.01036,0.06036072
0.05,0.003119,0.046881486
0.05,0.013435,0.036564637
0.05,0.01927,0.03072815
0.05,0.0576,0.007586669
0.05,0.01665,0.033352662
0.05,0.003506,0.046494294
0.05,0.011505,0.038494874
0.05,0.2468,0.19682617
0.05,0.007137,0.042862702
0.05,0.1027,0.052722167
0.08213958,0.1892,0.1070694
0.05,0.0843,0.03428955
0.05,0.349,0.29912108
0.05,0.1588,0.10881348
0.05,0.06323,0.013232421
0.05,0.1237,0.073718265
0.05,0.07135,0.021350097
0.05,0.0465,0.0034912117
0.05,0.04752,0.0024841316
0.05,0.06757,0.017565917
0.05,0.02605,0.023953248
0.05,0.1292,0.07915039
0.05,0.11676,0.06676026
0.05,0.07794,0.027941894
0.05,0.06726,0.017260741
0.7818013,0.3374,0.44439894
0.73788667,0.577,0.16073823
0.5343957,0.6284,0.094022274
0.05,-0.02576,0.07575683
0.05,0.444,0.39409178
0.05,0.1978,0.14775391
0.05,0.03207,0.017926026
0.05,0.041,0.009014893
0.05,0.1316,0.0815918
0.05,0.08105,0.031054687
0.05,0.1619,0.11186524
0.05,0.02391,0.026089478
0.11685674,0.4417,0.32479364
0.07846537,0.562,0.48354635
0.05,0.08344,0.033435058
0.05,0.0457,0.0043151863
0.05,0.0901,0.04008789
0.05,0.02725,0.022747803
0.05,0.02274,0.027264405
0.05,0.1426,0.09257813
0.31471878,0.2788,0.03591019
0.05,0.0622,0.0121948235
0.05,0.178,0.12797852
0.05,0.07947,0.029467773
0.05,0.08093,0.030932616
0.05,0.02547,0.024533082
0.05,0.1644,0.114428714
0.05,0.008995,0.041004945
0.05,0.0342,0.015789796
0.05,0.05893,0.008929443
0.05,0.05893,0.008929443
0.05,0.1174,0.06737061
0.2851178,0.3694,0.08426696
0.37264687,0.3035,0.06918007
0.37264687,0.3035,0.06918007
0.36156067,0.4377,0.07618347
0.36156067,0.4377,0.07618347
0.05,0.0782,0.028186034
0.95,0.648,0.30205077
0.75739187,0.6807,0.07672781
0.2615627,0.1284,0.13314474
0.76009583,0.569,0.19124818
0.76009583,0.569,0.19124818
0.825869,0.6235,0.20233387
0.05,0.0782,0.028186034
0.06521359,0.1521,0.08688602
0.06521359,0.1521,0.08688602
0.23953244,0.4104,0.17086795
0.23953244,0.4104,0.17086795
0.3819318,0.4246,0.042628735
0.3819318,0.4246,0.042628735
0.46664923,0.12,0.34665412
0.05,0.02455,0.02544861
0.05,0.156,0.10600586
0.05,0.1466,0.09660645
0.05,0.1677,0.11772461
0.37807068,0.4736,0.09556213
0.5767779,0.4736,0.10314506
0.26549155,0.6753,0.40980142
0.05,0.2551,0.20512696
0.05,0.1826,0.13261719
0.05,0.3306,0.2805664
0.05,0.1515,0.10148926
0.05,0.181,0.13103028
0.6699919,0.721,0.051199496
0.061246824,0.325,0.26370436
0.6945987,0.805,0.11057711
0.58088607,0.78,0.19889909
0.05,0.529,0.47880858
0.05,0.225,0.17497559
0.05,0.2086,0.15861817
0.05,0.4192,0.36918944
0.05,0.3596,0.30961913
0.05,0.2313,0.18132325
0.05,0.2637,0.21367188
0.14253315,0.7983,0.65580666
0.11818706,0.2098,0.091651805
0.95,0.664,0.2859375
0.95,0.6953,0.2546875
0.95,0.5786,0.3713867
0.18366095,0.331,0.14739373
0.42950097,0.5337,0.10419044
0.24018653,0.559,0.31889552
0.05,0.1798,0.12980957
0.05,0.1893,0.13933106
0.05,0.2783,0.22832032
0.05,0.09705,0.047045898
0.05,0.426,0.37602538
0.07651241,0.3506,0.27407354
0.05,0.7007,0.6506836
0.05,0.807,0.7571289
0.28924784,0.718,0.4285256
0.05,0.08167,0.03166504
0.05,0.75,0.7
0.05,0.652,0.60185546
0.05,0.1699,0.11992188
0.36892304,0.7676,0.3986551
0.05,0.3916,0.34160155
0.05,0.02289,0.027111817
0.05,0.2715,0.22148438
0.05,0.05573,0.005725097
0.05,0.1075,0.05748291
0.05,0.04077,0.009228516
0.05,0.183,0.1329834
0.06633201,0.3206,0.25422463
0.6768499,0.0901,0.586762
0.20450605,0.03317,0.17133345
0.05,0.02177,0.028225709
0.05,-0.02272,0.072720334
0.0,-0.002651,0.0026512146
0.0,-0.02795,0.027954102
0.0,-0.005367,0.005367279
0.0,-0.0373,0.03729248
0.0,-0.005432,0.005432129
0.0,-0.014114,0.01411438
0.0,0.1383,0.13830566
0.0,0.6963,0.69628906
0.0,0.3743,0.37426758
0.0,0.3044,0.30444336
0.0,0.3926,0.39257812
0.0,0.4119,0.41186523
0.0,0.072,0.072021484
0.0,0.498,0.49804688
0.0,0.5103,0.5102539
0.0,0.4487,0.44873047
0.0,0.04297,0.04296875
0.0,0.02745,0.027450562
0.0,0.06204,0.062042236
0.0,0.3335,0.3334961
0.0,-0.03287,0.03286743
0.0,-0.01741,0.017410278
0.0,-0.015526,0.015525818
0.0,-0.02643,0.026428223
0.0,-0.02032,0.020324707
0.0,0.02386,0.023864746
0.0,0.03195,0.031951904
0.0,-0.00962,0.0096206665
0.0,0.005497,0.0054969788
0.0,0.0002024,0.00020241737
0.0,0.04254,0.042541504
0.0,-0.02057,0.020568848
0.0,-0.01411,0.0141067505
0.0,-0.01878,0.01878357
0.0,-0.01741,0.017410278
0.0,-0.00699,0.0069885254
0.0,-0.004894,0.0048942566
0.0,-0.00469,0.004688263
0.0,0.202,0.20202637
0.0,-0.01075,0.010749817
0.0,-0.01536,0.015357971
0.0,0.006523,0.0065231323
0.0,-0.004128,0.0041275024
0.0,-0.0226,0.022598267
0.0,-0.02289,0.022888184
0.0,-7.707e-05,7.7068806e-05
0.0,0.003304,0.0033035278
0.0,-0.00598,0.0059814453
0.0,-0.02036,0.020355225
0.0,-0.0139,0.013900757
0.0,0.004417,0.0044174194
0.0,-0.00902,0.009017944
0.0,-0.003769,0.003768921
0.0,0.04398,0.04397583
0.0,-0.03165,0.03164673
0.0,-0.01123,0.011230469
0.0,-0.02112,0.021118164
0.0,0.0705,0.070495605
0.0,-0.0003722,0.0003721714
0.0,0.0098,0.009803772
0.0,0.00887,0.008872986
0.0,-0.02713,0.027130127
0.0,0.003885,0.0038852692
0.0,0.1864,0.18640137
0.0,0.03137,0.03137207
0.0,-0.005142,0.005142212
0.0,0.2168,0.21679688
0.0,-0.014755,0.014755249
0.0,0.01584,0.015838623
0.0,0.2263,0.22631836
0.0,0.01088,0.010879517
0.0,-0.001865,0.001865387
0.0,0.013336,0.013336182
0.0,-0.01207,0.012069702
0.0,-0.004417,0.0044174194
0.0,-0.007225,0.0072250366
0.0,-0.00758,0.0075798035
0.0,-0.0123,0.012298584
0.0,0.00212,0.0021190643
0.0,0.002474,0.0024738312
0.0,-0.02425,0.024246216
0.0,-0.00865,0.008651733
0.0,-0.013115,0.013114929
0.0,-0.02026,0.020263672
0.0,0.07275,0.072753906
0.0,-0.010086,0.01008606
0.0,-0.002455,0.0024547577
0.0,-0.00541,0.0054092407
0.0,0.0003533,0.00035333633
0.0,-0.01588,0.0158844
0.0,0.004074,0.0040740967
0.0,0.005733,0.00573349
0.0,-0.0246,0.024597168
0.0,0.03558,0.035583496
0.0,-0.01558,0.015579224
0.0,-0.01218,0.012176514
0.0,-0.05252,0.052520752
0.0,-0.01814,0.0181427
0.0,0.01139,0.011390686
0.0,0.001469,0.0014686584
0.0,-0.01469,0.0146865845
0.0,-0.000782,0.00078201294
0.0,-0.00124,0.0012397766
0.0,-0.02046,0.020462036
0.0,-0.0321,0.032104492
0.0,-0.01903,0.01902771
0.0,-0.01625,0.01625061
0.0,-0.0045,0.004501343
0.0,-0.006786,0.0067863464
0.0,-0.01093,0.010932922
0.0,-0.01002,0.010017395
0.0,-0.004135,0.004135132
0.0,-0.01271,0.012710571
0.0,-0.01802,0.01802063
0.0,-0.01404,0.014038086
0.0,-0.01334,0.013343811
0.0,0.01755,0.017547607
0.0,-0.02272,0.022720337
0.0,-0.004246,0.004245758
0.0,-0.001594,0.0015935898
0.0,0.002182,0.0021820068
0.0,-0.02182,0.021820068
0.0,-0.0341,0.034088135
0.0,-0.001287,0.0012874603
0.0,0.1162,0.11621094
0.0,0.0421,0.042114258
0.0,-0.01091,0.010910034
0.0,-3.43e-05,3.427267e-05
0.0,0.01371,0.013710022
0.0,0.01557,0.015571594
0.0,-0.000854,0.00085401535
0.0,-0.013214,0.013214111
0.0,-0.03113,0.03112793
0.0,-0.02283,0.022827148
0.0,-0.01816,0.018157959
0.0,-0.02937,0.029373169
0.0,-0.02182,0.021820068
0.0,-0.03696,0.036956787
0.0,-0.01013,0.010131836
0.0,0.003227,0.003227234
0.0,-0.0002359,0.00023591518
0.0,-0.005524,0.0055236816
0.0,-0.0006404,0.0006403923
0.0,-0.001541,0.0015411377
0.0,0.000671,0.0006709099
0.0,0.01227,0.012268066
0.0,-0.00871,0.008712769
0.0,0.02132,0.021316528
0.0,0.02596,0.0259552
0.0,0.002882,0.0028820038
0.0,-0.0006843,0.0006842613
0.0,-0.00589,0.0058898926
0.0,0.01654,0.016540527
0.0,-0.003065,0.0030651093
0.0,0.006264,0.006263733
0.0,0.00524,0.005241394
0.0,-0.01373,0.01373291
0.0,0.003582,0.0035820007
0.0,0.0946,0.09460449
0.0,-0.002092,0.0020923615
0.0,0.01917,0.019165039
0.0,0.01041,0.010406494
0.0,0.05225,0.052246094
0.0,0.00757,0.0075683594
0.0,-0.01093,0.010932922
0.0,0.009674,0.009674072
0.0,-0.02458,0.02458191
0.0,-0.0315,0.03149414
0.0,-0.01469,0.0146865845
0.0,-0.02727,0.027267456
0.0,-0.03827,0.038269043
0.0,-0.009056,0.009056091
0.0,-0.0159,0.015899658
0.0,0.03894,0.03894043
0.0,-0.0335,0.0335083
0.0,0.005035,0.0050354004
0.0,-0.06116,0.061157227
0.0,-0.03333,0.033325195
0.0,-0.0073,0.0073013306
0.0,-0.02855,0.028549194
0.0,0.002026,0.0020256042
0.0,-0.02153,0.021530151
0.0,0.0003972,0.00039720535
0.0,-0.01099,0.010986328
0.0,-0.03992,0.039916992
0.0,-0.03815,0.038146973
0.0,-0.01764,0.01763916
0.0,-0.01337,0.013366699
0.0,-0.01901,0.019012451
0.0,-0.02467,0.024673462
0.0,-0.02643,0.026428223
0.0,-0.0225,0.022506714
0.0,0.01875,0.018753052
0.0,-0.01859,0.018585205
0.0,-0.0343,0.034301758
0.0,-0.0104,0.010398865
0.0,-0.00723,0.0072288513
0.0,0.10016,0.10015869
0.0,9.9e-05,9.9003315e-05
0.0,0.000544,0.0005440712
0.0,-0.015205,0.015205383
0.0,0.007572,0.007572174
0.0,0.00249,0.00248909
0.0,0.4902,0.49023438
0.0,-0.012436,0.012435913
0.0,-0.005108,0.0051078796
0.0,-0.03293,0.032928467
0.0,0.1686,0.1685791
0.0,0.02676,0.026763916
0.0,0.003168,0.003168106
0.0,0.002342,0.0023422241
0.0,-0.003883,0.0038833618
0.0,-0.00133,0.0013303757
0.0,-0.00307,0.0030708313
0.0,-0.01552,0.0155181885
0.0,0.04565,0.045654297
0.0,-0.01189,0.011886597
0.0,-0.005447,0.0054473877
0.0,-0.005863,0.0058631897
0.0,-0.005783,0.005783081
0.0,0.0006127,0.00061273575
0.0,-0.01765,0.017654419
0.0,0.0272,0.02720642
0.0,0.001508,0.0015077591
0.0,0.0637,0.0637207
0.0,-0.04376,0.043762207
0.0,0.0516,0.051605225
0.0,-0.001526,0.0015258789
0.0,0.02292,0.022918701
0.0,0.01504,0.015037537
0.0,0.2588,0.25878906
0.0,0.4001,0.40014648
0.0,0.00803,0.008033752
0.0,-0.03708,0.037078857
0.0,-0.02362,0.023620605
0.0,0.12164,0.12164307
0.0,0.02034,0.020339966
0.0,-0.05215,0.05215454
0.0,0.00754,0.0075416565
0.0,-0.01153,0.011528015
0.0,-0.01359,0.013587952
0.0,-0.01167,0.011672974
0.0,0.1661,0.1661377
0.0,0.08844,0.08843994
0.0,0.01205,0.012046814
0.0,-0.0293,0.029296875
0.0,0.0004015,0.0004014969
0.0,0.02368,0.02368164
0.0,-0.01271,0.012710571
0.0,0.1346,0.13464355
0.0,0.1481,0.14807129
0.0,0.2366,0.23657227
0.0,0.01689,0.01689148
0.0,0.02744,0.027435303
0.0,0.04703,0.047027588
0.0,-0.00926,0.009262085
0.0,-0.00627,0.0062713623
0.0,-0.02711,0.027114868
0.0,0.00895,0.00894928
0.0,-0.03001,0.030014038
0.0,0.0318,0.031799316
0.0,0.02838,0.028381348
0.0,-0.04053,0.040527344
0.0,0.3896,0.38964844
0.0,-0.02173,0.021728516
0.0,-0.003445,0.0034446716
0.0,-0.0342,0.034210205
0.0,-0.00517,0.005168915
0.0,-0.008736,0.008735657
0.0,-0.00554,0.0055389404
0.0,-0.0064,0.006401062
0.0,0.01886,0.018859863
0.0,-0.03912,0.039123535
0.0,-0.001926,0.0019264221
0.0,-0.004642,0.0046424866
0.0,-0.01726,0.01725769
0.0,-0.00423,0.0042304993
0.0,-0.0103,0.010299683
0.0,0.02715,0.027145386
0.0,-0.007473,0.007472992
0.0,0.004333,0.004333496
0.0,-0.012955,0.012954712
0.0,-0.01846,0.018463135
0.0,-0.005703,0.0057029724
0.0,0.861,0.86083984
0.0,-0.00806,0.008056641
0.0,0.01962,0.019622803
0.0,0.004795,0.0047950745
0.0,-0.005993,0.0059928894
0.0,-0.00694,0.0069389343
0.0,0.0579,0.057891846
0.0,-0.01765,0.017654419
0.0,-0.005646,0.005645752
0.0,-0.03214,0.03213501
0.0,-0.003403,0.00340271
0.0,0.05646,0.05645752
0.0,-0.02223,0.022232056
0.0,0.01799,0.017990112
0.0,0.01478,0.014778137
0.0,-0.002914,0.0029144287
0.0,0.0456,0.04559326
0.0,0.004086,0.004085541
0.0,-0.03955,0.03955078
0.0,-0.011444,0.011444092
0.0,0.003675,0.0036754608
0.0,-0.01909,0.019088745
0.0,-0.0303,0.030303955
0.0,0.003286,0.0032863617
0.0,0.0768,0.07678223
0.0,0.001442,0.0014419556
0.0,0.00042,0.00042009354
0.0,0.00521,0.0052108765
0.0,0.005028,0.005027771
0.0,0.00842,0.008422852
0.0,0.01561,0.015609741
0.0,0.0508,0.050811768
0.0,-0.00572,0.005718231
0.0,0.003103,0.0031032562
0.0,-0.010574,0.010574341
0.0,-0.033,0.032989502
0.0,0.1558,0.15576172
0.0,0.06647,0.066467285
0.0,-0.011375,0.011375427
0.0,0.09357,0.093566895
0.0,0.00843,0.008430481
0.0,-0.01037,0.010368347
0.0,0.002735,0.002735138
0.0,-0.04645,0.046447754
0.0,-0.02737,0.027374268
0.0,0.06903,0.06903076
0.0,-0.0092,0.00920105
0.0,-0.01206,0.012062073
0.0,0.004314,0.0043144226
0.0,0.003325,0.0033245087
0.0,-0.02585,0.025848389
0.0,-0.02055,0.020553589
0.0,0.005318,0.005317688
0.0,-0.0003216,0.00032162666
0.0,-0.013565,0.0135650635
0.0,-0.01504,0.015037537
0.0,-0.03235,0.032348633
0.0,-0.004616,0.0046157837
0.0,-0.01631,0.016311646
0.0,-0.01584,0.015838623
0.0,0.002642,0.0026416779
0.0,0.004734,0.0047340393
0.0,0.3677,0.36767578
0.0,0.1021,0.10211182
0.0,0.01138,0.011383057
0.0,-0.010635,0.010635376
0.0,0.7847,0.78466797
0.0,0.03075,0.03074646
0.0,0.08374,0.083740234
0.0,-0.0163,0.016296387
0.0,-0.004795,0.0047950745
0.0,-0.009575,0.00957489
0.0,0.001269,0.0012693405
0.0,0.005547,0.00554657
0.0,-0.03546,0.035461426
0.0,0.01148,0.011482239
0.0,0.01203,0.012031555
0.0,-0.002195,0.0021953583
0.0,0.0541,0.054107666
0.0,0.006268,0.0062675476
0.0,-0.003006,0.0030059814
0.0,-0.0008745,0.00087451935
0.0,-0.03418,0.034179688
0.0,-0.03333,0.033325195
0.0,-0.0678,0.06781006
0.0,-0.04987,0.049865723
0.0,0.07587,0.0758667
0.0,0.07587,0.0758667
0.0,-0.000538,0.0005378723
0.0,-0.01839,0.01838684
0.0,-0.00591,0.005908966
0.0,-0.00848,0.008476257
0.0,0.0002697,0.0002696514
0.0,-0.02202,0.022018433
0.0,-0.01944,0.019439697
0.0,0.00131,0.0013103485
0.0,-0.02585,0.025848389
0.0,-0.02786,0.027862549
0.0,0.003208,0.0032081604
0.0,-0.002989,0.0029888153
0.0,-0.02298,0.022979736
0.0,0.1818,0.1817627
0.0,0.439,0.43896484
0.0,0.01528,0.015281677
0.0,-0.002024,0.002023697
0.0,-0.00938,0.009376526
0.0,0.003433,0.0034332275
0.0,-0.005985,0.00598526
0.0,0.01161,0.0116119385
0.0,-0.003654,0.00365448
0.0,-0.0126,0.01260376
0.0,-0.004745,0.0047454834
0.0,-0.03314,0.03314209
0.0,-0.03314,0.03314209
0.0,-0.0006967,0.0006966591
0.0,0.04007,0.04006958
0.0,0.04007,0.04006958
0.0,0.0353,0.035308838
0.0,0.0353,0.035308838
0.0,0.00996,0.00995636
0.0,-0.006428,0.006427765
0.0,-0.006428,0.006427765
0.0,0.005512,0.0055122375
0.0,0.005512,0.0055122375
0.0,-0.01648,0.016479492
0.0,-0.01648,0.016479492
0.0,0.00189,0.0018901825
0.0,-0.02136,0.021362305
0.0,0.01012,0.010116577
0.0,0.0194,0.01939392
0.0,-0.01562,0.015617371
0.0,-0.0322,0.032196045
0.0,-0.0118,0.011802673
0.0,0.2197,0.21972656
0.0,0.010345,0.010345459
0.0,0.000222,0.0002219677
0.0,0.002405,0.0024051666
0.0,0.01142,0.011421204
0.0,0.1534,0.15344238
0.0,-0.015526,0.015525818
0.0,-0.00649,0.0064888
0.0,-0.00653,0.0065307617
0.0,0.00413,0.004131317
0.0,0.09436,0.09436035
0.0,0.004528,0.0045280457
0.0,0.01746,0.017456055
0.0,-0.02698,0.026977539
0.0,-0.0438,0.043792725
0.0,0.008026,0.008026123
0.0,-0.00609,0.006088257
0.0,0.03226,0.03225708
0.0,-0.00719,0.0071907043
0.0,-0.013054,0.013053894
0.0,-0.00433,0.0043296814
0.0,-0.02147,0.021469116
0.0,-0.04733,0.047332764
0.0,-0.01534,0.015342712
0.0,-0.03662,0.036621094
0.0,-0.0185,0.018493652
0.0,-0.009186,0.009185791
0.0,-0.01283,0.012832642
0.0,-0.02277,0.022766113
0.0,-0.01122,0.011222839
0.0,0.01307,0.013069153
0.0,-0.00431,0.004310608
0.0,-0.01372,0.013717651
0.0,-0.00464,0.004638672
0.0,0.07635,0.07635498
0.0,0.01314,0.013137817
0.0,0.0494,0.04940796
0.0,-0.01256,0.012557983
0.0,-0.011406,0.011405945
0.0,0.00956,0.009559631
0.0,-0.02913,0.029129028
0.0,-0.04556,0.045562744
0.0,-0.006508,0.0065078735
0.0,-0.004997,0.0049972534
0.0,-0.01955,0.019546509
0.0,-0.01706,0.017059326
0.0,0.000177,0.0001770258
0.0,9.763e-05,9.763241e-05
0.0,0.00853,0.008529663
0.0,-0.03784,0.037841797
0.0,0.000563,0.0005631447
0.0,-0.00656,0.0065612793
0.0,-0.02277,0.022766113
0.0,-0.010216,0.010215759
0.0,-0.003553,0.0035533905
0.0,-0.01258,0.012580872
0.0,-0.0513,0.05130005
0.0,-0.01744,0.017440796
0.0,-0.01762,0.017623901
0.0,-0.03064,0.030639648
0.0,-0.00646,0.0064582825
0.0,-0.01987,0.019866943
0.0,-0.006443,0.0064430237
0.0,-0.011665,0.011665344
0.0,0.007904,0.007904053
0.0,-0.0002311,0.00023114681
0.0,-0.0141,0.014099121
0.0,-0.002348,0.0023479462
0.0,-0.004692,0.0046920776
0.0,0.01396,0.013961792
0.0,-0.001269,0.0012693405
0.0,-0.0575,0.057495117
0.0,-0.00849,0.008491516
0.0,-0.01116,0.011161804
0.0,-0.00509,0.005088806
0.0,-0.01065,0.010650635
0.0,-0.0541,0.054107666
0.0,0.007557,0.0075569153
0.0,0.0239,0.023895264
0.0,-0.01058,0.01058197
0.0,-0.005756,0.005756378
0.0,-0.01378,0.0137786865
0.0,0.0634,0.06341553
0.0,0.01794,0.017944336
0.0,-0.002043,0.0020427704
0.0,0.00103,0.0010299683
0.0,-0.012115,0.0121154785
0.0,-0.011734,0.011734009
0.0,0.0005374,0.0005373955
0.0,0.003101,0.0031013489
0.0,-0.0105,0.010498047
0.0,-0.05743,0.057434082
0.0,-0.02039,0.020385742
0.0,-0.003223,0.0032234192
0.0,-0.00479,0.0047912598
0.0,-0.00796,0.0079574585
0.0,-0.00164,0.0016403198
0.0,0.03174,0.03173828
0.0,-0.01,0.010002136
0.0,0.00159,0.0015897751
0.0,0.00877,0.008773804
0.0,-0.03078,0.030776978
0.0,-0.02779,0.027786255
0.0,0.03885,0.038848877
0.0,-0.01402,0.014022827
0.0,-0.01236,0.012359619
0.0,-0.0259,0.025894165
0.0,-0.005478,0.0054779053
0.0,-0.00654,0.006538391
0.0,0.02692,0.026916504
0.0,-0.0175,0.017501831
0.0,-0.0163,0.016296387
0.0,-0.0339,0.03390503
0.0,-0.002775,0.0027751923
0.0,0.03275,0.03274536
0.0,-0.03128,0.031280518
0.0,-0.0225,0.022506714
0.0,-0.022,0.022003174
0.0,0.003174,0.0031738281
0.0,-0.00779,0.007789612
0.0,-0.03876,0.038757324
0.0,-0.009834,0.00983429
0.0,-0.005295,0.0052948
0.0,-0.05774,0.057739258
0.0,0.00821,0.0082092285
0.0,-0.010704,0.0107040405
0.0,0.00866,0.008659363
0.0,0.2341,0.23413086
0.0,-0.01406,0.014060974
0.0,-0.0096,0.009597778
0.0,-0.01098,0.010978699
0.0,-0.04788,0.04788208
0.0,-0.0685,0.068481445
0.0,-0.02104,0.02104187
0.0,-0.008965,0.008964539
0.0,0.01747,0.017471313
0.0,0.02367,0.023666382
0.0,-0.01866,0.018661499
0.0,0.02487,0.024871826
0.0,-0.008255,0.008255005
0.0,0.02028,0.02027893
0.0,0.149,0.14904785
0.0,0.0742,0.07421875
0.0,0.0325,0.03250122
0.0,-0.0642,0.064208984
0.0,-0.005806,0.0058059692
0.0,-0.01555,0.015548706
0.0,-0.02864,0.028640747
0.0,-0.01241,0.012413025
0.0,-0.01631,0.016311646
0.0,-0.013115,0.013114929
0.0,0.07886,0.07885742
0.0,-0.006226,0.006225586
0.0,0.07104,0.07104492
0.0,-0.013435,0.013435364
0.0,0.01897,0.018966675
0.0,-0.04825,0.04824829
0.0,-0.000419,0.00041890144
0.0,-0.01509,0.015090942
0.0,0.0587,0.058685303
0.0,-0.03091,0.030914307
0.0,0.005,0.005001068
0.0,0.03278,0.03277588
0.0,-0.03668,0.03668213
0.0,-0.02904,0.029037476
0.0,-0.002388,0.0023880005
0.0,0.04315,0.043151855
0.0,-0.05948,0.05947876
0.0,-0.0518,0.05178833
0.0,-0.01165,0.011650085
0.0,-0.01112,0.011123657
0.0,0.01021,0.01020813
0.0,0.004528,0.0045280457
0.0,-0.005356,0.005355835
0.0,-0.03014,0.030136108
0.0,-0.01802,0.01802063
0.0,-0.00907,0.00907135
0.0,-0.001823,0.0018234253
0.0,-0.001527,0.0015268326
0.0,-0.008385,0.008384705
0.0,-0.01383,0.013832092
0.0,-0.006985,0.0069847107
0.0,-0.012695,0.0126953125
0.0,-0.01418,0.014183044
0.0,-0.01901,0.019012451
0.0,-0.01811,0.018112183
0.0,-0.002056,0.0020561218
0.0,-0.004944,0.0049438477
0.0,-0.01271,0.012710571
0.0,-0.01546,0.015457153
0.0,-3.89e-05,3.8921833e-05
0.0,-0.012054,0.012054443
0.0,-0.0697,0.06970215
0.0,-0.0005674,0.0005674362
0.0,-0.01391,0.013908386
0.0,0.003782,0.0037822723
0.0,-0.0842,0.084228516
0.0,0.004166,0.0041656494
0.0,0.002707,0.0027065277
0.0,0.0001723,0.00017225742
0.0,-0.04944,0.049438477
0.0,0.07184,0.07183838
0.0,-0.005447,0.0054473877
0.0,-0.00765,0.007648468
0.0,-0.00949,0.009490967
0.0,-0.0192,0.019195557
0.0,-0.1114,0.11138916
0.0,-0.01321,0.013206482
0.0,-0.02145,0.021453857
0.0,-0.1069,0.10687256
0.0,-0.06366,0.06365967
0.0,-0.01979,0.01979065
0.0,-0.02187,0.021865845
0.0,-0.005325,0.0053253174
0.0,-0.01335,0.01335144
0.0,-0.01817,0.018173218
0.0,-0.0272,0.02720642
0.0,0.005676,0.0056762695
0.0,0.10803,0.10803223
0.0,-0.02386,0.023864746
0.0,-0.01698,0.016983032
0.0,-0.00435,0.004348755
0.0,-0.01285,0.0128479
0.0,0.003628,0.003627777
0.0,-0.003727,0.0037269592
0.0,0.10266,0.10266113
0.0,-0.048,0.04800415
0.0,0.02357,0.02357483
0.0,0.002134,0.0021343231
0.0,-0.01475,0.01474762
0.0,-0.00752,0.0075187683
0.0,-0.00525,0.0052490234
0.0,-0.01156,0.011558533
0.0,-0.01357,0.013572693
0.0,-0.0468,0.046813965
0.0,-0.002934,0.0029335022
0.0,-0.0007496,0.000749588
0.0,-0.0001106,0.00011062622
0.0,-0.00407,0.004070282
0.0,-0.01636,0.016357422
0.0,-0.00835,0.008346558
0.0,0.002832,0.0028324127
0.0,0.001238,0.0012378693
0.0,-0.004353,0.0043525696
0.0,-0.0004797,0.00047969818
0.0,0.0623,0.062286377
0.0,0.002676,0.0026760101
0.0,0.004158,0.00415802
0.0,-0.0095,0.009498596
0.0,-0.00844,0.00843811
0.0,-0.0292,0.029205322
0.0,-0.00508,0.0050811768
0.0,-0.02045,0.020446777
0.0,-0.009445,0.00944519
0.0,0.00557,0.005569458
0.0,-0.00465,0.004650116
0.0,-0.01573,0.015731812
0.0,-0.01645,0.016448975
0.0,-6.944e-05,6.943941e-05
0.0,0.00344,0.003440857
0.0,-0.05676,0.056762695
0.0,-0.04932,0.049316406
0.0,-0.01614,0.016143799
0.0,-0.0289,0.028900146
0.0,-0.03314,0.03314209
0.0,-0.03342,0.033416748
0.0,-0.0409,0.040893555
0.0,-0.01473,0.014732361
0.0,-0.0397,0.03970337
0.0,0.0008364,0.0008363724
0.0,-0.00826,0.008262634
0.0,-0.00963,0.009628296
0.0,-0.0497,0.049713135
0.0,0.00525,0.0052490234
0.0,0.03183,0.031829834
0.0,-0.005207,0.005207062
0.0,-0.02066,0.0206604
0.0,-0.00491,0.0049095154
0.0,-0.004143,0.004142761
0.0,-0.02371,0.023712158
0.0,-0.005867,0.0058670044
0.0,0.02075,0.020751953
0.0,-0.04163,0.041625977
0.0,-0.01455,0.014549255
0.0,-0.05136,0.051361084
0.0,-0.01002,0.010017395
0.0,-0.007755,0.0077552795
0.0,0.01851,0.018508911
0.0,-0.0042,0.0041999817
0.0,-0.03223,0.032226562
0.0,-0.00331,0.0033092499
0.0,-0.01423,0.014228821
0.0,0.009834,0.00983429
0.0,-0.006348,0.0063476562
0.0,-0.02116,0.02116394
0.0,-0.02151,0.021514893
0.0,-0.02077,0.020767212
0.0,-0.009674,0.009674072
0.0,0.01405,0.014053345
0.0,-0.00877,0.008773804
0.0,-0.01326,0.013259888
0.0,-0.01765,0.017654419
0.0,0.03023,0.030227661
0.0,0.0006256,0.00062561035
0.0,-0.02722,0.02722168
0.0,-0.006084,0.006084442
0.0,-0.01825,0.018249512
0.0,-0.001696,0.0016956329
0.0,-0.03516,0.03515625
0.0,0.003714,0.0037136078
0.0,0.2612,0.26123047
0.0,0.001464,0.0014638901
0.0,0.0984,0.09838867
0.0,0.0008388,0.00083875656
0.0,0.01044,0.010437012
0.0,-0.0475,0.04748535
0.0,-0.006237,0.00623703
0.0,-0.01662,0.016616821
0.0,-0.0148,0.014801025
0.0,0.03427,0.03427124
0.0,0.006134,0.006134033
0.0,-0.0501,0.050109863
0.0,-0.001614,0.001613617
0.0,0.07886,0.07885742
0.0,0.1621,0.16210938
0.0,0.2837,0.2836914
0.0,0.11664,0.11663818
0.0,0.00832,0.008323669
0.0,-0.007694,0.0076942444
0.0,-0.0163,0.016296387
0.0,-0.001631,0.0016307831
0.0,0.03026,0.030258179
0.0,-0.03017,0.030166626
0.0,-0.004444,0.0044441223
0.0,0.007965,0.007965088
0.0,-0.007004,0.007003784
0.0,-0.00684,0.006839752
0.0,-0.012,0.012001038
0.0,-0.01678,0.016784668
0.0,-0.04205,0.042053223
0.0,-0.00306,0.0030593872
0.0,0.00418,0.004180908
0.0,-0.00989,0.009887695
0.0,-0.00298,0.0029792786
0.0,-0.01495,0.014953613
0.0,-0.0002096,0.00020956993
0.0,0.01315,0.013153076
0.0,-0.00519,0.005191803
0.0,0.001929,0.0019292831
0.0,0.00201,0.0020103455
0.0,-0.002707,0.0027065277
0.0,0.0004706,0.00047063828
0.0,0.01712,0.017120361
0.0,0.03427,0.03427124
0.0,0.03662,0.036621094
0.0,0.03876,0.038757324
0.0,-0.006577,0.006576538
0.0,0.02864,0.028640747
0.0,0.001974,0.0019741058
0.0,-0.02734,0.02734375
0.0,0.02394,0.02394104
0.0,-0.00716,0.007160187
0.0,0.004864,0.004863739
0.0,-0.00931,0.009307861
0.0,-0.00989,0.009887695
0.0,-0.03384,0.033843994
0.0,0.0248,0.024795532
0.0,0.02423,0.024230957
0.0,-0.002495,0.002494812
0.0,0.005886,0.005886078
0.0,-0.01109,0.01109314
0.0,-0.02245,0.022445679
0.0,-0.02663,0.026626587
0.0,-0.0234,0.023406982
0.0,-0.02632,0.026321411
0.0,-0.00938,0.009376526
0.0,0.002728,0.0027275085
0.0,-0.01336,0.01335907
0.0,-0.01383,0.013832092
0.0,0.005135,0.0051345825
0.0,0.1028,0.1027832
0.0,0.07806,0.078063965
0.0,0.0962,0.096191406
0.0,0.0647,0.064697266
0.0,0.013374,0.013374329
0.0,-0.00439,0.0043907166
0.0,-0.02463,0.024627686
0.0,-0.00874,0.008743286
0.0,-0.01718,0.017181396
0.0,-0.00644,0.006439209
0.0,-0.01688,0.01687622
0.0,0.0292,0.029205322
0.0,-0.006245,0.0062446594
0.0,-0.007763,0.007762909
0.0,0.00534,0.005340576
0.0,-0.004406,0.0044059753
0.0,-0.014786,0.014785767
0.0,-0.00899,0.008987427
0.0,0.1069,0.10687256
0.0,-0.0002809,0.0002808571
0.0,0.002281,0.002281189
0.0,0.04156,0.04156494
0.0,0.004215,0.0042152405
0.0,-0.006195,0.0061950684
0.0,-0.005436,0.0054359436
0.0,0.00151,0.0015096664
0.0,-0.007763,0.007762909
0.0,0.0007725,0.0007724762
0.0,-0.01921,0.019210815
0.0,-0.00551,0.005508423
0.0,0.002552,0.0025520325
0.0,-0.045,0.045013428
0.0,0.00447,0.004470825
0.0,0.0075,0.007499695
0.0,0.096,0.0960083
0.0,-0.00927,0.009269714
0.0,-0.01214,0.012138367
0.0,-0.003975,0.0039749146
0.0,-0.00819,0.00818634
0.0,-0.014366,0.01436615
0.0,0.02124,0.021240234
0.0,0.01846,0.018463135
0.0,0.00878,0.008781433
0.0,0.002626,0.002626419
0.0,0.007347,0.007347107
0.0,0.07904,0.07904053
0.0,-0.0183,0.018295288
0.0,-0.005035,0.0050354004
0.0,0.0939,0.09387207
0.0,0.2047,0.20471191
0.0,-0.0002651,0.00026512146
0.0,0.06537,0.06536865
0.0,0.02036,0.020355225
0.0,0.10504,0.105041504
0.0,-0.01392,0.013923645
0.0,-0.03662,0.036621094
0.0,-0.001373,0.001373291
0.0,-0.00908,0.0090789795
0.0,-0.00971,0.009712219
0.0,0.03079,0.030792236
0.0,-0.00146,0.0014600754
0.0,-0.00773,0.0077285767
0.0,-0.01727,0.01727295
0.0,-0.015495,0.0154953
0.0,-0.0361,0.036102295
0.0,-0.002783,0.0027828217
0.0,-0.005615,0.0056152344
0.0,-0.002312,0.0023117065
0.0,0.01694,0.016937256
0.0,0.1284,0.12841797
0.0,-0.07355,0.07354736
0.0,-0.013664,0.013664246
0.0,-0.01868,0.018676758
0.0,-0.0456,0.04559326
0.0,-0.002827,0.0028266907
0.0,-0.001678,0.0016784668
0.0,-0.003103,0.0031032562
0.0,-0.001379,0.0013790131
0.0,-0.001747,0.0017471313
0.0,0.00789,0.007888794
0.0,-0.02077,0.020767212
0.0,0.0498,0.049804688
0.0,0.01026,0.010261536
0.0,0.01817,0.018173218
0.0,-0.0318,0.031799316
0.0,-0.03232,0.032318115
0.0,-0.02188,0.021881104
0.0,0.0208,0.02079773
0.0,-0.02933,0.029327393
0.0,0.01797,0.017974854
0.0,-0.01043,0.010429382
0.0,-0.00949,0.009490967
0.0,-0.004276,0.0042762756
0.0,0.006313,0.006313324
0.0,-0.00968,0.009681702
0.0,-0.0158,0.015792847
0.0,0.007458,0.007457733
0.0,-0.03833,0.038330078
0.0,-0.000436,0.00043606758
0.0,0.003956,0.003955841
0.0,-0.013885,0.013885498
0.0,-0.01826,0.01826477
0.0,0.001704,0.001704216
0.0,0.1168,0.11682129
0.0,-0.001627,0.0016269684
0.0,-0.00409,0.0040893555
0.0,-0.0334,0.03338623
0.0,0.01036,0.010360718
0.0,-0.009544,0.009544373
0.0,-0.005276,0.0052757263
0.0,-0.01459,0.014587402
0.0,-0.02756,0.027557373
0.0,-0.01807,0.018066406
0.0,-0.01668,0.016677856
0.0,-0.00513,0.005130768
0.0,-0.00888,0.008880615
0.0,-0.00918,0.009178162
0.0,-0.0105,0.010498047
0.0,-0.00887,0.008872986
0.0,-0.01639,0.01638794
0.0,0.02538,0.025375366
0.0,0.000713,0.00071287155
0.0,-0.02602,0.026016235
0.0,0.00686,0.0068588257
0.0,-0.006027,0.0060272217
0.0,0.02005,0.020050049
0.0,-0.04028,0.040283203
0.0,-0.01303,0.013031006
0.0,0.02353,0.023529053
0.0,-0.0043,0.004299164
0.0,-0.0102,0.0102005005
0.0,-0.00992,0.009918213
0.0,-0.0111,0.011100769
0.0,-0.0224,0.022399902
0.0,-0.01386,0.01386261
0.0,-0.007904,0.007904053
0.0,-0.00607,0.0060691833
0.0,0.001109,0.0011091232
0.0,0.02438,0.024383545
0.0,-0.02103,0.021026611
0.0,0.00306,0.0030593872
0.0,-0.00861,0.008613586
0.0,-0.04953,0.04953003
0.0,0.03827,0.038269043
0.0,-0.0526,0.052612305
0.0,-0.00391,0.0039100647
0.0,-0.014275,0.014274597
0.0,0.00269,0.0026893616
0.0,-0.003813,0.00381279
0.0,-0.000511,0.00051116943
0.0,-0.00512,0.0051193237
0.0,-0.02466,0.024658203
0.0,-0.02069,0.020690918
0.0,-0.01372,0.013717651
0.0,-0.00413,0.004131317
0.0,-0.01694,0.016937256
0.0,-0.03378,0.03378296
0.0,-0.007774,0.007774353
0.0,-0.006607,0.0066070557
0.0,-0.002039,0.0020389557
0.0,-0.01561,0.015609741
0.0,-0.04883,0.048828125
0.0,0.002813,0.0028133392
0.0,-0.02516,0.025161743
0.0,-0.004684,0.0046844482
0.0,-0.01005,0.010047913
0.0,-0.006298,0.006298065
0.0,-0.002493,0.0024929047
0.0,-0.007008,0.007007599
0.0,0.147,0.14697266
0.0,-0.0287,0.028701782
0.0,-0.002638,0.0026378632
0.0,0.8716,0.87158203
0.0,0.3245,0.3244629
0.0,0.0722,0.07220459
0.0,0.10706,0.107055664
0.0,0.0397,0.03970337
0.0,0.02126,0.021255493
0.0,0.01718,0.017181396
0.0,0.002188,0.0021877289
0.0,0.01666,0.016662598
0.0,-0.01502,0.015022278
0.0,-0.01837,0.018371582
0.0,-0.002111,0.002111435
0.0,0.005276,0.0052757263
0.0,-0.00563,0.005630493
0.0,-0.0005665,0.00056648254
0.0,0.00729,0.0072898865
0.0,0.004505,0.0045051575
0.0,0.008606,0.008605957
0.0,-0.014084,0.014083862
0.0,-0.007072,0.0070724487
0.0,-0.02237,0.022369385
0.0,-0.01567,0.015670776
0.0,-4.715e-05,4.7147274e-05
0.0,-0.01056,0.010559082
0.0,-0.011284,0.0112838745
0.0,-0.01724,0.017242432
0.0,-0.05402,0.054016113
0.0,-0.05426,0.054260254
0.0,-0.02003,0.02003479
0.0,-0.01151,0.011512756
0.0,-0.006783,0.0067825317
0.0,-0.01347,0.013473511
0.0,-0.05075,0.050750732
0.0,0.03069,0.030685425
0.0,0.002863,0.0028629303
0.0,0.01582,0.015823364
0.0,-0.0038,0.0037994385
0.0,-0.012184,0.012184143
0.0,-0.00932,0.00932312
0.0,-0.014366,0.01436615
0.0,-0.04868,0.048675537
0.0,-0.04453,0.044525146
0.0,-0.001924,0.0019235611
0.0,0.0006967,0.0006966591
0.0,0.003317,0.0033168793
0.0,-0.000683,0.0006828308
0.0,0.09937,0.099365234
0.0,-0.01932,0.019317627
0.0,0.01736,0.017364502
0.0,-0.01964,0.019638062
0.0,-0.02171,0.021713257
0.0,-0.01096,0.01096344
0.0,0.005035,0.0050354004
0.0,-0.02618,0.026184082
0.0,0.02,0.020004272
0.0,0.000735,0.00073480606
0.0,-0.02184,0.021835327
0.0,0.02074,0.020736694
0.0,0.03043,0.030426025
0.0,-0.005165,0.0051651
0.0,0.0001651,0.00016510487
0.0,-0.006702,0.006702423
0.0,-0.02863,0.028625488
0.0,-0.0248,0.024795532
0.0,0.0096,0.009597778
0.0,-0.0073,0.0073013306
0.0,-0.02017,0.02017212
0.0,-0.000889,0.00088882446
0.0,-0.00922,0.009216309
0.0,-0.0316,0.031585693
0.0,-0.00586,0.005859375
0.0,0.00832,0.008323669
0.0,0.3096,0.3095703
0.0,-0.01168,0.011680603
0.0,-0.00887,0.008872986
0.0,-0.012535,0.012535095
0.0,-0.001676,0.0016756058
0.0,-0.00877,0.008773804
0.0,-0.002293,0.002292633
0.0,0.001451,0.0014505386
0.0,-0.01074,0.0107421875
0.0,6.44e-05,6.4373016e-05
0.0,0.00489,0.004890442
0.0,-0.009865,0.009864807
0.0,-0.01322,0.013221741
0.0,-0.001803,0.0018033981
0.0,-0.00976,0.009757996
0.0,-0.001755,0.0017547607
0.0,-0.00711,0.0071105957
0.0,-0.00963,0.009628296
0.0,-0.001776,0.0017757416
0.0,0.00241,0.0024108887
0.0,0.006294,0.0062942505
0.0,-0.00454,0.0045394897
0.0,-0.001546,0.0015459061
0.0,-0.0061,0.006099701
0.0,-0.00723,0.0072288513
0.0,-0.00753,0.0075302124
0.0,-0.004498,0.004497528
0.0,-0.0004392,0.00043916702
0.0,0.001626,0.0016260147
0.0,0.001918,0.001917839
0.0,0.02306,0.02305603
0.0,-0.01578,0.015777588
0.0,-0.00812,0.008117676
0.0,0.06616,0.06616211
0.0,-0.0067,0.0066986084
0.0,0.010185,0.010185242
0.0,0.04514,0.045135498
0.0,-0.01704,0.017044067
0.0,-0.0458,0.045806885
0.0,-0.0236,0.023605347
0.0,-0.00601,0.006008148
0.0,-0.01011,0.010108948
0.0,0.09247,0.09246826
0.0,-0.02045,0.020446777
0.0,-0.04666,0.046661377
0.0,-0.006042,0.0060424805
0.0,-0.01214,0.012138367
0.0,0.01656,0.016555786
0.0,-0.00104,0.0010404587
0.0,-0.014015,0.014015198
0.0,-0.01029,0.010292053
0.0,0.037,0.036987305
0.0,-0.02374,0.023742676
0.0,0.407,0.40698242
0.0,0.2009,0.20092773
0.0,-0.00806,0.008056641
0.0,-0.04333,0.04333496
0.0,-0.03745,0.03744507
0.0,-0.002714,0.002714157
0.0,-0.02534,0.025344849
0.0,-0.02652,0.026519775
0.0,-0.0872,0.08721924
0.0,-0.04874,0.048736572
0.0,-0.01784,0.017837524
0.0,-0.00709,0.007091522
0.0,0.1101,0.11010742
0.0,-0.01125,0.011253357
0.0,-0.0112,0.011199951
0.0,-0.02354,0.023544312
0.0,-0.01199,0.011993408
0.0,-0.02481,0.024810791
0.0,0.00135,0.0013504028
0.0,-0.015274,0.015274048
0.0,-0.00511,0.0051116943
0.0,-0.00433,0.0043296814
0.0,-0.0062,0.006198883
0.0,-0.02939,0.029388428
0.0,0.00704,0.0070381165
0.0,-0.0172,0.017196655
0.0,-0.01805,0.018051147
0.0,-0.002493,0.0024929047
0.0,-0.02362,0.023620605
0.0,-0.01889,0.01889038
0.0,-0.010605,0.010604858
0.0,-0.003386,0.0033855438
0.0,0.004044,0.004043579
0.0,-0.04453,0.044525146
0.0,-0.01373,0.01373291
0.0,-0.01296,0.012962341
0.0,-0.013,0.013000488
0.0,-0.01113,0.011131287
0.0,-0.0301,0.03010559
0.0,-0.02022,0.020217896
0.0,-0.02257,0.022567749
0.0,-0.0337,0.033691406
0.0,-0.02032,0.020324707
0.0,-0.008255,0.008255005
0.0,-0.013084,0.013084412
0.0,0.002625,0.0026245117
0.0,-0.01032,0.010322571
0.0,-0.010735,0.010734558
0.0,-0.005257,0.005256653
0.0,-0.01645,0.016448975
0.0,0.02107,0.021072388
0.0,0.673,0.67285156
0.0,0.10736,0.10736084
0.0,-0.001357,0.0013570786
0.0,0.08356,0.08355713
0.0,-0.01062,0.010620117
0.0,-0.01251,0.012512207
0.0,0.001269,0.0012693405
0.0,-0.005894,0.0058937073
0.0,0.007153,0.0071525574
0.0,-0.01822,0.018218994
0.0,0.000674,0.0006737709
0.0,0.003584,0.003583908
0.0,-0.01282,0.012817383
0.0,-0.0221,0.022094727
0.0,-0.005024,0.0050239563
0.0,-0.006702,0.006702423
0.0,0.00929,0.009292603
0.0,-0.0408,0.040802002
0.0,0.04233,0.04232788
0.0,0.7036,0.7036133
0.0,0.01749,0.017486572
0.0,0.001164,0.0011644363
0.0,-0.007683,0.0076828003
0.0,-0.003317,0.0033168793
0.0,0.1863,0.1862793
0.0,-0.02478,0.024780273
0.0,-0.009605,0.009605408
0.0,-0.011826,0.0118255615
0.0,-0.00796,0.0079574585
0.0,-0.003393,0.0033931732
0.0,-0.04733,0.047332764
0.0,0.00866,0.008659363
0.0,-0.010315,0.010314941
0.0,0.02176,0.021759033
0.0,-0.01282,0.012817383
0.0,0.002483,0.002483368
0.0,-0.002947,0.0029468536
0.0,-0.0005097,0.0005097389
0.0,-0.0211,0.021102905
0.0,0.2397,0.2397461
0.0,0.0897,0.08972168
0.0,-0.0942,0.094177246
0.0,-0.0688,0.06878662
0.0,0.01634,0.016342163
0.0,-0.01598,0.015975952
0.0,0.00901,0.009010315
0.0,0.02176,0.021759033
0.0,0.01965,0.01965332
0.0,0.233,0.23303223
0.0,-0.0489,0.04888916
0.0,-0.0271,0.02709961
0.0,0.00891,0.008911133
0.0,-0.003166,0.0031661987
0.0,-0.03366,0.03366089
0.0,0.6895,0.6894531
0.0,0.1791,0.17907715
0.0,-0.003777,0.0037765503
0.0,-0.01339,0.013389587
0.0,-0.01412,0.014122009
0.0,0.002903,0.0029029846
0.0,-0.02815,0.028152466
0.0,0.002346,0.0023460388
0.0,0.04993,0.049926758
0.0,-0.02751,0.027511597
0.0,-0.01407,0.0140686035
0.0,-0.0724,0.072387695
0.0,0.1182,0.1182251
0.0,-0.005722,0.005722046
0.0,-0.00773,0.0077285767
0.0,0.00893,0.008926392
0.0,-0.006977,0.0069770813
0.0,0.02934,0.029342651
0.0,-0.00278,0.0027809143
0.0,0.05057,0.050567627
0.0,-0.004726,0.00472641
0.0,-0.001638,0.0016384125
0.0,-0.001781,0.0017814636
0.0,-0.013535,0.013534546
0.0,-0.00917,0.009170532
0.0,-0.03079,0.030792236
0.0,0.04855,0.048553467
0.0,0.04855,0.048553467
0.0,-0.01257,0.012573242
0.0,-0.03607,0.036071777
0.0,-0.03607,0.036071777
0.0,0.013985,0.01398468
0.0,-0.0362,0.036193848
0.0,-0.00937,0.0093688965
0.0,-0.003956,0.003955841
0.0,-0.011696,0.011695862
0.0,-0.01778,0.01777649
0.0,-0.01103,0.0110321045
0.0,-0.011856,0.011856079
0.0,-0.03354,0.03353882
0.0,-0.003664,0.0036640167
0.0,-0.007496,0.00749588
0.0,-0.00989,0.009887695
0.0,-0.0332,0.033203125
0.0,-0.01437,0.014373779
0.0,-0.01833,0.018325806
0.0,-0.01395,0.013946533
0.0,-0.013275,0.0132751465
0.0,-0.006214,0.006214142
0.0,-0.01071,0.01071167
0.0,0.002552,0.0025520325
0.0,-0.02245,0.022445679
0.0,0.04312,0.043121338
0.0,0.1548,0.15478516
0.0,0.03116,0.031158447
0.0,0.02437,0.024368286
0.0,0.09125,0.09124756
0.0,0.001271,0.0012712479
0.0,-0.007454,0.0074539185
0.0,0.00919,0.00919342
0.0,0.006714,0.006713867
0.0,-0.005753,0.0057525635
0.0,0.4106,0.41064453
0.0,0.00605,0.00605011
0.0,-0.008156,0.008155823
0.0,0.1831,0.18310547
0.0,0.1637,0.16369629
0.0,-0.0006485,0.00064849854
0.0,-0.00532,0.0053215027
0.0,0.0116,0.01159668
0.0,0.01083,0.01083374
0.0,-0.02136,0.021362305
0.0,-0.03072,0.030715942
0.0,0.02933,0.029327393
0.0,-0.0064,0.006401062
0.0,-0.03705,0.03704834
0.0,-0.00917,0.009170532
0.0,-0.01857,0.018569946
0.0,0.119,0.119018555
0.0,0.0467,0.046691895
0.0,-0.001891,0.0018911362
0.0,-0.008354,0.008354187
0.0,-0.001455,0.001455307
0.0,-0.010895,0.010894775
0.0,-0.01752,0.01751709
0.0,-0.0279,0.027893066
0.0,-0.01109,0.01109314
0.0,-0.02464,0.024642944
0.0,-0.002916,0.002916336
0.0,0.00868,0.008682251
0.0,-0.0138,0.013801575
0.0,-0.005516,0.0055160522
0.0,0.01073,0.010726929
0.0,-0.02612,0.026123047
0.0,-0.003357,0.0033569336
0.0,0.002344,0.0023441315
0.0,-0.005856,0.0058555603
0.0,-0.005505,0.005504608
0.0,-0.01746,0.017456055
0.0,-0.00716,0.007160187
0.0,0.00663,0.006629944
0.0,0.05032,0.050323486
0.0,0.00236,0.0023593903
0.0,0.0256,0.025604248
0.0,0.066,0.065979004
0.0,0.005253,0.005252838
0.0,-0.05283,0.052825928
0.0,-0.01991,0.01991272
0.0,-0.02502,0.025024414
0.0,0.0004773,0.000477314
0.0,0.002485,0.0024852753
0.0,-0.00344,0.003440857
0.0,-0.00979,0.009788513
0.0,0.0177,0.017700195
0.0,-0.009285,0.009284973
0.0,0.004253,0.0042533875
0.0,0.003857,0.003856659
0.0,-0.01288,0.012878418
0.0,-0.013725,0.013725281
0.0,-0.01462,0.01461792
0.0,-0.001394,0.0013942719
0.0,-0.004093,0.00409317
0.0,-0.0005555,0.0005555153
0.0,-0.003208,0.0032081604
0.0,-0.008896,0.008895874
0.0,0.02744,0.027435303
0.0,-0.007492,0.0074920654
0.0,-0.00841,0.008407593
0.0,-0.04044,0.04043579
0.0,-0.03915,0.039154053
0.0,0.3276,0.32763672
0.0,0.01359,0.013587952
0.0,-0.002903,0.0029029846
0.0,-0.0062,0.006198883
0.0,-0.01203,0.012031555
0.0,-0.01141,0.011413574
0.0,-0.0463,0.046295166
0.0,0.02206,0.022064209
0.0,-0.02669,0.026687622
0.0,-0.02353,0.023529053
0.0,-0.02596,0.0259552
0.0,0.01773,0.017730713
0.0,0.00978,0.009780884
0.0,-0.0119,0.0119018555
0.0,-0.02591,0.025909424
0.0,-0.05267,0.05267334
0.0,0.03674,0.036743164
0.0,-0.004,0.0040016174
0.0,-0.0515,0.051513672
0.0,0.06744,0.06744385
0.0,-0.0004032,0.00040316582
0.0,0.01511,0.015106201
0.0,0.05005,0.050048828
0.0,0.000555,0.00055503845
0.0,0.002417,0.0024166107
0.0,0.01412,0.014122009
0.0,-0.01639,0.01638794
0.0,0.06186,0.06185913
0.0,0.04648,0.04647827
0.0,0.001048,0.0010480881
0.0,0.006195,0.0061950684
0.0,-0.0224,0.022399902
0.0,0.06824,0.068237305
0.0,-0.02591,0.025909424
0.0,0.1077,0.10772705
0.0,-0.03815,0.038146973
0.0,-0.007763,0.007762909
0.0,-0.0313,0.031311035
0.0,-0.01837,0.018371582
0.0,-0.0653,0.06530762
0.0,-0.0495,0.04949951
0.0,-0.00125,0.001250267
0.0,-0.04553,0.045532227
0.0,-0.02145,0.021453857
0.0,-0.02545,0.02545166
0.0,0.00484,0.004840851
0.0,0.0743,0.074279785
0.0,-0.00623,0.0062294006
0.0,0.1111,0.111083984
0.0,-0.01906,0.019058228
0.0,-0.006557,0.0065574646
0.0,0.04434,0.04434204
0.0,-0.001597,0.0015974045
0.0,-0.01214,0.012138367
0.0,-0.01846,0.018463135
0.0,-0.004612,0.004611969
0.0,0.0826,0.08258057
0.0,0.0297,0.029693604
0.0,-0.007053,0.0070533752
0.0,0.1289,0.12890625
0.0,-0.02214,0.022140503
0.0,-0.00692,0.006919861
0.0,-0.011566,0.011566162
0.0,-0.00923,0.009231567
0.0,-0.004417,0.0044174194
0.0,0.0015955,0.0015954971
0.0,0.00188,0.0018796921
0.0,0.1547,0.15466309
0.0,-0.004074,0.0040740967
0.0,0.0239,0.023895264
0.0,-0.00732,0.007320404
0.0,0.0227,0.022705078
0.0,0.0464,0.04638672
0.0,-0.04126,0.041259766
0.0,-0.002642,0.0026416779
0.0,-0.01085,0.010848999
0.0,-0.0008445,0.0008444786
0.0,-0.002161,0.002161026
0.0,-0.01859,0.018585205
0.0,-0.007275,0.0072746277
0.0,-0.002226,0.0022258759
0.0,-0.003325,0.0033245087
0.0,-0.02516,0.025161743
0.0,0.0346,0.034606934
0.0,0.01933,0.019332886
0.0,-0.003088,0.0030879974
0.0,0.02142,0.02142334
0.0,-0.02472,0.024719238
0.0,0.003372,0.0033721924
0.0,-0.01377,0.013771057
0.0,0.03738,0.037384033
0.0,-0.002611,0.0026111603
0.0,1.87e-05,1.8715858e-05
0.0,-0.007607,0.0076065063
0.0,-0.04916,0.04916382
0.0,-0.03345,0.033447266
0.0,-0.00989,0.009887695
0.0,-0.010056,0.010055542
0.0,-0.05383,0.053833008
0.0,-0.03207,0.032073975
0.0,-0.0144,0.0143966675
0.0,-0.02176,0.021759033
0.0,-0.00841,0.008407593
0.0,-0.065,0.06500244
0.0,-0.007427,0.0074272156
0.0,0.02126,0.021255493
0.0,-0.01067,0.010673523
0.0,0.5303,0.53027344
0.0,-0.0174,0.01739502
0.0,-0.005733,0.00573349
0.0,-0.007748,0.00774765
0.0,0.000549,0.00054883957
0.0,-0.00905,0.009048462
0.0,0.02557,0.02557373
0.0,-0.00661,0.0066108704
0.0,0.0004764,0.00047636032
0.0,-0.01813,0.018127441
0.0,-0.01006,0.010063171
0.0,0.00289,0.0028896332
0.0,0.0483,0.048309326
0.0,-0.01999,0.019989014
0.0,0.04666,0.046661377
0.0,-0.01772,0.017715454
0.0,0.00766,0.007659912
0.0,0.01471,0.014709473
0.0,-0.00767,0.007671356
0.0,-0.02148,0.021484375
0.0,-0.00753,0.0075302124
0.0,-0.00439,0.0043907166
0.0,-0.01082,0.010818481
0.0,0.01296,0.012962341
0.0,0.02415,0.024154663
0.0,-0.0075,0.007499695
0.0,-0.00416,0.0041618347
0.0,-0.01005,0.010047913
0.0,-0.004898,0.0048980713
0.0,-0.01637,0.01637268
0.0,-0.00477,0.0047683716
0.0,-0.007034,0.0070343018
0.0,-0.02983,0.029830933
0.0,0.10547,0.10546875
0.0,-0.04996,0.049957275
0.0,-0.03378,0.03378296
0.0,-0.03378,0.03378296
0.0,-0.0205,0.020492554
0.0,0.02509,0.02508545
0.0,-0.00559,0.0055885315
0.0,-0.002512,0.0025119781
0.0,0.07684,0.07684326
0.0,-0.015564,0.015563965
0.0,-0.01666,0.016662598
0.0,-0.01225,0.012252808
0.0,-0.08954,0.089538574
0.0,-0.012344,0.01234436
0.0,-0.001438,0.0014381409
0.0,0.001707,0.001707077
0.0,-0.0654,0.06542969
0.0,0.00889,0.008888245
0.0,-0.01907,0.019073486
0.0,-0.0052,0.0051994324
0.0,-0.002344,0.0023441315
0.0,0.02263,0.022628784
0.0,0.03586,0.035858154
0.0,-0.001482,0.0014820099
0.0,0.02322,0.023223877
0.0,-0.004032,0.004032135
0.0,-0.00836,0.008361816
0.0,0.0223,0.02229309
0.0,0.1172,0.1171875
0.0,-0.01721,0.017211914
0.0,-0.0467,0.046691895
0.0,-0.03958,0.0395813
0.0,0.003662,0.0036621094
0.0,-0.00384,0.0038394928
0.0,0.001523,0.0015230179
0.0,-0.00976,0.009757996
0.0,0.0017395,0.001739502
0.0,-0.002682,0.0026817322
0.0,-0.001777,0.0017766953
0.0,-0.07007,0.07006836
0.0,-0.04205,0.042053223
0.0,-0.02715,0.027145386
0.0,0.01921,0.019210815
0.0,-0.02225,0.022247314
0.0,-0.01859,0.018585205
0.0,-0.01275,0.012748718
0.0,-0.0223,0.02229309
0.0,-0.0309,0.030899048
0.0,0.0987,0.09869385
0.0,-0.02415,0.024154663
0.0,-0.00922,0.009216309
0.0,-0.03772,0.037719727
0.0,0.08966,0.089660645
0.0,-0.005363,0.0053634644
0.0,-0.02206,0.022064209
0.0,-0.0404,0.040405273
0.0,-0.01148,0.011482239
0.0,-0.00189,0.0018901825
0.0,-0.01776,0.01776123
0.0,-0.003233,0.003232956
0.0,-0.00531,0.0053100586
0.0,-0.01703,0.017028809
0.0,-0.005367,0.005367279
0.0,-0.03983,0.03982544
0.0,-0.03516,0.03515625
0.0,-0.038,0.037994385
0.0,0.2524,0.2524414
0.0,0.175,0.17504883
0.0,0.122,0.12200928
0.0,-0.01063,0.010627747
0.0,-0.03186,0.03186035
0.0,0.07544,0.07543945
0.0,-0.0271,0.02709961
0.0,-0.00876,0.008758545
0.0,-0.0158,0.015792847
0.0,-0.02907,0.029067993
0.0,-0.05505,0.05505371
0.0,0.00354,0.003540039
0.0,-0.002655,0.0026550293
0.0,-0.01839,0.01838684
0.0,-0.001382,0.0013818741
0.0,-0.00795,0.007949829
0.0,-0.04962,0.049621582
0.0,0.09735,0.097351074
0.0,-0.0624,0.062408447
0.0,-0.01843,0.018432617
0.0,-0.02118,0.0211792
0.0,-0.04898,0.048980713
0.0,0.05185,0.051849365
0.0,-0.006664,0.006664276
0.0,-0.02962,0.02961731
0.0,-0.0018425,0.0018424988
0.0,0.0061,0.006099701
0.0,-0.003792,0.003791809
0.0,-0.00851,0.008506775
0.0,0.003937,0.0039367676
0.0,-0.03014,0.030136108
0.0,-0.00882,0.00881958
0.0,0.01816,0.018157959
0.0,0.014786,0.014785767
0.0,0.001245,0.001244545
0.0,-0.02585,0.025848389
0.0,-0.01559,0.015586853
0.0,0.00541,0.0054092407
0.0,-0.001608,0.0016078949
0.0,-0.011154,0.011154175
0.0,-0.01764,0.01763916
0.0,-0.00736,0.007358551
0.0,-0.002481,0.0024814606
0.0,0.02692,0.026916504
0.0,-0.02252,0.022521973
0.0,-0.010124,0.010124207
0.0,-0.00825,0.0082473755
0.0,0.1354,0.13537598
0.0,-0.00966,0.0096588135
0.0,0.1605,0.16052246
0.0,-0.00874,0.008743286
0.0,-0.001374,0.0013742447
0.0,0.00788,0.007881165
0.0,-0.01694,0.016937256
0.0,-0.01119,0.011192322
0.0,-0.02155,0.02154541
0.0,-0.01506,0.015060425
0.0,-0.012146,0.012145996
0.0,-0.006874,0.0068740845
0.0,0.003275,0.0032749176
0.0,-0.01167,0.011672974
0.0,-0.0139,0.013900757
0.0,-0.00787,0.007873535
0.0,-0.003706,0.0037059784
0.0,0.01768,0.017684937
0.0,0.01405,0.014053345
0.0,0.1311,0.13110352
0.0,0.10693,0.106933594
0.0,-0.0351,0.035095215
0.0,0.00943,0.009429932
0.0,-0.02861,0.02861023
0.0,-0.01474,0.01473999
0.0,-0.00459,0.004589081
0.0,0.1087,0.10870361
0.0,-0.01354,0.013542175
0.0,-0.02261,0.022613525
0.0,-0.00511,0.0051116943
0.0,-0.0697,0.06970215
0.0,0.00784,0.007843018
0.0,0.1567,0.15673828
0.0,0.03723,0.037231445
0.0,0.01955,0.019546509
0.0,0.00448,0.0044784546
0.0,0.01232,0.012321472
0.0,0.1294,0.12939453
0.0,0.1326,0.13256836
0.0,-0.03516,0.03515625
0.0,-0.00675,0.0067481995
0.0,0.007965,0.007965088
0.0,0.003744,0.0037441254
0.0,-0.0388,0.03878784
0.0,0.00776,0.0077590942
0.0,-0.01217,0.012168884
0.0,-0.01945,0.019454956
0.0,-0.01796,0.017959595
0.0,-0.01665,0.016647339
0.0,0.001697,0.0016965866
0.0,0.002804,0.0028038025
0.0,-0.0158,0.015792847
0.0,-0.00647,0.0064697266
0.0,-0.005257,0.005256653
0.0,-0.00538,0.005378723
0.0,-0.00562,0.005619049
0.0,-0.01411,0.0141067505
0.0,-0.01422,0.014221191
0.0,-0.00961,0.009613037
0.0,-0.007687,0.007686615
0.0,-0.02171,0.021713257
0.0,-0.0225,0.022506714
0.0,-0.01682,0.016815186
0.0,-0.01108,0.011077881
0.0,-0.01776,0.01776123
0.0,-0.01863,0.018630981
0.0,-0.0189,0.01890564
0.0,-0.01181,0.011810303
0.0,-0.01895,0.018951416
0.0,-0.00874,0.008743286
0.0,-0.006,0.006000519
0.0,-0.007477,0.0074768066
0.0,-0.01403,0.014030457
0.0,-0.001033,0.0010328293
0.0,0.010254,0.010253906
0.0,0.1,0.099975586
0.0,0.384,0.3840332
0.0,0.003067,0.0030670166
0.0,-0.004753,0.004753113
0.0,-0.001227,0.0012273788
0.0,0.007645,0.0076446533
0.0,-0.00862,0.008621216
0.0,-0.0292,0.029205322
0.0,-0.01089,0.010887146
0.0,-0.00199,0.0019893646
0.0,-0.01993,0.019927979
0.0,2.55e-05,2.5510788e-05
0.0,-0.01886,0.018859863
0.0,-0.003807,0.0038070679
0.0,0.002283,0.0022830963
0.0,-0.004627,0.004627228
0.0,0.01768,0.017684937
0.0,-0.004734,0.0047340393
0.0,-0.01005,0.010047913
0.0,-0.009155,0.009155273
0.0,-0.007008,0.007007599
0.0,-0.004875,0.004875183
0.0,0.00429,0.0042915344
0.0,-0.01051,0.010513306
0.0,-0.01073,0.010726929
0.0,-0.01278,0.012779236
0.0,-0.01525,0.01525116
0.0,-0.02222,0.022216797
0.0,-0.003456,0.0034561157
0.0,0.004833,0.0048332214
0.0,-0.000921,0.00092077255
0.0,-0.02022,0.020217896
0.0,-0.01018,0.010177612
0.0,0.01805,0.018051147
0.0,-0.00417,0.004169464
0.0,-0.01636,0.016357422
0.0,-0.001429,0.0014286041
0.0,0.003832,0.0038318634
0.0,-0.00331,0.0033092499
0.0,-0.01111,0.011108398
0.0,-0.007935,0.00793457
0.0,-0.01868,0.018676758
0.0,-0.001331,0.0013313293
0.0,-0.002151,0.0021514893
0.0,-0.01591,0.015914917
0.0,-0.06152,0.061523438
0.0,-0.0446,0.04458618
0.0,-0.01564,0.015640259
0.0,-0.03687,0.036865234
0.0,-0.004105,0.0041046143
0.0,-0.00512,0.0051193237
0.0,-0.02946,0.029464722
0.0,-0.051,0.050994873
0.0,-0.01455,0.014549255
0.0,-0.02274,0.022735596
0.0,-0.02011,0.020111084
0.0,-0.00429,0.0042915344
0.0,-0.001158,0.0011577606
0.0,0.01848,0.018478394
0.0,0.00824,0.008239746
0.0,-0.0176,0.017593384
0.0,-0.00649,0.0064888
0.0,-0.01474,0.01473999
0.0,0.004173,0.004173279
0.0,0.0672,0.06719971
0.0,0.02751,0.027511597
0.0,-0.0006666,0.00066661835
0.0,-0.01224,0.012237549
0.0,0.02786,0.027862549
0.0,-0.01317,0.013168335
0.0,-0.013985,0.01398468
0.0,-0.02075,0.020751953
0.0,0.01526,0.015258789
0.0,0.00863,0.008628845
0.0,0.001685,0.0016851425
0.0,-0.009674,0.009674072
0.0,-0.00845,0.008453369
0.0,-0.02118,0.0211792
0.0,0.0007596,0.0007596016
0.0,-0.00594,0.0059394836
0.0,0.0001502,0.0001502037
0.0,-0.0005403,0.0005402565
0.0,-0.01714,0.01713562
0.0,-0.04245,0.04244995
0.0,0.02429,0.024291992
0.0,-0.008125,0.008125305
0.0,-0.00873,0.008728027
0.0,-0.00953,0.009529114
0.0,0.002258,0.0022583008
0.0,-0.01375,0.013748169
0.0,-0.02036,0.020355225
0.0,-0.002382,0.0023822784
0.0,0.00631,0.0063095093
0.0,-0.0915,0.0914917
0.0,-0.00265,0.0026493073
0.0,-0.005276,0.0052757263
0.0,-0.004,0.0040016174
0.0,0.02963,0.029632568
0.0,0.005814,0.0058135986
0.0,-0.01578,0.015777588
0.0,-0.00111,0.0011100769
0.0,-0.007156,0.007156372
0.0,-0.013725,0.013725281
0.0,-0.012,0.012001038
0.0,-0.00999,0.009986877
0.0,0.03967,0.03967285
0.0,-0.009964,0.009963989
0.0,-0.01924,0.019241333
0.0,-0.01139,0.011390686
0.0,-0.0002397,0.00023972988
0.0,-0.01309,0.013092041
0.0,-0.04727,0.04727173
0.0,0.004505,0.0045051575
0.0,0.00921,0.009208679
0.0,-0.02884,0.028839111
0.0,0.00884,0.008842468
0.0,-0.014626,0.014625549
0.0,-0.0005994,0.0005993843
0.0,0.02383,0.023834229
0.0,-0.00823,0.008232117
0.0,-0.02798,0.02798462
0.0,0.006752,0.006752014
0.0,0.005253,0.005252838
0.0,-0.02676,0.026763916
0.0,0.006443,0.0064430237
0.0,0.02147,0.021469116
0.0,0.0005527,0.00055265427
0.0,0.03638,0.036376953
0.0,0.03134,0.031341553
0.0,0.00855,0.008552551
0.0,0.2449,0.24487305
0.0,0.0339,0.03390503
0.0,-0.006134,0.006134033
0.0,-0.01886,0.018859863
0.0,-0.00525,0.0052490234
0.0,-0.0126,0.01260376
0.0,-0.000602,0.0006017685
0.0,-0.0071,0.0070991516
0.0,-0.03134,0.031341553
0.0,-0.00961,0.009613037
0.0,-0.008934,0.008934021
0.0,-0.003654,0.00365448
0.0,-0.01241,0.012413025
0.0,0.00758,0.0075798035
0.0,-0.0246,0.024597168
0.0,0.004784,0.0047836304
0.0,-0.04095,0.04095459
0.0,-0.002838,0.0028381348
0.0,0.0005627,0.00056266785
0.0,-0.00992,0.009918213
0.0,-0.03091,0.030914307
0.0,-0.00654,0.006538391
0.0,-0.03494,0.034942627
0.0,0.0129,0.012901306
0.0,-0.03662,0.036621094
0.0,-0.011,0.011001587
0.0,-0.00082,0.0008201599
0.0,0.00396,0.0039596558
0.0,-0.00999,0.009986877
0.0,0.005917,0.0059165955
0.0,-0.000976,0.00097608566
0.0,0.001179,0.0011787415
0.0,-0.0001068,0.00010681152
0.0,-0.00858,0.008583069
0.0,0.0004973,0.00049734116
0.0,-0.014626,0.014625549
0.0,-0.01039,0.010391235
0.0,0.02887,0.028869629
0.0,0.003647,0.0036468506
0.0,-0.03662,0.036621094
0.0,-0.03864,0.038635254
0.0,0.003475,0.0034751892
0.0,-0.0518,0.05178833
0.0,-0.0399,0.039886475
0.0,0.1414,0.14135742
0.0,0.317,0.31689453
0.0,0.5376,0.53759766
0.0,-0.01979,0.01979065
0.0,-0.007153,0.0071525574
0.0,-0.0121,0.01210022
0.0,-0.01573,0.015731812
0.0,-0.00783,0.007827759
0.0,-0.00988,0.009880066
0.0,-0.008545,0.008544922
0.0,-0.008255,0.008255005
0.0,-0.0010805,0.001080513
0.0,-0.0461,0.04611206
0.0,-0.01255,0.012550354
0.0,-0.01194,0.011940002
0.0,-0.01464,0.014640808
0.0,-0.0184,0.0184021
0.0,-0.00968,0.009681702
0.0,-0.02359,0.023590088
0.0,0.00513,0.005130768
0.0,-0.00978,0.009780884
0.0,0.01317,0.013168335
0.0,-0.007233,0.007232666
0.0,0.08966,0.089660645
0.0,-0.0514,0.0513916
0.0,0.03958,0.0395813
0.0,-0.002472,0.0024719238
0.0,-0.005596,0.005596161
0.0,-0.01276,0.012756348
0.0,-0.005127,0.005126953
0.0,-0.00718,0.0071792603
0.0,-0.00854,0.0085372925
0.0,-0.003155,0.0031547546
0.0,0.004135,0.004135132
0.0,0.007797,0.007797241
0.0,-0.002075,0.0020751953
0.0,-0.000844,0.00084400177
0.0,-0.015175,0.015174866
0.0,-0.01784,0.017837524
0.0,-0.006294,0.0062942505
0.0,0.02193,0.02192688
0.0,-0.006664,0.006664276
0.0,-0.002201,0.0022010803
0.0,0.03326,0.03326416
0.0,0.002317,0.0023174286
0.0,-0.005184,0.0051841736
0.0,-0.01918,0.019180298
0.0,0.001896,0.0018959045
0.0,-0.01682,0.016815186
0.0,-0.02917,0.029174805
0.0,-0.02039,0.020385742
0.0,-0.01726,0.01725769
0.0,-0.03348,0.033477783
0.0,-0.03906,0.0390625
0.0,-0.015045,0.015045166
0.0,0.009735,0.009735107
0.0,-0.002375,0.002374649
0.0,0.00961,0.009613037
0.0,-0.009674,0.009674072
0.0,-0.013016,0.013015747
0.0,-0.03064,0.030639648
0.0,-0.00289,0.0028896332
0.0,-0.01587,0.01586914
0.0,-0.008286,0.008285522
0.0,-0.01958,0.019577026
0.0,0.01741,0.017410278
0.0,-0.06104,0.061035156
0.0,0.05997,0.05996704
0.0,-0.02094,0.020935059
0.0,-0.02623,0.026229858
0.0,0.01413,0.014129639
0.0,0.01199,0.011993408
0.0,0.001248,0.0012483597
0.0,0.001248,0.0012483597
0.0,-0.0115,0.011497498
0.0,-0.00734,0.0073394775
0.0,0.02371,0.023712158
0.0,0.00864,0.008636475
0.0,0.00919,0.00919342
0.0,0.003376,0.003376007
0.0,-0.01746,0.017456055
0.0,-0.002073,0.002073288
0.0,0.002157,0.0021572113
0.0,-0.01851,0.018508911
0.0,-0.01648,0.016479492
0.0,-0.001092,0.0010919571
0.0,0.03543,0.03543091
0.0,-0.0003273,0.0003273487
0.0,-0.02312,0.023117065
0.0,0.0656,0.06561279
0.0,-0.01814,0.0181427
0.0,-0.02632,0.026321411
0.0,0.00314,0.0031394958
0.0,-0.03476,0.03475952
0.0,0.0007467,0.000746727
0.0,-0.006195,0.0061950684
0.0,0.01756,0.017562866
0.0,-0.0872,0.08721924
0.0,-0.00874,0.008743286
0.0,0.1552,0.15515137
0.0,-0.04953,0.04953003
0.0,-0.06616,0.06616211
0.0,0.1688,0.16882324
0.0,-0.02002,0.020019531
0.0,-0.002699,0.0026988983
0.0,-0.01251,0.012512207
0.0,-0.01268,0.012680054
0.0,0.01994,0.019943237
0.0,0.003338,0.00333786
0.0,-0.00524,0.005241394
0.0,-0.01093,0.010932922
0.0,-0.0333,0.033294678
0.0,0.008675,0.008674622
0.0,-0.02213,0.022125244
0.0,0.00489,0.004890442
0.0,-0.009636,0.009635925
0.0,-0.01027,0.010269165
0.0,0.000152,0.00015199184
0.0,0.006176,0.006175995
0.0,-0.00558,0.005580902
0.0,-0.003166,0.0031661987
0.0,0.1997,0.19970703
0.0,0.0004866,0.00048661232
0.0,-0.007065,0.0070648193
0.0,-0.003147,0.0031471252
0.0,0.004826,0.004825592
0.0,0.0001272,0.00012719631
0.0,0.004116,0.0041160583
0.0,-0.01149,0.011489868
0.0,-0.01131,0.011306763
0.0,0.00694,0.0069389343
0.0,-0.005985,0.00598526
0.0,-0.00165,0.0016498566
0.0,0.01015,0.010147095
0.0,0.007114,0.0071144104
0.0,0.001927,0.0019273758
0.0,0.010185,0.010185242
0.0,-0.00473,0.0047302246
0.0,-0.001833,0.001832962
0.0,0.00934,0.009338379
0.0,0.003134,0.0031337738
0.0,0.0842,0.084228516
0.0,-0.0004537,0.00045371056
0.0,-0.00854,0.0085372925
0.0,-0.011154,0.011154175
0.0,-0.006172,0.00617218
0.0,-0.00501,0.0050086975
0.0,0.6562,0.65625
0.0,0.769,0.76904297
0.0,0.5137,0.5136719
0.0,0.2754,0.27539062
0.0,-0.00933,0.0093307495
0.0,0.644,0.64404297
0.0,0.3564,0.3564453
0.0,0.00865,0.008651733
0.0,0.03513,0.035125732
0.0,0.002127,0.0021266937
0.0,-0.00479,0.0047912598
0.0,-0.01043,0.010429382
0.0,-0.005566,0.0055656433
0.0,-0.001922,0.0019216537
0.0,-0.0004137,0.00041365623
0.0,-0.046,0.04598999
0.0,0.005466,0.005466461
0.0,0.0006995,0.0006995201
0.0,-0.005592,0.005592346
0.0,-0.01442,0.014419556
0.0,-0.0671,0.06707764
0.0,0.010315,0.010314941
0.0,-0.01976,0.019760132
0.0,0.02873,0.0287323
0.0,-0.02086,0.020858765
0.0,-0.01826,0.01826477
0.0,0.5645,0.5644531
0.0,0.00103,0.0010299683
0.0,-0.0542,0.05419922
0.0,-0.01923,0.019226074
0.0,-0.02026,0.020263672
0.0,-0.00622,0.0062217712
0.0,0.02422,0.024215698
0.0,0.02737,0.027374268
0.0,-0.01816,0.018157959
0.0,-0.00911,0.009109497
0.0,0.04214,0.042144775
0.0,-0.02927,0.029266357
0.0,-0.03326,0.03326416
0.0,0.000924,0.0009241104
0.0,-0.025,0.024993896
0.0,0.000626,0.0006260872
0.0,0.012115,0.0121154785
0.0,-0.000891,0.00089120865
0.0,-0.01253,0.012527466
0.0,-0.02315,0.023147583
0.0,-0.002043,0.0020427704
0.0,0.06097,0.06097412
0.0,0.01358,0.013580322
0.0,-0.00779,0.007789612
0.0,-0.03668,0.03668213
0.0,0.2284,0.22839355
0.0,0.00153,0.0015296936
0.0,0.004925,0.004924774
0.0,0.02054,0.02053833
0.0,-0.00786,0.007858276
0.0,0.03635,0.036346436
0.0,-0.00801,0.008010864
0.0,-0.0438,0.043792725
0.0,-0.01767,0.017669678
0.0,0.00601,0.006008148
0.0,-0.02576,0.025756836
0.0,0.3604,0.36035156
0.0,-0.000506,0.0005059242
0.0,0.00794,0.0079422
0.0,-0.0183,0.018295288
0.0,-0.02107,0.021072388
0.0,-0.01573,0.015731812
0.0,-0.02591,0.025909424
0.0,-0.02422,0.024215698
0.0,-0.0396,0.039611816
0.0,0.1018,0.10180664
0.0,-0.01362,0.013618469
0.0,0.01103,0.0110321045
0.0,-0.001987,0.0019874573
0.0,0.00363,0.0036296844
0.0,0.01607,0.016067505
0.0,0.1656,0.16564941
0.0,0.02293,0.02293396
0.0,0.0415,0.041503906
0.0,0.04727,0.04727173
0.0,0.02591,0.025909424
0.0,0.00905,0.009048462
0.0,0.00892,0.008918762
0.0,-0.006046,0.006046295
0.0,0.00354,0.003540039
0.0,0.001749,0.0017490387
0.0,0.02208,0.022079468
0.0,0.2122,0.2121582
0.0,0.03333,0.033325195
0.0,-0.00764,0.0076408386
0.0,0.00166,0.001660347
0.0,0.00166,0.001660347
0.0,-0.00412,0.004119873
0.0,-0.02724,0.027236938
0.0,-0.001957,0.0019569397
0.0,-0.02724,0.027236938
0.0,0.01297,0.012969971
0.0,-0.001324,0.0013237
0.0,0.11255,0.11254883
0.0,0.06555,0.06555176
0.0,-0.00962,0.0096206665
0.0,-0.01413,0.014129639
0.0,-0.01455,0.014549255
0.0,-0.0004294,0.00042939186
0.0,-0.0004294,0.00042939186
0.0,-0.00716,0.007160187
0.0,0.001799,0.0017986298
0.0,0.04736,0.04736328
0.0,0.005283,0.0052833557
0.0,-0.0114,0.011398315
0.0,-0.00021,0.00021004677
0.0,-0.006203,0.0062026978
0.0,-0.006203,0.0062026978
0.0,-0.00513,0.005130768
0.0,-0.00513,0.005130768
0.0,-0.005993,0.0059928894
0.0,-0.00716,0.007160187
0.0,-0.005993,0.0059928894
0.0,-0.01093,0.010932922
0.0,-0.01093,0.010932922
0.0,0.02214,0.022140503
0.0,0.02849,0.02848816
0.0,0.03693,0.03692627
0.0,-0.0174,0.01739502
0.0,-0.0174,0.01739502
0.0,-0.000418,0.00041794777
0.0,-0.000418,0.00041794777
0.0,-0.01709,0.017089844
0.0,-0.00591,0.005908966
0.0,0.01234,0.012336731
0.0,0.01234,0.012336731
0.0,0.03067,0.030670166
0.0,0.03067,0.030670166
0.0,0.018,0.018005371
0.0,0.018,0.018005371
0.0,-0.00835,0.008346558
0.0,-0.00938,0.009376526
0.0,0.00112,0.0011196136
0.0,-0.01306,0.013061523
0.0,-0.01309,0.013092041
0.0,-0.03296,0.032958984
0.0,-0.003464,0.0034637451
0.0,-0.02081,0.020812988
0.0,-0.01441,0.014411926
0.0,-0.006794,0.006793976
0.0,0.000959,0.0009589195
0.0,0.003016,0.0030155182
0.0,0.0356,0.035614014
0.0,0.0726,0.0725708
0.0,0.0006866,0.0006866455
0.0,-0.01002,0.010017395
0.0,-0.01643,0.016433716
0.0,-0.01643,0.016433716
0.0,-0.00826,0.008262634
0.0,-0.002453,0.0024528503
0.0,-0.002453,0.0024528503
0.0,-0.002733,0.0027332306
0.0,0.007324,0.0073242188
0.0,-0.004402,0.0044021606
0.0,-0.01588,0.0158844
0.0,-0.006943,0.006942749
0.0,-0.01097,0.010971069
0.0,0.00853,0.008529663
0.0,-0.00642,0.0064201355
0.0,0.007904,0.007904053
0.0,0.0147,0.014701843
0.0,0.00875,0.0087509155
0.0,0.001338,0.0013380051
0.0,-0.03168,0.031677246
0.0,0.00916,0.009162903
0.0,-0.06247,0.062469482
0.0,0.606,0.60595703
0.0,0.02322,0.023223877
0.0,0.2296,0.22961426
0.0,-0.013985,0.01398468
0.0,0.1147,0.11468506
0.0,-0.001966,0.0019664764
0.0,-0.01495,0.014953613
0.0,-0.02269,0.02268982
0.0,-0.01718,0.017181396
0.0,-0.01387,0.013870239
0.0,-0.01917,0.019165039
0.0,0.000517,0.0005168915
0.0,-0.01278,0.012779236
0.0,-0.0006485,0.00064849854
0.0,0.0733,0.07330322
0.0,0.096,0.0960083
0.0,-0.03085,0.030853271
0.0,-0.00458,0.0045814514
0.0,0.0802,0.080200195
0.0,0.1423,0.14233398
0.0,0.004555,0.0045547485
0.0,0.004154,0.0041542053
0.0,0.001914,0.0019140244
0.0,-0.0366,0.036590576
0.0,-0.01965,0.01965332
0.0,0.02983,0.029830933
0.0,0.03102,0.031021118
0.0,-0.001847,0.0018472672
0.0,0.002274,0.0022735596
0.0,-0.048,0.04800415
0.0,-0.0638,0.06378174
0.0,0.01845,0.018447876
0.0,0.0045,0.004501343
0.0,0.01976,0.019760132
0.0,-0.00568,0.005680084
0.0,0.0793,0.07928467
0.0,-0.01888,0.018875122
0.0,-0.04373,0.04373169
0.0,-0.01654,0.016540527
0.0,0.0415,0.041503906
0.0,-0.006466,0.006465912
0.0,-0.02643,0.026428223
0.0,-0.0504,0.05041504
0.0,-0.0484,0.04840088
0.0,-0.05405,0.05404663
0.0,-4.673e-05,4.673004e-05
0.0,-0.01811,0.018112183
0.0,-0.001715,0.0017147064
0.0,-0.04895,0.048950195
0.0,-0.009964,0.009963989
0.0,-0.014786,0.014785767
0.0,-0.01656,0.016555786
0.0,-0.02913,0.029129028
0.0,-0.00919,0.00919342
0.0,-0.005127,0.005126953
0.0,0.01407,0.0140686035
0.0,-0.00918,0.009178162
0.0,-0.00169,0.0016899109
0.0,-0.01883,0.018829346
0.0,-0.0375,0.037506104
0.0,-0.05106,0.05105591
0.0,0.0057,0.0056991577
0.0,-0.00976,0.009757996
0.0,-0.00845,0.008453369
0.0,-0.02626,0.026260376
0.0,-0.001135,0.0011348724
0.0,-0.06168,0.061676025
0.0,-0.01194,0.011940002
0.0,-0.01945,0.019454956
0.0,0.007072,0.0070724487
0.0,-0.0721,0.07208252
0.0,-0.0004675,0.00046753883
0.0,-0.02925,0.029251099
0.0,-0.02269,0.02268982
0.0,0.01663,0.01663208
0.0,0.0312,0.031204224
0.0,-0.007347,0.007347107
0.0,-0.00463,0.0046310425
0.0,-0.04102,0.041015625
0.0,-0.02625,0.026245117
0.0,-0.0039,0.003900528
0.0,-0.02649,0.026489258
0.0,0.00875,0.0087509155
0.0,-0.02704,0.027038574
0.0,-0.03017,0.030166626
0.0,-0.012344,0.01234436
0.0,-1.51e-05,1.5079975e-05
0.0,-0.002789,0.0027885437
0.0,0.007412,0.007411957
0.0,-0.01012,0.010116577
0.0,-0.00641,0.0064086914
0.0,0.02919,0.029190063
0.0,-0.01145,0.011451721
0.0,-0.0273,0.027297974
0.0,3.79e-05,3.7908554e-05
0.0,-0.008644,0.008644104
0.0,-0.002462,0.002462387
0.0,0.01277,0.012771606
0.0,-0.01459,0.014587402
0.0,0.01633,0.016326904
0.0,0.006527,0.006526947
0.0,-0.0628,0.062805176
0.0,-0.02443,0.024429321
0.0,-0.03238,0.03237915
0.0,0.1796,0.17956543
0.0,0.05743,0.057434082
0.0,0.05276,0.052764893
0.0,0.10406,0.10406494
0.0,0.004242,0.0042419434
0.0,-0.00775,0.007751465
0.0,0.05194,0.051940918
0.0,0.4575,0.45751953
0.0,0.01169,0.011688232
0.0,0.01372,0.013717651
0.0,-0.02037,0.020370483
0.0,-4.19e-05,4.1902065e-05
0.0,-0.01971,0.019714355
0.0,0.0313,0.031311035
0.0,0.5796,0.57958984
0.0,-0.02063,0.020629883
0.0,0.2351,0.23510742
0.0,0.337,0.33691406
0.0,0.01909,0.019088745
0.0,-0.003914,0.0039138794
0.0,-0.01117,0.011169434
0.0,-0.0677,0.06768799
0.0,0.01566,0.015655518
0.0,0.0017605,0.0017604828
0.0,-0.01993,0.019927979
0.0,-0.04456,0.044555664
0.0,-0.04443,0.044433594
0.0,0.01373,0.01373291
0.0,-0.0413,0.041290283
0.0,0.04663,0.04663086
0.0,0.2115,0.21154785
0.0,0.10016,0.10015869
0.0,-0.0269,0.026901245
0.0,-0.005615,0.0056152344
0.0,0.0719,0.071899414
0.0,0.01845,0.018447876
0.0,-0.02727,0.027267456
0.0,-0.000851,0.0008511543
0.0,0.0006967,0.0006966591
0.0,-0.006306,0.0063056946
0.0,-0.012375,0.012374878
0.0,0.08124,0.08123779
0.0,0.06433,0.064331055
0.0,0.007027,0.0070266724
0.0,0.2024,0.20239258
0.0,-0.010254,0.010253906
0.0,0.0909,0.09088135
0.0,0.3625,0.36254883
0.0,0.411,0.41088867
0.0,-0.00813,0.008132935
0.0,0.04642,0.046417236
0.0,-0.03677,0.03677368
0.0,0.03864,0.038635254
0.0,-0.00641,0.0064086914
0.0,-0.002981,0.002981186
0.0,-0.006718,0.006717682
0.0,-0.002443,0.0024433136
0.0,-0.01144,0.011436462
0.0,-0.002792,0.0027923584
0.0,-0.006996,0.006996155
0.0,-0.001816,0.0018157959
0.0,-0.01162,0.011619568
0.0,-0.01354,0.013542175
0.0,-0.00813,0.008132935
0.0,-0.02406,0.02406311
0.0,-0.02086,0.020858765
0.0,-0.02052,0.020523071
0.0,-0.00793,0.007926941
0.0,-0.01227,0.012268066
0.0,-0.00855,0.008552551
0.0,-0.02385,0.023849487
0.0,0.00277,0.0027694702
0.0,0.014404,0.014404297
0.0,-0.004173,0.004173279
0.0,-0.01938,0.019378662
0.0,-0.05597,0.05596924
0.0,-0.02782,0.027816772
0.0,0.1191,0.11907959
0.0,-0.007545,0.007545471
0.0,-0.02505,0.025054932
0.0,-0.003485,0.003484726
0.0,-0.03778,0.03778076
0.0,-0.014694,0.014694214
0.0,0.05515,0.055145264
0.0,0.1951,0.19506836
0.0,0.01744,0.017440796
0.0,-0.01794,0.017944336
0.0,-0.01457,0.014572144
0.0,-0.01976,0.019760132
0.0,0.00618,0.0061798096
0.0,-0.0004225,0.00042247772
0.0,-0.00836,0.008361816
0.0,-0.003637,0.0036373138
0.0,-0.03726,0.037261963
0.0,-0.01654,0.016540527
0.0,-0.01927,0.01927185
0.0,-0.01155,0.011550903
0.0,-0.003027,0.0030269623
0.0,-0.01874,0.018737793
0.0,0.00829,0.008293152
0.0,0.01222,0.01222229
0.0,-0.04102,0.041015625
0.0,-0.04993,0.049926758
0.0,0.01208,0.012077332
0.0,-0.012085,0.012084961
0.0,-0.007145,0.007144928
0.0,-0.0413,0.041290283
0.0,-0.01179,0.011787415
0.0,-0.04214,0.042144775
0.0,0.0325,0.03250122
0.0,-0.003788,0.0037879944
0.0,0.0186,0.018600464
0.0,-0.010506,0.010505676
0.0,-0.010506,0.010505676
0.0,0.3596,0.35961914
0.0,0.308,0.30810547
0.0,0.1757,0.17565918
0.0,0.0611,0.06109619
0.0,-0.000201,0.00020098686
0.0,-0.002296,0.0022964478
0.0,0.003235,0.0032348633
0.0,-0.003788,0.0037879944
0.0,0.0772,0.07720947
0.0,0.02943,0.029434204
0.0,0.166,0.16601562
0.0,0.1058,0.105773926
0.0,0.16,0.16003418
0.0,0.012215,0.012214661
0.0,-0.04123,0.041229248
0.0,-0.04123,0.041229248
0.0,0.1957,0.19567871
0.0,0.01115,0.011146545
0.0,0.4949,0.49487305
0.0,0.398,0.39794922
0.0,0.0186,0.018600464
0.0,-0.0011015,0.0011014938
0.0,-0.02821,0.028213501
0.0,0.0772,0.07720947
0.0,-0.010315,0.010314941
0.0,-0.013695,0.013694763
0.0,-0.01529,0.015289307
0.0,0.003506,0.0035057068
0.0,0.6655,0.66552734
0.0,0.01542,0.015419006
0.0,-0.007698,0.007698059
0.0,0.0033,0.0032997131
0.0,-0.003176,0.0031757355
0.0,-0.01169,0.011688232
0.0,-0.0566,0.056610107
0.0,-0.0176,0.017593384
0.0,0.0306,0.030593872
0.0,-0.009026,0.009025574
0.0,-0.005623,0.005622864
0.0,0.03946,0.03945923
0.0,-0.004227,0.0042266846
0.0,-0.004704,0.0047035217
0.0,-0.004818,0.0048179626
0.0,0.002222,0.0022220612
0.0,0.3455,0.34545898
0.0,0.4702,0.47021484
0.0,-0.010284,0.010284424
0.0,-0.002611,0.0026111603
0.0,-0.01112,0.011123657
0.0,-0.07654,0.076538086
0.0,0.02951,0.029510498
0.0,0.1205,0.1204834
0.0,0.001494,0.0014944077
0.0,-0.0104,0.010398865
0.0,0.1351,0.13513184
0.0,-0.0004156,0.00041556358
0.0,-0.002996,0.0029964447
0.0,-0.002245,0.0022449493
0.0,-0.00585,0.0058517456
0.0,-0.07605,0.076049805
0.0,-0.07623,0.07623291
0.0,0.01477,0.014770508
0.0,-0.007416,0.0074157715
0.0,0.006184,0.0061836243
0.0,-0.00435,0.004348755
0.0,0.0007324,0.0007324219
0.0,0.03717,0.03717041
0.0,-0.00439,0.0043907166
0.0,-0.00010574,0.00010573864
0.0,-0.0076,0.007598877
0.0,0.01396,0.013961792
0.0,-0.01113,0.011131287
0.0,-0.002245,0.0022449493
0.0,0.0193,0.019302368
0.0,-0.01041,0.010406494
0.0,-0.02367,0.023666382
0.0,-0.02838,0.028381348
0.0,-0.007233,0.007232666
0.0,0.01958,0.019577026
0.0,-0.02371,0.023712158
0.0,-0.00982,0.009819031
0.0,0.01996,0.019958496
0.0,-0.01558,0.015579224
0.0,-0.002188,0.0021877289
0.0,-0.015076,0.015075684
0.0,0.00622,0.0062217712
0.0,-0.0259,0.025894165
0.0,-0.09174,0.09173584
0.0,-0.02412,0.024124146
0.0,-0.01272,0.012718201
0.0,-0.006844,0.006843567
0.0,-0.0662,0.066223145
0.0,-0.03357,0.033569336
0.0,0.002481,0.0024814606
0.0,0.00223,0.0022296906
0.0,-0.003292,0.0032920837
0.0,-0.00997,0.009971619
0.0,0.02095,0.020950317
0.0,0.00998,0.009979248
0.0,-0.007145,0.007144928
0.0,-0.04858,0.048583984
0.0,-0.01215,0.0121536255
0.0,-0.04312,0.043121338
0.0,-0.01489,0.014892578
0.0,-0.00694,0.0069389343
0.0,-0.01575,0.01574707
0.0,-0.0433,0.043304443
0.0,-0.02899,0.0289917
0.0,-0.00945,0.00945282
0.0,0.01527,0.015266418
0.0,-0.003906,0.00390625
0.0,-0.03038,0.030380249
0.0,-0.02173,0.021728516
0.0,-0.0019245,0.0019245148
0.0,0.01825,0.018249512
0.0,-0.03818,0.03817749
0.0,-0.007736,0.007736206
0.0,-0.002506,0.002506256
0.0,-0.04318,0.043182373
0.0,-0.06537,0.06536865
0.0,0.00333,0.0033302307
0.0,0.001359,0.0013589859
0.0,-0.0008802,0.0008802414
0.0,0.002209,0.0022087097
0.0,-0.002718,0.0027179718
0.0,-0.04715,0.04714966
0.0,-0.00289,0.0028896332
0.0,-0.006725,0.0067253113
0.0,-0.0358,0.03579712
0.0,-0.00694,0.0069389343
0.0,-0.00943,0.009429932
0.0,-0.0114,0.011398315
0.0,-0.00998,0.009979248
0.0,0.002724,0.0027236938
0.0,0.004345,0.00434494
0.0,-0.03348,0.033477783
0.0,-0.001461,0.001461029
0.0,0.001331,0.0013313293
0.0,-0.04715,0.04714966
0.0,-0.014984,0.014984131
0.0,-0.010124,0.010124207
0.0,-0.00604,0.006038666
0.0,-0.01216,0.012161255
0.0,-0.02214,0.022140503
0.0,-0.00265,0.0026493073
0.0,-0.05182,0.051818848
0.0,0.1277,0.12768555
0.0,-0.0293,0.029296875
0.0,-0.0393,0.03930664
0.0,0.001313,0.0013132095
0.0,0.00906,0.009063721
0.0,0.01906,0.019058228
0.0,0.004253,0.0042533875
0.0,0.02724,0.027236938
0.0,0.002476,0.0024757385
0.0,0.0001463,0.0001462698
0.0,-0.0228,0.02279663
0.0,-0.0043,0.004299164
0.0,-0.008865,0.008865356
0.0,-0.007797,0.007797241
0.0,0.00472,0.0047187805
0.0,-0.07,0.070007324
0.0,-0.0586,0.05859375
0.0,-0.04837,0.04837036
0.0,-0.02878,0.028778076
0.0,0.003014,0.0030136108
0.0,-0.014786,0.014785767
0.0,-0.001323,0.0013227463
0.0,-0.077,0.07702637
0.0,0.003405,0.0034046173
0.0,-0.01683,0.016830444
0.0,0.1835,0.18347168
0.0,0.04163,0.041625977
0.0,0.11365,0.11364746
0.0,-0.006718,0.006717682
0.0,-0.00901,0.009010315
0.0,-0.02492,0.024917603
0.0,-0.01689,0.01689148
0.0,-0.01188,0.011878967
0.0,-0.01811,0.018112183
0.0,0.001163,0.001162529
0.0,-0.02336,0.023361206
0.0,0.002018,0.0020179749
0.0,0.004105,0.0041046143
0.0,-0.014824,0.014823914
0.0,-0.00944,0.009437561
0.0,-0.02649,0.026489258
0.0,0.05246,0.052459717
0.0,0.04095,0.04095459
0.0,0.007656,0.0076560974
0.0,-0.00972,0.009719849
0.0,-0.00921,0.009208679
0.0,0.01121,0.011207581
0.0,-0.004116,0.0041160583
0.0,-0.002886,0.0028858185
0.0,0.006138,0.006137848
0.0,-0.001156,0.0011558533
0.0,-0.012344,0.01234436
0.0,-0.005844,0.005844116
0.0,0.02873,0.0287323
0.0,-0.02934,0.029342651
0.0,-0.01283,0.012832642
0.0,-0.01476,0.014762878
0.0,-0.0001165,0.00011652708
0.0,0.03247,0.032470703
0.0,0.2747,0.2746582
0.0,0.1257,0.12573242
0.0,-0.001934,0.0019340515
0.0,-0.007294,0.007293701
0.0,-0.01111,0.011108398
0.0,0.1028,0.1027832
0.0,-0.02461,0.024612427
0.0,-0.001052,0.0010519028
0.0,-0.01554,0.015541077
0.0,-0.00606,0.006061554
0.0,0.1849,0.18493652
0.0,-0.012024,0.012023926
0.0,-0.00514,0.005138397
0.0,-0.002071,0.0020713806
0.0,-0.01245,0.012451172
0.0,-0.04468,0.044677734
0.0,-0.004707,0.0047073364
0.0,-0.01057,0.010566711
0.0,-0.0006146,0.0006146431
0.0,-0.004696,0.0046958923
0.0,-0.01218,0.012176514
0.0,-0.02545,0.02545166
0.0,-0.01997,0.019973755
0.0,0.002254,0.002254486
0.0,-0.002264,0.0022640228
0.0,-0.00236,0.0023593903
0.0,-0.0126,0.01260376
0.0,-0.02246,0.022460938
0.0,-0.002598,0.0025978088
0.0,-0.00773,0.0077285767
0.0,-0.001235,0.0012350082
0.0,-0.02039,0.020385742
0.0,-0.01474,0.01473999
0.0,-0.02092,0.0209198
0.0,-0.002705,0.0027046204
0.0,-0.00813,0.008132935
0.0,-0.00799,0.007987976
0.0,-0.013374,0.013374329
0.0,-0.01595,0.015945435
0.0,-0.01148,0.011482239
0.0,-0.001222,0.0012216568
0.0,0.001705,0.0017051697
0.0,-0.004868,0.0048675537
0.0,-0.03111,0.03111267
0.0,-0.01484,0.014839172
0.0,-0.01231,0.012306213
0.0,0.02058,0.020584106
0.0,-0.013504,0.013504028
0.0,-0.00992,0.009918213
0.0,0.003645,0.0036449432
0.0,-0.010475,0.010475159
0.0,-0.01125,0.011253357
0.0,0.04382,0.043823242
0.0,-0.03093,0.030929565
0.0,-0.03644,0.03643799
0.0,-0.0086,0.008598328
0.0,-0.002157,0.0021572113
0.0,0.0219,0.021896362
0.0,0.01145,0.011451721
0.0,-0.0003104,0.000310421
0.0,-0.0323,0.032287598
0.0,-0.007244,0.00724411
0.0,0.014595,0.014595032
0.0,-0.0004344,0.00043439865
0.0,-0.00869,0.00868988
0.0,-0.00961,0.009613037
0.0,-0.01551,0.015510559
0.0,-0.010506,0.010505676
0.0,-0.001999,0.0019989014
0.0,-0.03458,0.034576416
0.0,-0.0219,0.021896362
0.0,-0.00833,0.008331299
0.0,-0.01474,0.01473999
0.0,-0.01266,0.0126571655
0.0,-0.008286,0.008285522
0.0,-0.002737,0.0027370453
0.0,-0.01109,0.01109314
0.0,-0.007587,0.007587433
0.0,-0.00806,0.008056641
0.0,0.04733,0.047332764
0.0,-0.01807,0.018066406
0.0,0.00095,0.0009498596
0.0,-0.03186,0.03186035
0.0,-0.00541,0.0054092407
0.0,-0.0489,0.04888916
0.0,-0.02606,0.026062012
0.0,-0.00755,0.007549286
0.0,-0.002314,0.002313614
0.0,-0.014336,0.014335632
0.0,-0.003828,0.0038280487
0.0,0.02074,0.020736694
0.0,-0.003332,0.003332138
0.0,-0.002748,0.0027484894
0.0,-0.00971,0.009712219
0.0,-0.0007243,0.00072431564
0.0,-0.01493,0.014930725
0.0,-0.00831,0.008308411
0.0,-0.03032,0.030319214
0.0,0.0626,0.06262207
0.0,-0.001092,0.0010919571
0.0,-0.02147,0.021469116
0.0,-0.001757,0.0017566681
0.0,0.04233,0.04232788
0.0,0.08405,0.08404541
0.0,0.00946,0.009460449
0.0,-0.007767,0.0077667236
0.0,-0.0071,0.0070991516
0.0,-0.002758,0.0027580261
0.0,-0.009254,0.009254456
0.0,0.0868,0.08679199
0.0,0.0563,0.05630493
0.0,-0.009346,0.009346008
0.0,-0.0334,0.03338623
0.0,-0.0204,0.020401001
0.0,0.004032,0.004032135
0.0,-0.002537,0.0025367737
0.0,-0.03592,0.03591919
0.0,-0.02072,0.020721436
0.0,-0.0002456,0.00024557114
0.0,-0.02132,0.021316528
0.0,-0.02086,0.020858765
0.0,-0.02327,0.023269653
0.0,-0.03195,0.031951904
0.0,-0.02124,0.021240234
0.0,0.03001,0.030014038
0.0,-0.00825,0.0082473755
0.0,-0.006824,0.0068244934
0.0,-0.006462,0.006462097
0.0,0.02176,0.021759033
0.0,-0.02296,0.022964478
0.0,-0.0064,0.006401062
0.0,-0.00638,0.006378174
0.0,-0.0071,0.0070991516
0.0,0.05005,0.050048828
0.0,0.00887,0.008872986
0.0,0.00972,0.009719849
0.0,-0.01942,0.019424438
0.0,-0.0233,0.02330017
0.0,-0.005123,0.0051231384
0.0,0.01993,0.019927979
0.0,0.00263,0.0026302338
0.0,-0.03622,0.036224365
0.0,-0.01435,0.014350891
0.0,0.2133,0.21325684
0.0,0.03644,0.03643799
0.0,0.07166,0.07165527
0.0,-0.001392,0.0013923645
0.0,-0.00308,0.003080368
0.0,0.00836,0.008361816
0.0,0.02335,0.023345947
0.0,0.0152,0.015197754
0.0,0.0152,0.015197754
0.0,-0.01656,0.016555786
0.0,-0.01656,0.016555786
0.0,-0.02745,0.027450562
0.0,-0.02745,0.027450562
0.0,-0.00898,0.008979797
0.0,-0.00898,0.008979797
0.0,-0.02733,0.027328491
0.0,-0.008064,0.00806427
0.0,-0.01011,0.010108948
0.0,-0.005806,0.0058059692
0.0,-0.00903,0.009033203
0.0,0.0005307,0.00053071976
0.0,-0.04517,0.045166016
0.0,-0.00569,0.0056915283
0.0,-0.00338,0.0033798218
0.0,-0.0002952,0.0002951622
0.0,-0.00403,0.0040283203
0.0,0.0066,0.0065994263
0.0,-0.00717,0.007171631
0.0,-0.014786,0.014785767
0.0,-0.007404,0.0074043274
0.0,0.001871,0.001871109
0.0,-0.00632,0.0063209534
0.0,-0.00804,0.008041382
0.0,-0.01162,0.011619568
0.0,-0.010216,0.010215759
0.0,-0.00924,0.009239197
0.0,-0.002657,0.0026569366
0.0,-0.005413,0.0054130554
0.0,0.005146,0.0051460266
0.0,-0.00982,0.009819031
0.0,-0.04788,0.04788208
0.0,0.04083,0.04083252
0.0,-0.012375,0.012374878
0.0,-0.011314,0.011314392
0.0,0.002243,0.002243042
0.0,-0.01845,0.018447876
0.0,-0.02228,0.022277832
0.0,0.1517,0.1517334
0.0,0.00867,0.008666992
0.0,0.01692,0.016921997
0.0,0.0428,0.042785645
0.0,0.005047,0.0050468445
0.0,-0.007725,0.007724762
0.0,0.00527,0.005268097
0.0,-0.005108,0.0051078796
0.0,-0.004272,0.004272461
0.0,0.00507,0.0050697327
0.0,-0.001109,0.0011091232
0.0,0.001215,0.0012149811
0.0,0.005146,0.0051460266
0.0,-0.02644,0.026443481
0.0,-0.0429,0.042907715
0.0,0.0227,0.022705078
0.0,-0.03738,0.037384033
0.0,-0.001796,0.0017957687
0.0,-0.02885,0.02885437
0.0,0.01799,0.017990112
0.0,0.2457,0.24572754
0.0,-0.06216,0.062164307
0.0,-0.0223,0.02229309
0.0,0.011086,0.01108551
0.0,0.0095,0.009498596
0.0,-0.00797,0.007972717
0.0,0.1918,0.19177246
0.0,-0.012085,0.012084961
0.0,-0.004013,0.0040130615
0.0,0.04327,0.043273926
0.0,-0.003178,0.0031776428
0.0,-0.0248,0.024795532
0.0,-0.012535,0.012535095
0.0,-0.00995,0.0099487305
0.0,0.008194,0.00819397
0.0,-0.014496,0.01449585
0.0,-0.01095,0.010948181
0.0,-0.003918,0.003917694
0.0,-0.002363,0.002363205
0.0,-0.005116,0.005115509
0.0,-0.00897,0.008972168
0.0,-0.002222,0.0022220612
0.0,-0.005005,0.005004883
0.0,-0.02069,0.020690918
0.0,-0.02513,0.025131226
0.0,0.003666,0.003665924
0.0,0.003838,0.0038375854
0.0,-0.009094,0.009094238
0.0,-0.01791,0.017913818
0.0,-0.01381,0.013809204
0.0,0.002123,0.002122879
0.0,-0.007412,0.007411957
0.0,-0.02107,0.021072388
0.0,-0.0198,0.019805908
0.0,-0.01616,0.016159058
0.0,-0.01826,0.01826477
0.0,-0.03885,0.038848877
0.0,0.001168,0.001168251
0.0,-0.0831,0.08312988
0.0,0.032,0.03201294
0.0,0.02567,0.025665283
0.0,-0.05637,0.056365967
0.0,-0.06586,0.06585693
0.0,-0.04498,0.04498291
0.0,-0.02583,0.02583313
0.0,-0.04803,0.048034668
0.0,-0.05545,0.05545044
0.0,-0.01249,0.012489319
0.0,-0.03084,0.030838013
0.0,-0.02682,0.026824951
0.0,-0.01569,0.015686035
0.0,0.1398,0.13977051
0.0,-0.010704,0.0107040405
0.0,-0.04407,0.044067383
0.0,0.01522,0.015220642
0.0,0.000891,0.00089120865
0.0,-0.00531,0.0053100586
0.0,0.06903,0.06903076
0.0,-0.0088,0.008796692
0.0,-0.07025,0.070251465
0.0,0.05267,0.05267334
0.0,0.007156,0.007156372
0.0,-0.01235,0.01235199
0.0,0.013725,0.013725281
0.0,0.00814,0.008140564
0.0,-0.03006,0.030059814
0.0,-0.01582,0.015823364
0.0,-0.03296,0.032958984
0.0,0.09357,0.093566895
0.0,0.0392,0.039215088
0.0,0.1697,0.16967773
0.0,-0.005592,0.005592346
0.0,-0.01403,0.014030457
0.0,-0.0007753,0.0007753372
0.0,0.003262,0.0032615662
0.0,-0.01234,0.012336731
0.0,-0.01427,0.014266968
0.0,-0.02733,0.027328491
0.0,0.02812,0.028121948
0.0,0.04034,0.04034424
0.0,0.02174,0.021743774
0.0,-0.02039,0.020385742
0.0,0.002398,0.0023975372
0.0,-0.01636,0.016357422
0.0,-0.01582,0.015823364
0.0,-0.004192,0.0041923523
0.0,-0.06726,0.06726074
0.0,-0.02258,0.022583008
0.0,0.05997,0.05996704
0.0,-0.03845,0.03845215
0.0,-0.01458,0.014579773
0.0,-0.004612,0.004611969
0.0,-0.01557,0.015571594
0.0,-0.006004,0.0060043335
0.0,-0.00929,0.009292603
0.0,0.0113,0.011299133
0.0,-0.002153,0.0021533966
0.0,-0.010864,0.010864258
0.0,0.007217,0.007217407
0.0,0.01918,0.019180298
0.0,-0.003548,0.0035476685
0.0,-0.01339,0.013389587
0.0,-0.001754,0.0017538071
0.0,-0.04095,0.04095459
0.0,-0.05594,0.05593872
0.0,-0.06213,0.06213379
0.0,-0.05258,0.052581787
0.0,-0.01657,0.016571045
0.0,-0.05878,0.058776855
0.0,-0.00594,0.0059394836
0.0,-0.03099,0.0309906
0.0,0.00722,0.007221222
0.0,-0.00413,0.004131317
0.0,-0.04938,0.04937744
0.0,0.01613,0.01612854
0.0,0.5747,0.57470703
0.0,0.001895,0.0018949509
0.0,0.001812,0.0018119812
0.0,0.001258,0.0012578964
0.0,-0.007374,0.00737381
0.0,-0.00819,0.00818634
0.0,0.0616,0.06161499
0.0,0.05823,0.05822754
0.0,0.01256,0.012557983
0.0,-0.02844,0.028442383
0.0,-0.01029,0.010292053
0.0,-0.00852,0.008522034
0.0,0.05072,0.050720215
0.0,-0.01015,0.010147095
0.0,0.0002089,0.00020885468
0.0,-0.01074,0.0107421875
0.0,-0.003191,0.0031909943
0.0,-0.01149,0.011489868
0.0,-0.013306,0.013305664
0.0,-0.01471,0.014709473
0.0,-0.01582,0.015823364
0.0,0.00162,0.0016202927
0.0,0.1707,0.1706543
0.0,0.00554,0.0055389404
0.0,-0.00849,0.008491516
0.0,-0.007027,0.0070266724
0.0,0.0006933,0.0006933212
0.0,0.01631,0.016311646
0.0,-0.054,0.053985596
0.0,-0.0135,0.013496399
0.0,-0.0237,0.0236969
0.0,-0.002615,0.002614975
0.0,-0.00861,0.008613586
0.0,-0.005936,0.005935669
0.0,-0.00968,0.009681702
0.0,0.002684,0.0026836395
0.0,-0.01814,0.0181427
0.0,0.03653,0.03652954
0.0,0.001074,0.0010738373
0.0,-0.01232,0.012321472
0.0,-0.01665,0.016647339
0.0,0.000988,0.0009880066
0.0,-0.01539,0.015388489
0.0,-0.00495,0.004951477
0.0,-0.003479,0.003479004
0.0,-0.001341,0.0013408661
0.0,-0.03598,0.035980225
0.0,-0.01979,0.01979065
0.0,-0.00247,0.0024700165
0.0,0.0115,0.011497498
0.0,-0.005608,0.005607605
0.0,-0.004272,0.004272461
0.0,-0.002188,0.0021877289
0.0,-0.013435,0.013435364
0.0,-0.01054,0.010536194
0.0,0.0006247,0.0006246567
0.0,0.0008836,0.00088357925
0.0,0.001315,0.0013151169
0.0,-0.014244,0.01424408
0.0,0.004555,0.0045547485
0.0,-0.007545,0.007545471
0.0,-0.003748,0.00374794
0.0,0.010376,0.010375977
0.0,-0.002968,0.0029678345
0.0,-0.01116,0.011161804
0.0,-0.00883,0.0088272095
0.0,0.03494,0.034942627
0.0,-0.004448,0.004447937
0.0,0.02132,0.021316528
0.0,0.01498,0.014976501
0.0,0.008156,0.008155823
0.0,-0.0085,0.0084991455
0.0,0.01793,0.017929077
0.0,0.1197,0.11968994
0.0,-0.04034,0.04034424
0.0,0.0147,0.014701843
0.0,-0.011856,0.011856079
0.0,-0.04483,0.044830322
0.0,0.00541,0.0054092407
0.0,-0.00853,0.008529663
0.0,-0.01787,0.017868042
0.0,-0.0219,0.021896362
0.0,0.0367,0.036712646
0.0,-0.006214,0.006214142
0.0,0.03084,0.030838013
0.0,0.6743,0.6743164
0.0,-0.004356,0.0043563843
0.0,0.001791,0.0017910004
0.0,-0.00873,0.008728027
0.0,-0.001133,0.0011329651
0.0,-0.03726,0.037261963
0.0,0.2888,0.28881836
0.0,-0.00404,0.0040397644
0.0,0.01775,0.017745972
0.0,-0.003794,0.0037937164
0.0,0.05295,0.052947998
0.0,0.0814,0.0814209
0.0,-0.0262,0.02619934
0.0,-0.01709,0.017089844
0.0,-0.006454,0.006454468
0.0,0.003082,0.0030822754
0.0,-0.002626,0.002626419
0.0,0.03098,0.030975342
0.0,-0.001993,0.0019931793
0.0,0.004818,0.0048179626
0.0,0.004955,0.0049552917
0.0,0.002768,0.0027675629
0.0,-0.01947,0.019470215
0.0,-0.0513,0.05130005
0.0,-0.02496,0.024963379
0.0,-0.03232,0.032318115
0.0,-0.05112,0.051116943
0.0,-0.0364,0.03640747
0.0,-0.02878,0.028778076
0.0,-0.00819,0.00818634
0.0,0.1941,0.1940918
0.0,0.0228,0.02279663
0.0,0.0469,0.046905518
0.0,0.0587,0.058685303
0.0,-0.000313,0.0003130436
0.0,-0.00657,0.0065689087
0.0,0.016,0.01600647
0.0,0.0759,0.075927734
0.0,0.009735,0.009735107
0.0,-0.04233,0.04232788
0.0,-0.00851,0.008506775
0.0,-0.01904,0.019042969
0.0,-0.01445,0.014450073
0.0,-0.00901,0.009010315
0.0,-0.01173,0.011726379
0.0,-0.01151,0.011512756
0.0,-0.02078,0.02078247
0.0,0.004925,0.004924774
0.0,0.000587,0.00058698654
0.0,-0.001834,0.0018339157
0.0,-0.0186,0.018600464
0.0,0.02866,0.028656006
0.0,0.00544,0.0054397583
0.0,-0.001833,0.001832962
0.0,-0.01058,0.01058197
0.0,0.00985,0.009849548
0.0,-0.00991,0.0099105835
0.0,-0.002234,0.0022335052
0.0,-0.01203,0.012031555
0.0,-0.006245,0.0062446594
0.0,0.00492,0.0049209595
0.0,0.001004,0.001004219
0.0,-0.0434,0.043395996
0.0,-0.01155,0.011550903
0.0,-0.0003536,0.00035357475
0.0,-0.02728,0.027282715
0.0,-0.003918,0.003917694
0.0,0.06122,0.06121826
0.0,-0.00987,0.0098724365
0.0,-0.01082,0.010818481
0.0,0.03084,0.030838013
0.0,0.01819,0.018188477
0.0,-0.002182,0.0021820068
0.0,-0.0601,0.06008911
0.0,0.03001,0.030014038
0.0,0.2451,0.24511719
0.0,0.04028,0.040283203
0.0,0.000845,0.00084495544
0.0,0.04333,0.04333496
0.0,-0.03017,0.030166626
0.0,-0.02274,0.022735596
0.0,0.04553,0.045532227
0.0,-0.008064,0.00806427
0.0,-0.03072,0.030715942
0.0,-0.03256,0.032562256
0.0,-0.000505,0.00050497055
0.0,-0.01236,0.012359619
0.0,0.01109,0.01109314
0.0,0.02254,0.022537231
0.0,0.01239,0.012390137
0.0,-0.02094,0.020935059
0.0,-0.01172,0.01171875
0.0,-0.02287,0.022872925
0.0,-0.01252,0.012519836
0.0,-0.01453,0.014526367
0.0,-0.001039,0.0010385513
0.0,0.00546,0.005458832
0.0,0.0166,0.016601562
0.0,0.02728,0.027282715
0.0,0.00966,0.0096588135
0.0,0.1722,0.17224121
0.0,-0.00449,0.0044898987
0.0,-0.00972,0.009719849
0.0,-0.005684,0.005683899
0.0,-0.0298,0.029800415
0.0,-0.0325,0.03250122
0.0,-0.014404,0.014404297
0.0,0.0794,0.07940674
0.0,-0.00967,0.009666443
0.0,-0.003489,0.0034885406
0.0,-0.0349,0.03491211
0.0,-0.012146,0.012145996
0.0,-0.004482,0.0044822693
0.0,0.01091,0.010910034
0.0,-0.01189,0.011886597
0.0,-0.01619,0.016189575
0.0,-0.01392,0.013923645
0.0,0.02116,0.02116394
0.0,0.010925,0.010925293
0.0,-0.03336,0.033355713
0.0,-0.002848,0.0028476715
0.0,-0.00335,0.0033493042
0.0,-0.01311,0.0131073
0.0,-0.00632,0.0063209534
0.0,-0.01325,0.013252258
0.0,-0.02022,0.020217896
0.0,0.26,0.26000977
0.0,0.2998,0.2998047
0.0,0.011116,0.011116028
0.0,-0.006725,0.0067253113
0.0,-0.01543,0.015426636
0.0,-0.00962,0.0096206665
0.0,0.01289,0.012893677
0.0,-0.004803,0.004802704
0.0,0.1799,0.17993164
0.0,0.1295,0.1295166
0.0,-0.00791,0.007911682
0.0,-0.02141,0.021408081
0.0,-0.02554,0.025543213
0.0,-0.0793,0.07928467
0.0,-0.0379,0.037902832
0.0,0.001282,0.0012817383
0.0,-0.01319,0.013191223
0.0,-0.07074,0.070739746
0.0,-0.002142,0.0021419525
0.0,0.644,0.64404297
0.0,0.003319,0.0033187866
0.0,0.0468,0.046813965
0.0,-0.00735,0.0073509216
0.0,-0.01148,0.011482239
0.0,-0.0331,0.033111572
0.0,-0.02344,0.0234375
0.0,0.0587,0.058685303
0.0,-0.04385,0.04385376
0.0,-0.02165,0.021652222
0.0,-0.0203,0.02029419
0.0,0.01164,0.011642456
0.0,-0.01268,0.012680054
0.0,-0.03836,0.038360596
0.0,0.0712,0.07122803
0.0,0.000743,0.0007429123
0.0,0.001906,0.001906395
0.0,-0.005863,0.0058631897
0.0,-0.01311,0.0131073
0.0,-0.02617,0.026168823
0.0,-0.00852,0.008522034
0.0,-0.0137,0.013702393
0.0,-0.00776,0.0077590942
0.0,-0.001097,0.0010967255
0.0,-0.004284,0.004283905
0.0,0.00616,0.006160736
0.0,-0.00024,0.0002399683
0.0,0.01085,0.010848999
0.0,0.0139,0.013900757
0.0,-0.005756,0.005756378
0.0,-0.004086,0.004085541
0.0,0.04987,0.049865723
0.0,-0.001253,0.001253128
0.0,-0.0007186,0.0007185936
0.0,0.03375,0.03375244
0.0,-0.01374,0.01374054
0.0,0.05374,0.053741455
0.0,-0.0187,0.018707275
0.0,0.2576,0.25756836
0.0,-0.04645,0.046447754
0.0,0.1487,0.14868164
0.0,0.02303,0.023025513
0.0,-0.012314,0.012313843
0.0,-0.00252,0.0025196075
0.0,-0.04684,0.046844482
0.0,-0.03607,0.036071777
0.0,-0.01773,0.017730713
0.0,-0.013885,0.013885498
0.0,0.03183,0.031829834
0.0,-0.03375,0.03375244
0.0,0.03452,0.03451538
0.0,0.003582,0.0035820007
0.0,0.02783,0.027832031
0.0,-0.010506,0.010505676
0.0,0.00692,0.006919861
0.0,-0.02173,0.021728516
0.0,-0.005802,0.0058021545
0.0,0.00245,0.002450943
0.0,-0.01428,0.014282227
0.0,-0.02078,0.02078247
0.0,-0.006275,0.006275177
0.0,0.002548,0.0025482178
0.0,0.006805,0.00680542
0.0,-0.009766,0.009765625
0.0,-0.0288,0.028793335
0.0,-0.0111,0.011100769
0.0,-0.00508,0.0050811768
0.0,0.003126,0.0031261444
0.0,0.03516,0.03515625
0.0,0.1117,0.111694336
0.0,-0.02713,0.027130127
0.0,0.1346,0.13464355
0.0,-0.02281,0.02281189
0.0,-0.004417,0.0044174194
0.0,-0.02898,0.02897644
0.0,-0.03934,0.03933716
0.0,0.06976,0.06976318
0.0,-0.01964,0.019638062
0.0,0.06683,0.066833496
0.0,-0.01097,0.010971069
0.0,-0.04718,0.047180176
0.0,0.2406,0.24060059
0.0,-0.01426,0.014259338
0.0,-0.02502,0.025024414
0.0,0.003386,0.0033855438
0.0,0.689,0.68896484
0.0,-0.04126,0.041259766
0.0,-0.00926,0.009262085
0.0,0.10345,0.10345459
0.0,0.2351,0.23510742
0.0,0.1526,0.15258789
0.0,0.3499,0.34985352
0.0,0.03476,0.03475952
0.0,-0.00403,0.0040283203
0.0,-0.002865,0.0028648376
0.0,-0.0647,0.064697266
0.0,-0.03763,0.037628174
0.0,-0.0409,0.040893555
0.0,-0.003822,0.0038223267
0.0,-0.01067,0.010673523
0.0,0.00835,0.008346558
0.0,0.01927,0.01927185
0.0,-0.002998,0.002998352
0.0,-0.008446,0.00844574
0.0,-0.01643,0.016433716
0.0,-0.01418,0.014183044
0.0,0.019,0.018997192
0.0,-0.003664,0.0036640167
0.0,-0.005333,0.005332947
0.0,-0.011246,0.011245728
0.0,0.00234,0.0023403168
0.0,-0.014534,0.014533997
0.0,-0.01865,0.01864624
0.0,-0.01354,0.013542175
0.0,-0.001701,0.001701355
0.0,-0.010544,0.010543823
0.0,-0.001079,0.0010786057
0.0,-0.006344,0.0063438416
0.0,0.01149,0.011489868
0.0,-0.015274,0.015274048
0.0,-0.0481,0.048095703
0.0,-0.01399,0.01399231
0.0,-0.003145,0.003145218
0.0,-0.02759,0.02758789
0.0,0.2065,0.20654297
0.0,-0.02606,0.026062012
0.0,0.007347,0.007347107
0.0,0.05975,0.059753418
0.0,-0.02615,0.026153564
0.0,-0.0153,0.015296936
0.0,-0.01084,0.01084137
0.0,-0.0614,0.061401367
0.0,-0.001531,0.0015306473
0.0,-0.02505,0.025054932
0.0,-0.02617,0.026168823
0.0,0.03964,0.039642334
0.0,-0.0003262,0.00032615662
0.0,-0.0493,0.04928589
0.0,0.01004,0.010040283
0.0,0.004948,0.0049476624
0.0,0.0004869,0.00048685074
0.0,-0.0007963,0.00079631805
0.0,-0.002766,0.0027656555
0.0,0.007786,0.007785797
0.0,0.1164,0.11639404
0.0,-0.006992,0.00699234
0.0,-0.02313,0.023132324
0.0,0.00734,0.0073394775
0.0,0.000304,0.0003039837
0.0,0.02101,0.021011353
0.0,0.00699,0.0069885254
0.0,-0.013336,0.013336182
0.0,0.06064,0.060638428
0.0,-0.01959,0.019592285
0.0,0.000737,0.00073719025
0.0,0.01285,0.0128479
0.0,-0.03308,0.033081055
0.0,-0.002733,0.0027332306
0.0,-0.01011,0.010108948
0.0,-0.03357,0.033569336
0.0,0.005478,0.0054779053
0.0,-0.007042,0.007041931
0.0,-0.01799,0.017990112
0.0,-0.0081,0.008102417
0.0,0.01475,0.01474762
0.0,-0.03076,0.030761719
0.0,0.002466,0.0024662018
0.0,0.01147,0.01146698
0.0,0.006916,0.006916046
0.0,0.02426,0.024261475
0.0,0.00436,0.004360199
0.0,0.1165,0.11651611
0.0,-0.01191,0.011909485
0.0,0.1353,0.1352539
0.0,0.3313,0.33129883
0.0,-0.006046,0.006046295
0.0,-0.01259,0.012588501
0.0,-0.01259,0.012588501
0.0,-0.02238,0.022384644
0.0,-0.02238,0.022384644
0.0,-0.03056,0.030563354
0.0,-0.02661,0.026611328
0.0,-0.03278,0.03277588
0.0,0.261,0.26098633
0.0,0.01431,0.014312744
0.0,-0.01177,0.011772156
0.0,-0.006363,0.006362915
0.0,-0.04276,0.042755127
0.0,0.08496,0.08496094
0.0,-0.00744,0.0074386597
0.0,-0.05255,0.05255127
0.0,-0.005146,0.0051460266
0.0,-0.00282,0.0028190613
0.0,0.001538,0.0015382767
0.0,-0.00815,0.008148193
0.0,0.00796,0.0079574585
0.0,-0.003952,0.0039520264
0.0,0.0003662,0.00036621094
0.0,-0.006107,0.0061073303
0.0,0.02405,0.024047852
0.0,0.01469,0.0146865845
0.0,0.006107,0.0061073303
0.0,-0.00409,0.0040893555
0.0,0.00433,0.0043296814
0.0,0.005512,0.0055122375
0.0,-0.0005617,0.0005617142
0.0,0.0072,0.0071983337
0.0,0.00641,0.0064086914
0.0,-0.001305,0.0013046265
0.0,0.01148,0.011482239
0.0,-0.00276,0.0027599335
0.0,-0.00978,0.009780884
0.0,0.0054,0.0054016113
0.0,-0.001974,0.0019741058
0.0,0.000934,0.000934124
0.0,-0.001357,0.0013570786
0.0,-0.011055,0.011054993
0.0,-0.06415,0.06414795
0.0,-0.0127,0.012702942
0.0,-0.02045,0.020446777
0.0,-0.11694,0.11694336
0.0,0.03873,0.038726807
0.0,-0.01096,0.01096344
0.0,-0.013466,0.013465881
0.0,0.02304,0.023040771
0.0,-0.005165,0.0051651
0.0,-0.01191,0.011909485
0.0,0.05627,0.056274414
0.0,0.08905,0.08905029
0.0,0.003895,0.003894806
0.0,-0.00848,0.008476257
0.0,-0.02153,0.021530151
0.0,-0.02376,0.023757935
0.0,0.02448,0.024475098
0.0,-0.01362,0.013618469
0.0,0.005814,0.0058135986
0.0,0.07666,0.076660156
0.0,0.000924,0.0009241104
0.0,-0.008385,0.008384705
0.0,0.00808,0.008079529
0.0,-0.01851,0.018508911
0.0,0.06915,0.06915283
0.0,0.0006447,0.00064468384
0.0,-0.006824,0.0068244934
0.0,-0.02827,0.028274536
0.0,-0.0287,0.028701782
0.0,0.1525,0.15246582
0.0,0.0247,0.02470398
0.0,0.3,0.30004883
0.0,-0.005894,0.0058937073
0.0,0.01262,0.012619019
0.0,0.02531,0.025314331
0.0,0.3132,0.31323242
0.0,0.0172,0.017196655
0.0,0.0411,0.041107178
0.0,-0.00773,0.0077285767
0.0,0.0111,0.011100769
0.0,0.05133,0.051330566
0.0,-0.01336,0.01335907
0.0,0.04117,0.041168213
0.0,0.01176,0.011756897
0.0,-0.0055,0.0055007935
0.0,0.01625,0.01625061
0.0,0.010544,0.010543823
0.0,-0.00934,0.009338379
0.0,-0.01865,0.01864624
0.0,-0.04178,0.041778564
0.0,-0.002953,0.0029525757
0.0,-0.02794,0.027938843
0.0,0.00433,0.0043296814
0.0,0.01194,0.011940002
0.0,-0.002243,0.002243042
0.0,0.00475,0.004749298
0.0,-0.01822,0.018218994
0.0,-0.01364,0.013641357
0.0,-0.03607,0.036071777
0.0,-0.004635,0.004634857
0.0,0.01672,0.016723633
0.0,0.014885,0.014884949
0.0,-0.01198,0.011978149
0.0,-0.010445,0.010444641
0.0,-0.007717,0.0077171326
0.0,0.02998,0.02998352
0.0,0.02863,0.028625488
0.0,-0.0068,0.006801605
0.0,0.007137,0.0071372986
0.0,-0.001699,0.0016994476
0.0,-0.02177,0.021774292
0.0,-0.05048,0.050476074
0.0,0.006054,0.0060539246
0.0,-0.01839,0.01838684
0.0,-0.005775,0.0057754517
0.0,0.0331,0.033111572
0.0,-0.010574,0.010574341
0.0,-0.02466,0.024658203
0.0,-0.0116,0.01159668
0.0,0.0593,0.059295654
0.0,0.01587,0.01586914
0.0,0.00489,0.004890442
0.0,-0.002052,0.0020523071
0.0,-0.00568,0.005680084
0.0,0.02504,0.025039673
0.0,0.02509,0.02508545
0.0,-0.0397,0.03970337
0.0,-0.01529,0.015289307
0.0,-0.01195,0.011947632
0.0,-0.00538,0.005378723
0.0,0.0005,0.0005002022
0.0,-0.01456,0.014556885
0.0,-0.0158,0.015792847
0.0,-0.002579,0.0025787354
0.0,-0.01335,0.01335144
0.0,-0.0109,0.010902405
0.0,-0.01373,0.01373291
0.0,0.0874,0.087402344
0.0,0.01573,0.015731812
0.0,-0.00933,0.0093307495
0.0,-0.01224,0.012237549
0.0,-0.05777,0.057769775
0.0,-0.01417,0.014167786
0.0,-0.007652,0.0076522827
0.0,-0.01941,0.01940918
0.0,-0.00478,0.0047798157
0.0,0.001492,0.0014915466
0.0,-0.0037,0.0037002563
0.0,0.04947,0.049468994
0.0,-0.01894,0.018936157
0.0,-0.002415,0.0024147034
0.0,0.01753,0.017532349
0.0,0.03314,0.03314209
0.0,-0.014465,0.014465332
0.0,-0.001287,0.0012874603
0.0,-0.00138,0.0013799667
0.0,-0.002357,0.002357483
0.0,-0.0167,0.016693115
0.0,0.0743,0.074279785
0.0,-0.005825,0.0058250427
0.0,-0.03632,0.036315918
0.0,-0.006275,0.006275177
0.0,-0.04898,0.048980713
0.0,0.00569,0.0056915283
0.0,-0.02676,0.026763916
0.0,-0.00902,0.009017944
0.0,0.012474,0.01247406
0.0,-0.015045,0.015045166
0.0,-0.00303,0.003030777
0.0,-0.01049,0.0104904175
0.0,-0.007195,0.007194519
0.0,-0.00581,0.005809784
0.0,-0.002125,0.0021247864
0.0,-0.02563,0.025634766
0.0,0.0316,0.031585693
0.0,-0.01639,0.01638794
0.0,-0.00867,0.008666992
0.0,0.2766,0.27661133
0.0,0.0727,0.07269287
0.0,0.04904,0.049041748
0.0,-0.01438,0.014381409
0.0,0.002178,0.0021781921
0.0,0.01933,0.019332886
0.0,-0.02478,0.024780273
0.0,0.014305,0.014305115
0.0,-0.00797,0.007972717
0.0,-0.01055,0.010551453
0.0,-0.014656,0.014656067
0.0,0.00744,0.0074386597
0.0,-0.002588,0.002588272
0.0,-0.014465,0.014465332
0.0,0.005276,0.0052757263
0.0,0.009315,0.009315491
0.0,0.0169,0.016906738
0.0,-0.012825,0.012825012
0.0,-0.00791,0.007911682
0.0,0.1202,0.12017822
0.0,0.011215,0.01121521
0.0,0.0605,0.06048584
0.0,0.04065,0.040649414
0.0,0.05212,0.052124023
0.0,-0.00955,0.009552002
0.0,-0.00275,0.0027503967
0.0,0.03748,0.037475586
0.0,0.012184,0.012184143
0.0,0.08844,0.08843994
0.0,0.127,0.12695312
0.0,0.01157,0.0115737915
0.0,-0.002474,0.0024738312
0.0,0.01449,0.01448822
0.0,0.0721,0.07208252
0.0,0.1367,0.13671875
0.0,0.01656,0.016555786
0.0,-0.001596,0.0015964508
0.0,0.036,0.036010742
0.0,0.0625,0.0625
0.0,0.0695,0.06951904
0.0,0.01541,0.015411377
0.0,0.351,0.35107422
0.0,0.04248,0.04248047
0.0,0.01011,0.010108948
0.0,0.0264,0.026397705
0.0,0.03983,0.03982544
0.0,0.013245,0.013244629
0.0,0.05334,0.053344727
0.0,0.02519,0.02519226
0.0,0.357,0.3569336
0.0,0.002728,0.0027275085
0.0,0.010155,0.010154724
0.0,0.0007415,0.0007414818
0.0,0.0227,0.022705078
0.0,0.0714,0.07141113
0.0,-0.006752,0.006752014
0.0,0.02122,0.021224976
0.0,-0.07574,0.07574463
0.0,-0.01124,0.011238098
0.0,-0.01421,0.014213562
0.0,-0.000879,0.0008788109
0.0,0.2244,0.22436523
0.0,0.2367,0.23669434
0.0,-0.009315,0.009315491
0.0,-0.01823,0.018234253
0.0,-0.02528,0.025283813
0.0,-0.011,0.011001587
0.0,0.2683,0.26831055
0.0,-0.0206,0.020599365
0.0,0.1252,0.12524414
0.0,0.1669,0.16687012
0.0,-0.087,0.0869751
0.0,0.007797,0.007797241
0.0,0.03442,0.034423828
0.0,0.09155,0.091552734
0.0,-0.013245,0.013244629
0.0,-0.001395,0.0013952255
0.0,0.0171,0.017105103
0.0,0.11444,0.11444092
0.0,-0.03427,0.03427124
0.0,-0.01073,0.010726929
0.0,0.005436,0.0054359436
0.0,-0.0509,0.05090332
0.0,0.11255,0.11254883
0.0,-0.0104,0.010398865
0.0,0.0658,0.0657959
0.0,0.02284,0.022842407
0.0,-0.03152,0.03152466
0.0,-0.01043,0.010429382
0.0,0.004517,0.0045166016
0.0,-0.01532,0.015319824
0.0,-0.01344,0.013442993
0.0,0.04437,0.04437256
0.0,-0.00808,0.008079529
0.0,-0.00483,0.0048294067
0.0,0.001788,0.0017881393
0.0,0.314,0.31396484
0.0,0.00354,0.003540039
0.0,-0.00314,0.0031394958
0.0,-0.001279,0.0012788773
0.0,0.02869,0.028686523
0.0,-0.04242,0.042419434
0.0,0.3213,0.32128906
0.0,-0.001291,0.001291275
0.0,0.002707,0.0027065277
0.0,-0.02626,0.026260376
0.0,-0.01479,0.014793396
0.0,-0.012344,0.01234436
0.0,-0.00675,0.0067481995
0.0,-0.01613,0.01612854
0.0,-0.01653,0.016525269
0.0,-0.02194,0.021942139
0.0,-0.01235,0.01235199
0.0,-0.015175,0.015174866
0.0,-0.00615,0.006149292
0.0,-0.003983,0.003982544
0.0,0.004547,0.004547119
0.0,-0.00791,0.007911682
0.0,-0.0062,0.006198883
0.0,0.01631,0.016311646
0.0,-0.007607,0.0076065063
0.0,-0.006516,0.006515503
0.0,-0.02332,0.02331543
0.0,0.007423,0.007423401
0.0,0.000327,0.0003271103
0.0,0.0003314,0.00033140182
0.0,-0.01034,0.01033783
0.0,0.01567,0.015670776
0.0,-0.00848,0.008476257
0.0,-0.00733,0.007331848
0.0,0.0176,0.017593384
0.0,-0.01194,0.011940002
0.0,-0.00797,0.007972717
0.0,0.02406,0.02406311
0.0,-0.01567,0.015670776
0.0,-0.02899,0.0289917
0.0,0.00306,0.0030593872
0.0,-0.007324,0.0073242188
0.0,-0.01846,0.018463135
0.0,-0.01498,0.014976501
0.0,-0.025,0.024993896
0.0,-0.04526,0.04525757
0.0,0.02281,0.02281189
0.0,4.04e-05,4.041195e-05
0.0,-0.004005,0.004005432
0.0,-0.007206,0.007205963
0.0,0.3594,0.359375
0.0,0.03458,0.034576416
0.0,-0.03278,0.03277588
0.0,-0.03433,0.034332275
0.0,-0.00994,0.009941101
0.0,0.01845,0.018447876
0.0,0.03973,0.039733887
0.0,0.006405,0.0064048767
0.0,0.02132,0.021316528
0.0,0.457,0.45703125
0.0,0.006878,0.006877899
0.0,-0.00394,0.0039405823
0.0,-0.00694,0.0069389343
0.0,0.2175,0.2175293
0.0,0.549,0.5488281
0.0,0.03384,0.033843994
0.0,-0.01938,0.019378662
0.0,0.0009017,0.00090169907
0.0,-0.0304,0.030395508
0.0,-0.04214,0.042144775
0.0,-0.02536,0.025360107
0.0,-0.02606,0.026062012
0.0,0.002941,0.0029411316
0.0,0.005547,0.00554657
0.0,0.002466,0.0024662018
0.0,-0.0047,0.004699707
0.0,0.03662,0.036621094
0.0,0.00679,0.006790161
0.0,0.00746,0.007461548
0.0,-0.003937,0.0039367676
0.0,0.006306,0.0063056946
0.0,-0.003214,0.0032138824
0.0,-0.01068,0.010681152
0.0,-0.01559,0.015586853
0.0,0.003597,0.0035972595
0.0,0.014885,0.014884949
0.0,0.1223,0.12231445
0.0,0.004116,0.0041160583
0.0,-0.01613,0.01612854
0.0,-0.00666,0.0066604614
0.0,0.0364,0.03640747
0.0,-0.003344,0.0033435822
0.0,0.02512,0.025115967
0.0,0.156,0.15600586
0.0,0.000706,0.00070619583
0.0,-0.0218,0.02180481
0.0,0.01348,0.01348114
0.0,0.4836,0.48364258
0.0,0.0391,0.039093018
0.0,-0.05557,0.05557251
0.0,0.1511,0.15112305
0.0,-0.00809,0.008087158
0.0,0.0768,0.07678223
0.0,-0.02975,0.029754639
0.0,-0.003052,0.0030517578
0.0,0.2401,0.2401123
0.0,-0.00777,0.0077705383
0.0,-0.002365,0.0023651123
0.0,0.02773,0.02772522
0.0,-0.0406,0.04058838
0.0,0.003483,0.0034828186
0.0,-0.03027,0.030273438
0.0,-0.02179,0.02178955
0.0,0.04337,0.04336548
0.0,-0.03284,0.032836914
0.0,-0.02574,0.025741577
0.0,-0.0379,0.037902832
0.0,-0.01062,0.010620117
0.0,-0.04315,0.043151855
0.0,-0.007446,0.007446289
0.0,-0.02182,0.021820068
0.0,-0.003061,0.0030612946
0.0,-0.012146,0.012145996
0.0,0.0869,0.08691406
0.0,0.003878,0.0038776398
0.0,-0.03336,0.033355713
0.0,0.006268,0.0062675476
0.0,-0.0707,0.07067871
0.0,-0.00507,0.0050697327
0.0,0.004883,0.0048828125
0.0,6e-06,6.020069e-06
0.0,-0.003885,0.0038852692
0.0,0.006985,0.0069847107
0.0,-0.08057,0.080566406
0.0,0.01204,0.012039185
0.0,0.01767,0.017669678
0.0,-0.02734,0.02734375
0.0,-0.0004342,0.00043416023
0.0,-0.0731,0.07312012
0.0,-0.0735,0.07348633
0.0,-0.0265,0.026504517
0.0,0.02202,0.022018433
0.0,-0.02905,0.029052734
0.0,-0.006863,0.0068626404
0.0,0.00729,0.0072898865
0.0,-0.005707,0.005706787
0.0,-0.002106,0.002105713
0.0,-0.015144,0.015144348
0.0,-0.00855,0.008552551
0.0,-0.00903,0.009033203
0.0,-0.02608,0.02607727
0.0,-0.0095,0.009498596
0.0,-0.0002313,0.00023126602
0.0,-0.00577,0.005771637
0.0,0.0001285,0.00012850761
0.0,-0.01788,0.0178833
0.0,-0.02046,0.020462036
0.0,-0.003149,0.0031490326
0.0,-0.01656,0.016555786
0.0,-0.02551,0.025512695
0.0,-0.0282,0.028198242
0.0,-0.0115,0.011497498
0.0,-0.05347,0.053466797
0.0,-0.005287,0.0052871704
0.0,-0.00138,0.0013799667
0.0,-0.014496,0.01449585
0.0,-0.02895,0.028945923
0.0,-0.01613,0.01612854
0.0,-0.002367,0.0023670197
0.0,-0.01828,0.01828003
0.0,-0.01181,0.011810303
0.0,0.02426,0.024261475
0.0,-0.002563,0.0025634766
0.0,0.3228,0.3227539
0.0,-0.007645,0.0076446533
0.0,-0.01368,0.013679504
0.0,-0.00907,0.00907135
0.0,-0.01304,0.013038635
0.0,0.00947,0.009468079
0.0,-0.0111,0.011100769
0.0,-0.0099,0.009902954
0.0,-0.00775,0.007751465
0.0,-0.03653,0.03652954
0.0,-0.005775,0.0057754517
0.0,0.05713,0.057128906
0.0,-0.01855,0.018554688
0.0,0.03497,0.034973145
0.0,0.004993,0.0049934387
0.0,0.01034,0.01033783
0.0,0.01034,0.01033783
0.0,0.00673,0.006729126
0.0,-0.00476,0.004760742
0.0,-0.05548,0.055480957
0.0,-0.02142,0.02142334
0.0,-0.00745,0.0074501038
0.0,-0.00671,0.0067100525
0.0,0.2003,0.20031738
0.0,-0.00878,0.008781433
0.0,-0.02411,0.024108887
0.0,-0.02599,0.025985718
0.0,0.000935,0.00093507767
0.0,0.1116,0.111572266
0.0,-0.006622,0.0066223145
0.0,-0.00853,0.008529663
0.0,-0.004143,0.004142761
0.0,-0.03842,0.03842163
0.0,0.1797,0.1796875
0.0,-0.02077,0.020767212
0.0,-0.00944,0.009437561
0.0,0.0492,0.049194336
0.0,0.2098,0.20983887
0.0,0.01657,0.016571045
0.0,0.05383,0.053833008
0.0,-0.00511,0.0051116943
0.0,-0.01889,0.01889038
0.0,-0.04916,0.04916382
0.0,0.01988,0.019882202
0.0,0.2559,0.25585938
0.0,-0.00516,0.0051612854
0.0,0.013954,0.013954163
0.0,-0.001296,0.0012960434
0.0,-0.010574,0.010574341
0.0,-0.00614,0.0061416626
0.0,-0.01465,0.0146484375
0.0,-0.006237,0.00623703
0.0,-0.002909,0.0029087067
0.0,-0.0065,0.006500244
0.0,0.018,0.018005371
0.0,-0.01348,0.01348114
0.0,-0.01317,0.013168335
0.0,0.0004418,0.00044178963
0.0,-0.00448,0.0044784546
0.0,0.01073,0.010726929
0.0,-0.00829,0.008293152
0.0,0.05,0.049987793
0.0,0.553,0.55322266
0.0,0.11127,0.11126709
0.0,0.04202,0.042022705
0.0,-0.00129,0.0012903214
0.0,0.02795,0.027954102
0.0,-0.007343,0.0073432922
0.0,-0.00754,0.0075416565
0.0,0.1059,0.105895996
0.0,-0.00555,0.0055503845
0.0,-0.00755,0.007549286
0.0,0.005108,0.0051078796
0.0,-0.0193,0.019302368
0.0,0.002792,0.0027923584
0.0,-0.010925,0.010925293
0.0,-0.01069,0.010688782
0.0,-0.01596,0.015960693
0.0,0.2086,0.20861816
0.0,0.4631,0.46313477
0.0,0.12054,0.12054443
0.0,0.009544,0.009544373
0.0,0.0853,0.08532715
0.0,0.1035,0.103515625
0.0,-0.003664,0.0036640167
0.0,0.04453,0.044525146
0.0,0.3174,0.3173828
0.0,-0.00712,0.007118225
0.0,-0.01733,0.017333984
0.0,-0.01522,0.015220642
0.0,0.04053,0.040527344
0.0,0.02498,0.024978638
0.0,0.02281,0.02281189
0.0,0.00936,0.009361267
0.0,0.05417,0.0541687
0.0,0.02687,0.026870728
0.0,0.003641,0.0036411285
0.0,0.0244,0.024398804
0.0,-0.01333,0.013328552
0.0,0.00503,0.0050315857
0.0,-0.01298,0.0129776
0.0,-0.02231,0.02230835
0.0,-0.04608,0.046081543
0.0,-0.01694,0.016937256
0.0,0.08014,0.08013916
0.0,-0.01608,0.016082764
0.0,-0.001631,0.0016307831
0.0,0.00327,0.0032691956
0.0,0.002716,0.0027160645
0.0,-0.02719,0.027191162
0.0,0.005013,0.005012512
0.0,-5.8e-06,5.7816505e-06
0.0,-0.03653,0.03652954
0.0,0.0385,0.038513184
0.0,-0.0471,0.047088623
0.0,0.10864,0.10864258
0.0,0.03183,0.031829834
0.0,0.001483,0.0014829636
0.0,-0.02313,0.023132324
0.0,0.02397,0.023971558
0.0,-0.0066,0.0065994263
0.0,-0.008316,0.00831604
0.0,-0.006706,0.006706238
0.0,-0.02591,0.025909424
0.0,-0.02164,0.021636963
0.0,-0.01291,0.012908936
0.0,0.0466,0.04660034
0.0,-0.000706,0.00070619583
0.0,-0.02292,0.022918701
0.0,-0.000718,0.00071811676
0.0,-0.01207,0.012069702
0.0,-0.06903,0.06903076
0.0,0.04468,0.044677734
0.0,0.02406,0.02406311
0.0,-0.0366,0.036590576
0.0,0.03047,0.030471802
0.0,-0.003368,0.0033683777
0.0,0.4316,0.43164062
0.0,0.010765,0.010765076
0.0,-0.01001,0.010009766
0.0,0.01399,0.01399231
0.0,-0.010376,0.010375977
0.0,-0.005306,0.005306244
0.0,-0.01242,0.012420654
0.0,-0.02661,0.026611328
0.0,0.06415,0.06414795
0.0,-0.05762,0.057617188
0.0,-0.02205,0.02204895
0.0,0.002134,0.0021343231
0.0,0.05347,0.053466797
0.0,-0.01168,0.011680603
0.0,0.00069,0.00068998337
0.0,-0.01297,0.012969971
0.0,-0.00868,0.008682251
0.0,0.0004358,0.00043582916
0.0,-0.02248,0.022476196
0.0,0.02164,0.021636963
0.0,-0.0415,0.041503906
0.0,0.0431,0.04309082
0.0,-0.013054,0.013053894
0.0,0.0931,0.09307861
0.0,-0.006065,0.0060653687
0.0,-0.005753,0.0057525635
0.0,0.006145,0.0061454773
0.0,-0.07355,0.07354736
0.0,-0.0314,0.031402588
0.0,-0.10095,0.10095215
0.0,-0.02864,0.028640747
0.0,-0.001279,0.0012788773
0.0,-0.0679,0.067871094
0.0,-0.01585,0.015853882
